name_alessi,E(B-V),s_E(B-V),A_V_calc,s_A_V_calc,AV50,s_AV50,E(BP-RP),s_E(BP-RP),E(U-B),s_E(U-B),E(U-BP),s_E(U-BP),E(U-G),s_E(U-G),E(U-RP),s_E(U-RP)
ASCC_105,0.12135,0.00659519052838329,0.376185,0.0204450906379882,0.507996805,0.212003195,0.20885,0.0022650635094611,0.0901,0.0051,0.1726,0.0126,0.2601,0.0151,0.3476,0.0475999999999999
ASCC_107,0.4326,0.0130903810567666,1.34106,0.040580181275976464,1.52046615,0.03953385,0.6426,0.0333603367391252,0.3276,0.00760000000000001,0.6551,0.0251,0.9726,0.0126,1.2826,0.0576
ASCC_108,0.14135,0.00424578098794424,0.43818500000000005,0.013161921062627143,0.43545975,0.0645402499999999,0.2351,0.0001,0.1176,0.0026,0.2101,0.0101,0.3076,0.0176,0.4251,0.0301
ASCC_11,0.23635,0.00749509972887452,0.732685,0.02323480915951101,0.824493905,0.0955060950000002,0.35885,0.0109253175473055,0.1951,0.0001,0.3501,0.00510000000000001,0.4701,0.00509999999999998,0.7051,0.0151
ASCC_111,0.2001,0.00363553390593273,0.62031,0.011270155108391463,0.690406005,0.019593995,0.3151,0.0123474487139159,0.1501,0.0001,0.2951,0.0101,0.4201,0.0151,0.5951,0.0351
ASCC_113,0.1176,0.0026,0.36456,0.00806,,,0.1726,0.00259999999999999,0.0551,0.0001,0.1201,0.0001,0.1951,0.0101,0.2976,0.0126
ASCC_114,0.31635,0.0268803566070357,0.9806850000000001,0.08332910548181068,1.07278274,0.01721726,0.45385,0.0130301005409857,0.2351,0.0001,0.4351,0.0201,0.5751,0.0151,0.9126,0.0476
ASCC_115,0.25135,0.00554862367942585,0.7791850000000001,0.017200733406220133,0.92326831,0.12673169,0.39135,0.0152554445662277,0.2176,0.00760000000000001,0.3901,0.0151,0.5276,0.0026,0.7651,0.0401
ASCC_12,0.2576,0.0026,0.79856,0.00806,0.84957541,0.140424590000001,0.3976,0.00760000000000001,0.1876,0.0026,0.3601,0.00510000000000001,0.5226,0.0026,0.7576,0.00760000000000001
ASCC_125,0.8201,0.0001,2.54231,0.00031,3.417376165,0.407376165,1.26135,0.0231149407994024,0.5726,0.00760000000000001,1.1801,0.0401,1.7651,0.0751000000000001,2.3976,0.0826
ASCC_127,0.1301,0.0001,0.40331,0.00031,,,0.25385,0.0171934929139717,0.1126,0.0026,0.2001,0.0201,0.3051,0.0350999999999999,0.4401,0.0451
ASCC_13,0.2226,0.00569016994374948,0.69006,0.017639526825623388,0.65846444,0.04153556,0.3626,0.0109972473588517,0.1351,0.0001,0.2876,0.00759999999999998,0.4426,0.0126,0.6351,0.0251
ASCC_130,0.4726,0.0104077640640441,1.46506,0.03226406859853671,1.86,,0.7351,0.0001,0.1326,0.00760000000000001,0.4376,0.0026,0.7626,0.0376,1.2176,0.0476
ASCC_18,0.07135,0.00749509972887452,0.221185,0.02323480915951101,0.31404941,0.08595059,0.16135,0.00424578098794425,0.0426,0.0026,0.0976,0.0076,0.1451,0.0200999999999999,0.2201,0.0501
ASCC_19,0.05135,0.0239156986040721,0.159185,0.07413866567262352,0.39486479,0.16513521,0.1901,0.0001,0.0226,0.0226,0.0851,0.0201,0.1576,0.0376,0.2401,0.0601
ASCC_2,0.20385,0.00226506350946109,0.631935,0.007021696879329379,0.59355782,0.00355781999999999,0.3051,0.0001,0.1551,0.0001,0.2801,0.00509999999999998,0.4151,0.00510000000000001,0.5901,0.0101
ASCC_20,0.0151,0.0232840462387393,0.046810000000000004,0.07218054334009183,0.3189854,0.2110146,0.0876,0.0026,0.0126,0.0126,0.0501,0.0001,0.0401,0.0401,0.0751,0.0701
ASCC_21,0.0176,0.0026,0.054560000000000004,0.00806,0.363843415,0.226156585,0.0976,0.014461406616345,0.0301,0.0001,0.0476,0.0126,0.0751,0.0251,0.1201,0.0351
ASCC_23,0.11135,0.0022650635094611,0.345185,0.00702169687932941,0.279833965,0.100166035,0.15135,0.0022650635094611,0.0726,0.0026,0.1326,0.00760000000000001,0.2026,0.00759999999999999,0.2951,0.0151
ASCC_29,0.05385,0.00424578098794425,0.166935,0.013161921062627176,0.203308285,0.096691715,0.1176,0.00443012701892219,0.0326,0.00760000000000001,0.0601,0.0051,0.1126,0.0076,0.1676,0.0176000000000001
ASCC_30,0.15135,0.00749509972887452,0.4691850000000001,0.02323480915951101,0.40340229,0.0665977099999999,0.2276,0.00443012701892219,0.1226,0.0026,0.2126,0.0026,0.3101,0.0101,0.4226,0.0126
ASCC_41,0.0601,0.0001,0.18631,0.00031,0.220230365,0.169769635,0.0801,0.00510000000000001,0.0101,0.0101,0.0376,0.00759999999999999,0.0676,0.0226,0.1226,0.0076
ASCC_45,0.49635,0.0022650635094611,1.538685,0.00702169687932941,2.020395985,0.040395985,0.8401,0.0953627944162891,0.0376,0.0376,0.4551,0.0401,0.7901,0.0501,1.3101,0.0851
ASCC_5,0.2651,0.0207155281280883,0.82181,0.06421813719707374,1.018106395,0.158106395,0.41385,0.0022650635094611,0.1976,0.0026,0.3676,0.0176,0.5451,0.00510000000000001,0.8326,0.0326
ASCC_58,0.1001,0.0001,0.31031,0.00031,0.36399121,0.23600879,0.15385,0.0022650635094611,0.0501,0.0001,0.1126,0.0026,0.1751,0.00509999999999999,0.2676,0.0026
ASCC_6,0.2376,0.00569016994374947,0.73656,0.017639526825623357,0.74826695,0.09173305,0.39135,0.0065951905283833,0.1876,0.0026,0.3426,0.00759999999999998,0.5026,0.0126,0.7126,0.0326
ASCC_62,0.2976,0.0026,0.9225599999999999,0.00806,0.8787026,0.0287026,0.48385,0.0109253175473055,0.1826,0.0026,0.3801,0.0001,0.5601,0.0001,0.8601,0.0101
ASCC_65,0.45135,0.00970143218483577,1.399185,0.030074439772990885,,,0.68385,0.0182572988079174,0.2201,0.0001,0.4876,0.0126,0.8026,0.0026,1.2176,0.0676
ASCC_66,0.06385,0.0130301005409857,0.19793500000000003,0.04039331167705567,0.431167815,0.138832185,0.1551,0.0001,0.0526,0.0176,0.1076,0.0126000000000001,0.1776,0.00759999999999999,0.2051,0.0701
ASCC_67,0.20135,0.00226506350946109,0.624185,0.007021696879329379,0.647001425,0.062998575,0.32885,0.0065951905283833,0.1501,0.0001,0.2726,0.0026,0.4101,0.0101,0.5951,0.0001
ASCC_7,0.48635,0.00829679815537751,1.5076850000000002,0.025720074281670283,1.55,,0.7601,0.0107066017177982,0.2851,0.0001,0.6176,0.0026,0.9476,0.0026,1.3701,0.0100999999999999
ASCC_71,0.2101,0.00363553390593274,0.6513100000000001,0.011270155108391494,0.779664515,0.0303354850000001,0.3701,0.0087602540378444,0.1426,0.00259999999999999,0.3001,0.0151,0.4551,0.0201,0.6576,0.0376
ASCC_77,0.22385,0.00424578098794425,0.693935,0.013161921062627176,0.743124565,0.046875435,0.37385,0.0022650635094611,0.1526,0.00760000000000001,0.3076,0.00760000000000001,0.4601,0.0101,0.6626,0.0276
ASCC_79,0.14135,0.0125373429638327,0.43818500000000005,0.03886576318788137,0.74764834,0.12235166,0.3151,0.0213132034355964,0.0851,0.0101000000000001,0.2176,0.0376,0.3801,0.0600999999999999,0.4826,0.0925999999999999
ASCC_8,0.57935,0.00572916512459886,1.7959850000000002,0.017760411886256468,2.9,,0.83635,0.0195855715851499,0.1751,0.0001,0.5626,0.0126,0.9066,0.0386,1.4226,0.0476
ASCC_85,0.17885,0.00424578098794425,0.554435,0.013161921062627176,0.61522446,0.0947755400000002,0.3126,0.00760000000000001,0.1326,0.0026,0.2576,0.0126,0.3926,0.0176,0.5526,0.0326
ASCC_9,0.73385,0.0164458710382775,2.274935,0.050982200218660255,2.519998925,0.0200010749999999,1.06385,0.0195855715851499,0.1701,0.0001,0.7251,0.0001,1.2251,0.00510000000000001,1.7826,0.00760000000000006
ASCC_93,0.02385,0.0139631706330118,0.073935,0.04328582896233658,2.91464156,0.21535844,1.0301,0.00876025403784439,0.1651,0.1651,0.3901,0.3801,0.6226,0.6126,1.0301,0.7551
ASCC_94,0.55135,0.00749509972887453,1.7091850000000002,0.023234809159511045,2.160522195,0.219477805,0.86885,0.0211282548015759,0.2276,0.00759999999999999,0.6151,0.0001,1.0026,0.00760000000000001,1.4726,0.0326
ASCC_95,0.22885,0.0114880419739304,0.709435,0.03561293011918425,1.11272386,0.32727614,0.3826,0.0144614066163451,0.1751,0.00509999999999999,0.3226,0.0026,0.4876,0.0126,0.6676,0.0326
ASCC_99,0.17135,0.00424578098794424,0.531185,0.013161921062627143,0.860419035,0.169580965,0.2926,0.00760000000000001,0.1376,0.0026,0.2526,0.00760000000000001,0.3601,0.0101,0.5276,0.00760000000000001
Alcaeus,0.2201,0.0204100960115899,0.68231,0.06327129763592869,0.9070373,0.2429627,0.36635,0.0231149407994025,0.1401,0.0151,0.3051,0.0101,0.4401,0.0501,0.6251,0.0351
Alessi_1,0.14135,0.00226506350946109,0.43818500000000005,0.007021696879329379,0.34796443,0.14203557,0.1851,0.0118260393995586,0.0801,0.0001,0.1601,0.00510000000000001,0.2276,0.0276,0.3626,0.0126
Alessi_10,0.1376,0.00569016994374947,0.42656,0.017639526825623357,0.553754225,0.216245775,0.2326,0.00443012701892219,0.1001,0.0101,0.1851,0.0101,0.2901,0.0001,0.4001,0.0251
Alessi_116,0.12135,0.0022650635094611,0.376185,0.00702169687932941,0.316250005,0.183749995,0.1376,0.0044301270189222,0.0551,0.0051,0.1151,0.0151,0.1776,0.0276,0.2801,0.0350999999999999
Alessi_118,0.1326,0.00569016994374948,0.41106,0.017639526825623388,0.24422899,0.05577101,0.2251,0.00363553390593274,0.1351,0.0001,0.2101,0.0001,0.3001,0.0001,0.4226,0.0126
Alessi_12,0.09385,0.0022650635094611,0.290935,0.00702169687932941,0.30349169,0.16650831,0.1476,0.00443012701892219,0.0476,0.0026,0.1076,0.0076,0.1751,0.00509999999999999,0.2526,0.0126
Alessi_135,0.19385,0.00424578098794425,0.600935,0.013161921062627176,0.548891985,0.0911080149999998,0.3226,0.00760000000000001,0.1276,0.0026,0.2626,0.00760000000000001,0.4026,0.0126,0.5726,0.0226
Alessi_15,0.54135,0.00749509972887453,1.678185,0.023234809159511045,2.127181665,0.0971816650000001,0.80135,0.0171934929139716,0.0001,0.0001,0.2726,0.0226,0.6151,0.0401,1.1076,0.0426
Alessi_161,0.3526,0.00839156197588851,1.0930600000000001,0.02601384212525438,1.203417635,0.116582365,0.55635,0.0114880419739303,0.2551,0.00510000000000001,0.4901,0.0101,0.7251,0.0201,1.0101,0.0251
Alessi_17,0.45135,0.00902678553567857,1.399185,0.02798303516060357,1.587192235,0.097192235,0.66385,0.0065951905283833,0.0001,0.0001,0.2651,0.0251,0.5626,0.0476,0.9726,0.0826
Alessi_18,0.1676,0.0076,0.51956,0.02356,0.4797726,0.1302274,0.25885,0.0022650635094611,0.1226,0.0076,0.2201,0.00510000000000001,0.3501,0.0151,0.4801,0.0001
Alessi_19,0.1101,0.0272569512280006,0.34131,0.08449654880680187,0.48604864,0.14395136,0.1851,0.00876025403784438,0.0776,0.0076,0.1626,0.0026,0.2176,0.0275999999999999,0.2701,0.0800999999999999
Alessi_2,0.2076,0.00569016994374947,0.64356,0.017639526825623357,0.73123058,0.15876942,0.30135,0.00970143218483577,0.1626,0.0026,0.2901,0.0001,0.4026,0.00759999999999998,0.5976,0.0026
Alessi_20,0.2376,0.00443012701892219,0.73656,0.01373339375865879,1.058504685,0.411495315,0.3876,0.0161078105935821,0.1926,0.00760000000000001,0.3401,0.00509999999999998,0.4776,0.0176,0.7201,0.0201
Alessi_21,0.0601,0.00622372435695795,0.18631,0.019293545506569646,0.181754825,0.0282451749999999,0.14635,0.00659519052838328,0.0426,0.0026,0.0876,0.0176,0.1426,0.0276,0.1976,0.0576
Alessi_24,0.0976,0.00443012701892219,0.30256000000000005,0.01373339375865879,0.30957881,0.15042119,0.1426,0.00443012701892219,0.0551,0.0051,0.1026,0.0026,0.1651,0.00510000000000001,0.2601,0.0201
Alessi_250,0.71135,0.0225652509445143,2.205185,0.06995227792799433,3.20740227,0.00259772999999997,1.0826,0.0044301270189222,0.1801,0.0001,0.6751,0.0201,1.1851,0.0551000000000001,1.8351,0.1001
Alessi_254,0.0001,0.0001,0.00031,0.00031,1.95,,0.0251,0.0001,0.3026,0.0126,0.2426,0.0276000000000001,0.2626,0.0325999999999999,0.2926,0.0476000000000003
Alessi_257,0.6676,0.0115564392373896,2.06956,0.03582496163590776,2.44590517,0.09409483,0.9526,0.0355436171968945,0.3026,0.0026,0.7476,0.0376,1.1976,0.0576,1.7476,0.1176
Alessi_263,0.4626,0.0104077640640441,1.4340600000000001,0.03226406859853671,0.15,,0.6751,0.0001,0.0951,0.00510000000000001,0.3776,0.0276,0.6851,0.0551,1.1276,0.0976000000000001
Alessi_283,0.14885,0.00424578098794425,0.46143500000000004,0.013161921062627176,0.25,,0.24885,0.00554862367942585,0.1326,0.0026,0.2001,0.00509999999999999,0.3026,0.0226,0.4651,0.0201
Alessi_29,0.29135,0.0120242400177118,0.903185,0.03727514405490658,1.033947995,0.106052005000001,0.4451,0.0218944947177034,0.2326,0.00259999999999999,0.4151,0.00510000000000001,0.5751,0.0251,0.8976,0.0376
Alessi_3,0.07385,0.00970143218483573,0.228935,0.030074439772990763,0.213843645,0.106156355,0.10135,0.00226506350946109,0.0276,0.0026,0.0576,0.0076,0.1026,0.0076,0.1926,0.0426
Alessi_33,0.0776,0.0196256241897666,0.24056000000000002,0.06083943498827646,0.35,,0.1276,0.00760000000000001,0.0301,0.0051,0.0726,0.0076,0.1476,0.0126,0.2651,0.0600999999999999
Alessi_34,0.16635,0.0022650635094611,0.5156850000000001,0.00702169687932941,0.737523205,0.182476795,0.3151,0.0001,0.1101,0.0001,0.2201,0.00510000000000001,0.3476,0.00759999999999998,0.5251,0.0201
Alessi_36,0.0701,0.00622372435695795,0.21731,0.019293545506569646,0.381624375,0.238375625,0.12635,0.0022650635094611,0.0251,0.0051,0.0601,0.0051,0.1051,0.0101,0.1951,0.00510000000000001
Alessi_37,0.1601,0.0001,0.49631,0.00031,0.495720665,0.0842793349999998,0.24135,0.0022650635094611,0.1076,0.0026,0.2101,0.0001,0.3151,0.0001,0.4551,0.00510000000000001
Alessi_40,0.3476,0.00911387818865996,1.07756,0.028253022384845877,1.326171365,0.103828635,0.57635,0.0301780235387899,0.2851,0.0101,0.5801,0.0451,0.7551,0.0101,1.0926,0.0526
Alessi_408,0.35135,0.0175553000547112,1.089185,0.05442143016960472,3.58906016,0.23093984,0.66635,0.0152554445662277,0.4176,0.0126,0.6951,0.0401,0.9376,0.0576,1.3101,0.1001
Alessi_41,0.21385,0.0065951905283833,0.662935,0.02044509063798823,0.937200445,0.252799555,0.3351,0.0118260393995586,0.1751,0.0001,0.3001,0.00510000000000001,0.4276,0.00760000000000001,0.6501,0.0251
Alessi_43,0.2051,0.0001,0.63581,0.00031,1.184245285,0.055754715,0.37135,0.00902678553567857,0.1451,0.0001,0.2926,0.0276,0.4126,0.00759999999999998,0.6651,0.0351
Alessi_432,0.3926,0.00760000000000001,1.21706,0.023560000000000032,1.571617305,0.238382694999999,0.5876,0.0044301270189222,0.1751,0.0151,0.4101,0.0201,0.6551,0.0401,1.0326,0.0626
Alessi_443,0.7376,0.0044301270189222,2.28656,0.01373339375865882,2.27890208,0.0310979200000001,1.0251,0.00622372435695791,0.3671,0.0251,0.8526,0.0626,1.2976,0.0576,1.9051,0.0951
Alessi_452,0.6051,0.00622372435695795,1.87581,0.019293545506569646,2.44796578,0.11796578,0.8726,0.00760000000000001,0.0001,0.0001,0.3326,0.00760000000000001,0.7276,0.0176,1.2451,0.0551000000000001
Alessi_49,0.3701,0.00363553390593274,1.14731,0.011270155108391494,1.60151874,0.06151874,0.5726,0.0130903810567666,0.0476,0.0026,0.2801,0.0151,0.5326,0.00760000000000001,0.8526,0.0226
Alessi_5,0.1276,0.0076,0.39555999999999997,0.02356,0.62636538,0.22363462,0.27635,0.0065951905283833,0.0826,0.0126,0.1926,0.0326,0.2976,0.0426000000000003,0.4176,0.0876
Alessi_50,0.0001,0.0001,0.00031,0.00031,1.95,,0.0251,0.0001,0.3026,0.0126,0.2426,0.0276000000000001,0.2626,0.0325999999999999,0.2926,0.0476000000000003
Alessi_52,0.4676,0.0115564392373896,1.4495600000000002,0.03582496163590776,1.860968965,0.179031035,0.7126,0.0130903810567666,0.2951,0.0101,0.6026,0.0176,0.9026,0.0426,1.3276,0.0226000000000001
Alessi_58,0.7776,0.0310232921921325,2.41056,0.09617220579561074,2.910489265,0.0304892650000002,1.1876,0.0189745860881769,0.2876,0.0576000000000001,0.9001,0.0351,1.4876,0.0126,2.1176,0.0126
Alessi_59,0.3501,0.00800569415042094,1.08531,0.024817651866304916,1.42899868,0.01100132,0.50135,0.0022650635094611,0.0001,0.0001,0.2026,0.0176,0.4076,0.0476000000000002,0.7576,0.0726
Alessi_6,0.2276,0.00759999999999999,0.70556,0.02355999999999997,0.779877535,0.110122465,0.32885,0.0130301005409857,0.1751,0.0001,0.3001,0.0101,0.4376,0.0176,0.6551,0.0351
Alessi_60,0.25885,0.00424578098794425,0.8024350000000001,0.013161921062627176,0.6497853,0.1702147,0.42385,0.0109253175473055,0.1876,0.0026,0.3526,0.00760000000000001,0.5176,0.0026,0.7726,0.0176
Alessi_62,0.23885,0.00970143218483576,0.7404350000000001,0.03007443977299086,0.982664945,0.117335055000001,0.33635,0.00970143218483576,0.1776,0.0026,0.3326,0.0026,0.4576,0.0026,0.6901,0.0151
Alessi_65,0.4076,0.0104077640640441,1.26356,0.03226406859853671,1.45378801,0.0237880100000001,0.5776,0.0304108891324553,0.0001,0.0001,0.1251,0.0351,0.3876,0.0876000000000002,0.7776,0.1226
Alessi_72,0.1601,0.00363553390593274,0.49631,0.011270155108391494,0.60248859,0.0775114099999999,0.2501,0.0001,0.1001,0.0001,0.1926,0.0026,0.3001,0.0101,0.4476,0.00760000000000001
Alessi_76,0.3901,0.00622372435695795,1.20931,0.019293545506569646,1.32878913,0.04878913,0.5976,0.0193028643696715,0.2526,0.0026,0.5101,0.0101,0.7576,0.00760000000000001,1.0926,0.0326
Alessi_8,0.07385,0.0164458710382775,0.228935,0.050982200218660255,0.419337815,0.150662185,0.17385,0.0082967981553775,0.0376,0.0126,0.1176,0.0176,0.1676,0.0326,0.2201,0.0951
Alessi_80_A,0.23385,0.00749509972887452,0.724935,0.02323480915951101,0.8489725,0.1510275,0.40135,0.0130301005409857,0.1601,0.00510000000000001,0.3301,0.0151,0.5001,0.0101,0.7126,0.0376
Alessi_80_B,0.1876,0.00569016994374948,0.58156,0.017639526825623388,0.84100831,0.19899169,0.32135,0.0022650635094611,0.1226,0.0026,0.2476,0.0026,0.3701,0.00510000000000001,0.5476,0.0176
Alessi_83,0.1926,0.00911387818865997,0.59706,0.028253022384845908,,,0.3051,0.0087602540378444,0.1276,0.0026,0.2676,0.0126,0.3951,0.0201,0.5451,0.0451
Alessi_87,0.24385,0.00424578098794425,0.755935,0.013161921062627176,0.87967843,0.06032157,0.3901,0.0001,0.1701,0.0001,0.3326,0.0026,0.4951,0.0001,0.7101,0.0151
Alessi_9,0.05885,0.00554862367942584,0.182435,0.017200733406220105,0.302755985,0.187244015,0.0926,0.0044301270189222,0.0076,0.0026,0.0276,0.0126,0.0701,0.0151,0.1351,0.0250999999999999
Alessi_95,0.3276,0.00760000000000001,1.01556,0.023560000000000032,1.25235238,0.04764762,0.4501,0.00363553390593274,0.2726,0.00760000000000001,0.4951,0.00510000000000001,0.7201,0.0001,0.9676,0.0176
Alessi_96,0.18635,0.00554862367942585,0.577685,0.017200733406220133,0.69092485,0.32907515,0.26635,0.0022650635094611,0.1251,0.0001,0.2401,0.0101,0.3601,0.00510000000000001,0.5226,0.0276
Alessi_98,0.3251,0.0197850196850295,1.00781,0.06133356102359145,1.67954844,0.250451559999999,0.52135,0.00970143218483577,0.3201,0.0001,0.5551,0.0101,0.7501,0.0301,1.0526,0.0376000000000001
Alessi-Teutsch_1,0.2576,0.0026,0.79856,0.00806,0.93,,0.3951,0.0146773797371133,0.2201,0.0001,0.3951,0.00510000000000001,0.5426,0.0026,0.7901,0.0201
Alessi-Teutsch_11,0.0776,0.00443012701892219,0.24056000000000002,0.01373339375865879,0.28214061,0.17785939,0.1101,0.00363553390593274,0.0401,0.0001,0.0801,0.00510000000000001,0.1351,0.00510000000000001,0.1976,0.00759999999999999
Alessi-Teutsch_12,0.0826,0.0026,0.25606,0.00806,0.31158621,0.10841379,0.18385,0.00424578098794425,0.0476,0.00759999999999999,0.1101,0.0201,0.1851,0.0351,0.2651,0.0451
Alessi-Teutsch_3,0.1501,0.0001,0.46531000000000006,0.00031,0.625631685,0.114368315,0.27635,0.00902678553567854,0.0976,0.0026,0.2051,0.0151,0.3126,0.0026,0.4801,0.0301
Alessi-Teutsch_5,0.31135,0.0065951905283833,0.9651850000000001,0.02044509063798823,1.160985905,0.249014095,0.4901,0.00622372435695795,0.2326,0.00759999999999999,0.4301,0.0001,0.6301,0.00510000000000001,0.8976,0.0176
Alessi-Teutsch_7,0.08635,0.00424578098794425,0.267685,0.013161921062627176,0.307972515,0.102027485,0.1651,0.0001,0.0676,0.0076,0.1226,0.0076,0.1876,0.00760000000000001,0.2701,0.0251
Alessi-Teutsch_8,0.1476,0.00443012701892219,0.45756,0.01373339375865879,0.475823635,0.00582363500000002,0.2701,0.00622372435695795,0.1126,0.0026,0.2151,0.0151,0.3251,0.0151,0.4676,0.0376
Alessi-Teutsch_9,0.2051,0.00622372435695794,0.63581,0.019293545506569615,0.795987675,0.0940123249999995,0.33635,0.0139631706330118,0.1726,0.00259999999999999,0.3076,0.00760000000000001,0.4701,0.0401,0.6101,0.0351
Alicante_1,0.5126,0.00760000000000001,1.58906,0.023560000000000032,1.653449425,0.0565505749999999,0.74885,0.0109253175473055,0.1976,0.0225999999999998,0.5226,0.0126,0.8401,0.0451,1.3201,0.0551000000000001
Alicante_2,0.39885,0.0244349029174147,1.236435,0.07574819904398558,3.876178815,0.0238211849999999,0.77885,0.0109253175473055,0.1026,0.0125999999999999,0.4176,0.0026,0.7276,0.0426,1.1226,0.0876
Alicante_6,0.0151,0.0001,0.046810000000000004,0.00031,0.0,0.0,0.0351,0.0001,0.0001,0.0001,0.0001,0.0001,0.0001,0.0001,0.0001,0.0001
Anon_0103+61,0.6176,0.0044301270189222,1.9145600000000003,0.01373339375865882,1.953506235,0.116493765,0.9126,0.0044301270189222,0.3651,0.00510000000000001,0.7601,0.0001,1.1476,0.00760000000000006,1.6701,0.0001
Antalova_2,0.38385,0.00970143218483577,1.1899350000000002,0.030074439772990885,1.91774183,0.322258169999999,0.6101,0.0001,0.2701,0.00510000000000001,0.5176,0.0026,0.7776,0.0126,1.1526,0.0176
Apriamasvili_1,0.43885,0.0130301005409858,1.360435,0.04039331167705598,1.890699725,0.319300275,0.6851,0.00622372435695791,0.2926,0.0026,0.5976,0.0126,0.8751,0.0101,1.2226,0.0526
Arp-Madore_2,0.3826,0.00760000000000001,1.1860600000000001,0.023560000000000032,1.447081295,0.137081295,0.61135,0.0195855715851499,0.1201,0.0101,0.3626,0.00760000000000001,0.6826,0.00759999999999995,0.9826,0.0126
Auner_1,0.3426,0.0135629120178363,1.06206,0.04204502725529253,1.305825055,0.305825055,0.4451,0.183607493035026,0.1476,0.00759999999999999,0.3976,0.0026,0.3276,0.2476,0.9476,0.0176
Aveni-Hunter_1,0.06635,0.00424578098794425,0.20568500000000003,0.013161921062627176,0.64830521,0.18169479,0.1651,0.00622372435695795,0.0451,0.0051,0.0901,0.0101000000000001,0.1526,0.0226,0.2276,0.0476
BBJ_5,0.06635,0.0244349029174147,0.20568500000000003,0.07574819904398558,0.52737133,0.17262867,0.10385,0.00226506350946109,0.0326,0.0026,0.0626,0.0026,0.1351,0.0351,0.2126,0.0475999999999999
BBJ_6,0.13135,0.00902678553567856,0.407185,0.027983035160603534,0.345807895,0.0458078950000002,0.21135,0.00829679815537751,0.0851,0.0001,0.1551,0.00510000000000001,0.2801,0.0101,0.3676,0.0126
BDB_160,0.3551,0.0101,1.10081,0.03131,2.65,,0.5976,0.0193028643696715,0.2001,0.0101,0.4551,0.0101,0.6751,0.0301,1.0001,0.0751
BDB_162,0.6026,0.0161078105935821,1.86806,0.04993421284010451,2.17784002,0.12215998,0.9201,0.0184711730708738,0.3501,0.0101,0.7701,0.0001,1.1901,0.00510000000000001,1.6701,0.0151
BDB_191,0.34385,0.00424578098794423,1.065935,0.013161921062627114,1.29155691,0.11844309,0.5401,0.0001,0.2701,0.0001,0.4851,0.0001,0.7026,0.00760000000000001,1.0251,0.0001
BDB_214,0.04885,0.0022650635094611,0.151435,0.00702169687932941,,,0.86635,0.0195855715851499,0.1926,0.1926,0.3951,0.3951,0.5926,0.5926,0.8276,0.8276
BDB_250,0.53885,0.0231149407994024,1.6704350000000001,0.07165631647814744,3.61679113,0.23679113,0.9151,0.0283842712474619,0.2901,0.00510000000000001,0.7176,0.00760000000000001,1.0926,0.0276000000000001,1.5776,0.0626
BDSB_10,0.6451,0.0281624304008046,1.99981,0.08730353424249426,4.697512325,0.0775123249999998,1.7326,0.0459938993767145,0.4901,0.1151,1.2426,0.3676,1.9026,0.6126,2.5676,0.7926
BDSB_30,0.2476,0.0104077640640442,0.76756,0.032264068598537025,2.973979055,0.103979055,1.0551,0.0001,0.2926,0.1676,0.6576,0.3576,0.9626,0.4926,1.3876,0.6826
BDSB_37,0.33635,0.0171934929139717,1.042685,0.05329982803331228,2.805832575,0.155832575,0.6851,0.00876025403784435,0.0851,0.0051,0.3426,0.0176,0.6151,0.0451,0.9676,0.0876
BDSB_46,0.32635,0.0233849200127464,1.011685,0.07249325203951384,2.91182757,0.0218275699999999,0.7051,0.0001,0.1576,0.0126,0.4226,0.0226,0.6951,0.0700999999999993,1.0526,0.1026
BDSB_68,0.17385,0.00424578098794424,0.538935,0.013161921062627143,1.17,,0.30635,0.0065951905283833,0.1176,0.0026,0.2376,0.00759999999999999,0.3601,0.00510000000000001,0.5226,0.0326
BDSB_74,0.3601,0.00717106781186548,1.11631,0.022230310216782987,1.275371065,0.0146289350000001,0.5426,0.0109972473588517,0.2426,0.00760000000000001,0.4701,0.0101,0.7101,0.00510000000000001,1.0151,0.0151
BDSB_8,0.5726,0.0226,1.77506,0.07006,5.01270334,0.0672966600000002,1.0851,0.0693820323027551,0.3726,0.0626,0.8901,0.1251,1.1801,0.0001,1.9701,0.1701
BDSB_82,0.5001,0.00510000000000001,1.55031,0.015810000000000032,2.2310597,0.0789403,0.7251,0.00622372435695795,0.0001,0.0001,0.2826,0.0226,0.5876,0.0476,1.0401,0.0601000000000001
BDSB_85,0.34635,0.0144069039278245,1.073685,0.04466140217625595,1.8,,0.5201,0.0260807621135331,0.0001,0.0001,0.0001,0.0001,0.2226,0.0476,0.5976,0.0926000000000002
BDSB_87,0.2851,0.0118260393995586,0.8838100000000001,0.03666072213863166,0.22,,0.15935,0.00139903810567666,0.1001,0.1001,0.2051,0.2051,0.3051,0.2451,0.4851,0.3551
BDSB_96,0.19635,0.0152554445662277,0.608685,0.047291878155305875,0.89444383,0.07444383,0.28385,0.0164458710382775,0.1451,0.0001,0.2551,0.0151,0.3526,0.00760000000000001,0.5576,0.0426
BH_110,0.4151,0.0560016994374947,1.28681,0.17360526825623357,0.97,,0.92885,0.0303851035989643,0.0001,0.0001,0.2851,0.0201,0.5826,0.1226,1.0851,0.145099999999999
BH_118,0.07885,0.00970143218483577,0.244435,0.030074439772990885,0.05,,0.1426,0.0161078105935821,0.0401,0.0151,0.0651,0.0001,0.1126,0.0026,0.2376,0.0376000000000001
BH_121,0.2501,0.0001,0.7753099999999999,0.00031,1.056912245,0.056912245,0.4651,0.0001,0.1351,0.0401,0.2751,0.0450999999999998,0.4326,0.0376,0.7376,0.0476
BH_122,0.34885,0.00902678553567855,1.081435,0.02798303516060351,1.165963315,0.00403668499999998,0.59635,0.0164458710382775,0.2101,0.00510000000000001,0.4551,0.0001,0.7001,0.0001,1.0526,0.00259999999999995
BH_132,0.4351,0.00717106781186548,1.34881,0.022230310216782987,1.702764885,0.0427648850000001,0.6951,0.0087602540378444,0.2451,0.0001,0.5251,0.0101,0.8176,0.0126,1.2201,0.0201
BH_150,0.27085,0.01261748776712,0.8396349999999999,0.039114212078072,1.26114174,0.03885826,0.7326,0.0044301270189222,0.2211,0.0611,0.4726,0.1126,0.7121,0.1581,1.1251,0.195100000000001
BH_164,0.1051,0.0001,0.32581,0.00031,0.476504745,0.273495255,0.1876,0.0044301270189222,0.0526,0.0026,0.1226,0.0126000000000001,0.2026,0.00759999999999999,0.3051,0.0201
BH_19,0.4351,0.0146773797371133,1.34881,0.04549987718505123,1.65,,0.6726,0.0217506350946109,0.1101,0.0001,0.4001,0.00510000000000001,0.7526,0.0126,1.0926,0.0326
BH_200,0.68385,0.00749509972887449,2.119935,0.02323480915951092,2.396233675,0.156233675,1.0751,0.0174205080756888,0.2601,0.0001,0.7326,0.00760000000000001,1.2401,0.0101,1.8126,0.0276000000000001
BH_205,0.3201,0.0001,0.99231,0.00031,1.38,,0.5726,0.0144614066163451,0.2676,0.0426,0.4576,0.0675999999999999,0.6826,0.1026,1.0051,0.0901
BH_211,0.03885,0.00749509972887449,0.12043500000000001,0.02323480915951092,2.39,,1.17635,0.0164458710382776,0.2801,0.2651,0.5776,0.5526,0.8826,0.7776,1.3001,1.0101
BH_217,0.5351,0.0263202212042538,1.6588100000000001,0.08159268573318677,4.291214015,0.00878598499999983,0.9826,0.00760000000000001,0.4576,0.0026,0.9051,0.0201,1.3376,0.0676,1.8201,0.0901
BH_221,0.24385,0.00970143218483576,0.755935,0.03007443977299086,1.22174249,0.10825751,0.4426,0.0104077640640442,0.2076,0.0126,0.3726,0.0026,0.5651,0.0151,0.7876,0.0226
BH_222,0.9226,0.0161078105935821,2.86006,0.04993421284010451,3.90426926,0.05573074,1.37385,0.0231149407994024,0.1851,0.00510000000000001,0.9201,0.00510000000000001,1.5876,0.0126000000000001,2.2801,0.0201
BH_23,0.0026,0.0026,0.00806,0.00806,0.35576203,0.24423797,0.07385,0.0109253175473054,0.0201,0.0051,0.0301,0.0151,0.0476,0.0276,0.0801,0.0451
BH_231,0.7876,0.00911387818865998,2.44156,0.02825302238484594,3.03264363,0.11735637,1.1401,0.0107066017177982,0.5301,0.0001,1.1001,0.0001,1.6301,0.0151,2.2551,0.0150999999999999
BH_245,1.0871,0.0163634559672906,3.37001,0.05072671349860086,4.397813455,0.132186545,1.6776,0.0293617497767991,0.4611,0.0011,1.3601,0.0551000000000001,2.1576,0.1026,2.9401,0.1601
BH_37,0.74385,0.00902678553567857,2.3059350000000003,0.02798303516060357,2.62016872,0.19983128,1.1251,0.0319198051533946,0.4326,0.00760000000000001,0.9876,0.00760000000000001,1.5201,0.0550999999999999,2.1076,0.0126
BH_54,0.82385,0.0182572988079174,2.553935,0.056597626304543944,2.915078385,0.195078385,1.1976,0.0193028643696715,0.3326,0.0126,0.9451,0.0351,1.5226,0.0326,2.1601,0.0651
BH_56,0.1776,0.00443012701892219,0.55056,0.01373339375865879,0.863376705,0.196623295,0.29385,0.0109253175473055,0.1251,0.0001,0.2451,0.00510000000000001,0.3826,0.0176,0.5351,0.0001
BH_66,0.39635,0.00554862367942585,1.228685,0.017200733406220133,1.876189335,0.0961893349999999,0.6351,0.0118260393995586,0.2451,0.00510000000000001,0.5051,0.00510000000000001,0.7901,0.0101,1.1251,0.0101
BH_67,0.4901,0.012847548783982,1.51931,0.0398274012303442,2.165620295,0.105620295,0.2651,0.00622372435695795,0.2526,0.0126,0.4376,0.1226,0.6651,0.2451,0.9851,0.4001
BH_72,0.64885,0.00970143218483577,2.011435,0.030074439772990885,2.80414611,0.0658538900000001,0.9951,0.0174205080756887,0.3026,0.00760000000000001,0.7351,0.0351,1.2276,0.0126,1.7726,0.0876
BH_73,0.6301,0.0151,1.95331,0.046810000000000004,2.16444224,0.20555776,0.85135,0.0233849200127465,0.4051,0.0201,0.8276,0.0126,1.2401,0.0350999999999999,1.7476,0.0776
BH_75,0.4301,0.00800569415042095,1.33331,0.024817651866304948,1.57549729,0.03549729,0.7276,0.0280508497187474,0.2551,0.0001,0.5951,0.0501,0.8776,0.0576000000000001,1.2601,0.1051
BH_78,0.23635,0.00554862367942584,0.732685,0.017200733406220105,0.745212515,0.044787485,0.3826,0.0109972473588517,0.1601,0.0001,0.3176,0.00760000000000001,0.5051,0.0151,0.6951,0.0101
BH_79,0.5351,0.00717106781186548,1.6588100000000001,0.022230310216782987,3.604688205,0.225311795,0.82635,0.00902678553567857,0.3476,0.0026,0.7126,0.00760000000000001,1.0726,0.00760000000000006,1.5376,0.00759999999999995
BH_84,0.33885,0.00424578098794423,1.050435,0.013161921062627114,1.11933388,0.209333879999999,0.54885,0.00902678553567857,0.2426,0.0026,0.4626,0.00759999999999998,0.6901,0.0101,1.0001,0.0201
BH_87,0.6426,0.00911387818865998,1.99206,0.02825302238484594,2.869085295,0.159085295,0.9626,0.0193028643696715,0.2576,0.00760000000000001,0.7076,0.00760000000000001,1.1676,0.00259999999999995,1.6751,0.0201
BH_88,0.3976,0.0236849528301415,1.23256,0.07342335377343866,1.438608735,0.00139126499999997,0.4576,0.0252246890528022,0.3101,0.0001,0.5276,0.0276,0.7351,0.0601,1.1126,0.142600000000001
BH_90,0.5101,0.00622372435695795,1.58131,0.019293545506569646,1.912006485,0.0620064849999999,0.8201,0.0174205080756887,0.2576,0.00760000000000001,0.6151,0.0151,0.9576,0.0026,1.4326,0.0276
BH_91,0.38635,0.00749509972887453,1.197685,0.023234809159511045,1.60632658,0.203673419999999,0.5401,0.0087602540378444,0.1626,0.0126,0.3851,0.0151,0.6501,0.0251,0.9826,0.0776
BH_92,0.5326,0.0115564392373896,1.65106,0.03582496163590776,1.77754253,0.09754253,0.7926,0.0130903810567666,0.2876,0.0126,0.6526,0.00760000000000001,0.9876,0.0326,1.4401,0.00510000000000001
BH_99,0.0851,0.0001,0.26381,0.00031,0.30605811,0.19394189,0.1476,0.00443012701892219,0.0526,0.00760000000000002,0.1026,0.0076,0.1551,0.0001,0.2451,0.0151
BKL_1,0.77385,0.0443118479595685,2.3989350000000003,0.13736672867466238,2.91495453,0.0649545300000001,1.27885,0.0195855715851498,0.3451,0.0951000000000001,0.9401,0.1251,1.6701,0.0201,2.1926,0.1476
Barba_2,0.2601,0.00622372435695795,0.80631,0.019293545506569646,0.82,,0.41885,0.0022650635094611,0.2026,0.00259999999999999,0.3751,0.0151,0.5301,0.0151,0.7901,0.0101
Barkhatova_1,0.57385,0.0065951905283833,1.778935,0.02044509063798823,2.114320005,0.065679995,0.8826,0.0205633819296811,0.3951,0.0151,0.7951,0.0201,1.1726,0.0626,1.6126,0.0326
Barsony_1,0.2801,0.0191394327646598,0.86831,0.05933224157044538,3.52914031,0.11914031,0.81135,0.0125373429638327,0.2901,0.0300999999999997,0.5801,0.1301,0.8501,0.2251,1.1851,0.3501
Basel_10,0.68885,0.00749509972887448,2.1354349999999998,0.02323480915951089,2.25658076,0.09341924,1.0326,0.0130903810567666,0.4451,0.0101,0.9451,0.0301,1.3751,0.0250999999999999,1.9551,0.0651000000000001
Basel_11_A,0.1376,0.00569016994374947,0.42656,0.017639526825623357,0.3784235,0.1115765,0.24385,0.0022650635094611,0.1026,0.0026,0.1851,0.00510000000000001,0.2876,0.00759999999999998,0.4076,0.0276
Basel_11_B,0.5126,0.0104077640640442,1.58906,0.032264068598537025,1.7133314,0.0966686,0.77885,0.0282458256229943,0.3126,0.0126,0.6751,0.00510000000000001,0.9901,0.00510000000000001,1.4426,0.0326000000000001
Basel_13,0.3401,0.00622372435695793,1.05431,0.019293545506569584,1.487152775,0.007152775,0.5276,0.0135629120178363,0.2976,0.00760000000000001,0.5301,0.0001,0.7851,0.0151,1.0451,0.0201
Basel_18,0.27885,0.00749509972887451,0.864435,0.023234809159510983,0.79976854,0.10976854,0.4576,0.00760000000000001,0.1901,0.0001,0.3776,0.00760000000000001,0.5726,0.0026,0.8251,0.0201
Basel_4,0.40385,0.00554862367942583,1.251935,0.017200733406220074,1.5,,0.62635,0.00902678553567857,0.2826,0.00259999999999997,0.5451,0.00510000000000001,0.8101,0.00509999999999995,1.1751,0.00510000000000001
Basel_8,0.28385,0.00424578098794423,0.879935,0.013161921062627114,0.857648955,0.077648955,0.44885,0.0144069039278245,0.2126,0.0026,0.3976,0.00760000000000001,0.5851,0.0151,0.8401,0.0301
Berkeley_1,0.5801,0.00510000000000001,1.7983099999999999,0.015810000000000032,1.83119656,0.05119656,0.91635,0.0109253175473055,0.3001,0.00510000000000001,0.6951,0.0151,1.0701,0.0101,1.5776,0.0126000000000001
Berkeley_101,0.2951,0.00622372435695795,0.9148099999999999,0.019293545506569646,1.058786235,0.111213765,0.45385,0.0065951905283833,0.2201,0.00510000000000001,0.4151,0.0001,0.6026,0.00760000000000001,0.8701,0.00510000000000001
Berkeley_102,0.21635,0.0241767003553227,0.670685,0.07494777110150037,1.93288069,0.04711931,0.4326,0.0247221445044903,0.1776,0.0026,0.3101,0.00510000000000001,0.5001,0.00510000000000001,0.7026,0.0476
Berkeley_104,0.5176,0.00569016994374948,1.60456,0.017639526825623388,1.788936205,0.101063795,0.82635,0.00970143218483572,0.3651,0.0001,0.7276,0.00760000000000001,1.0726,0.00760000000000006,1.5426,0.0226
Berkeley_11,0.1576,0.0109972473588517,0.48856,0.03409146681244027,2.68161447,0.0316144700000001,0.4176,0.0044301270189222,0.1101,0.0251,0.2026,0.0626,0.3851,0.0751000000000001,0.5701,0.1101
Berkeley_12,0.57385,0.0109253175473055,1.778935,0.03386848439664705,2.63013664,0.0601366400000001,0.87385,0.0130301005409858,0.3326,0.0026,0.7301,0.00510000000000001,1.1176,0.00260000000000006,1.5951,0.0001
Berkeley_14,0.3801,0.00510000000000001,1.17831,0.015810000000000032,1.42,,0.6376,0.0044301270189222,0.0001,0.0001,0.2326,0.00259999999999999,0.4876,0.0026,0.8701,0.0001
Berkeley_14_A,0.22385,0.00424578098794425,0.693935,0.013161921062627176,0.865815215,0.304184785,0.3526,0.0026,0.1601,0.0001,0.3001,0.0001,0.4501,0.00510000000000001,0.6501,0.0101
Berkeley_15,0.3876,0.00569016994374948,1.20156,0.017639526825623388,1.70713924,0.14286076,0.6051,0.0001,0.1451,0.00509999999999999,0.3876,0.0026,0.6301,0.00510000000000001,1.0026,0.00760000000000001
Berkeley_17,0.24135,0.0171934929139717,0.7481850000000001,0.05329982803331228,1.176748065,0.0732519350000001,0.45135,0.0022650635094611,0.2926,0.0026,0.4726,0.0176,0.6501,0.0501,0.8676,0.0726
Berkeley_18,0.15135,0.00749509972887452,0.4691850000000001,0.02323480915951101,1.70822135,0.13822135,0.3151,0.0174205080756888,0.2226,0.0026,0.3176,0.0176,0.4176,0.0026,0.6426,0.0126
Berkeley_19,0.2226,0.00760000000000001,0.69006,0.023560000000000032,0.79804915,0.04804915,0.3426,0.00443012701892217,0.1876,0.0026,0.3276,0.0026,0.4701,0.0001,0.6551,0.0101
Berkeley_27,0.19885,0.00424578098794424,0.6164350000000001,0.013161921062627143,,,0.3051,0.0001,0.1651,0.0001,0.2651,0.00510000000000001,0.3901,0.0101,0.6001,0.0301
Berkeley_31,0.16885,0.00424578098794424,0.523435,0.013161921062627143,0.472764645,0.047235355,0.19635,0.0114880419739304,0.1226,0.0126000000000001,0.1926,0.0176,0.3101,0.0301,0.4301,0.0701000000000001
Berkeley_32,0.15885,0.0022650635094611,0.492435,0.00702169687932941,0.326496565,0.163503435,0.2851,0.00876025403784437,0.1651,0.00510000000000001,0.2626,0.00760000000000001,0.3701,0.0101,0.5426,0.0176
Berkeley_35,0.1601,0.00363553390593274,0.49631,0.011270155108391494,0.32049679,0.0895032100000001,0.2651,0.0001,0.1651,0.0001,0.2476,0.0026,0.3551,0.0101,0.5201,0.0101
Berkeley_37,0.11635,0.00749509972887452,0.360685,0.02323480915951101,0.321680735,0.248319265,0.16135,0.0065951905283833,0.1026,0.0026,0.1526,0.00760000000000001,0.2151,0.0251000000000002,0.3476,0.0375999999999998
Berkeley_39,0.20385,0.00424578098794424,0.631935,0.013161921062627143,0.48422034,0.23577966,0.2276,0.0130903810567666,0.1601,0.0101,0.2651,0.0201,0.3726,0.0376,0.5301,0.0501
Berkeley_4,0.67135,0.0182572988079175,2.081185,0.05659762630454425,2.36551877,0.07551877,0.9576,0.0130903810567666,0.1801,0.0101,0.6601,0.0501,1.0951,0.0350999999999999,1.6351,0.0751
Berkeley_51,0.35885,0.0301780235387899,1.112435,0.0935518729702487,3.308922585,0.0689225849999999,0.7176,0.0176,0.1876,0.0126,0.4951,0.0251,0.7576,0.0676,1.1251,0.1301
Berkeley_55,0.18885,0.00902678553567857,0.585435,0.02798303516060357,0.84,,0.3076,0.00760000000000001,0.1426,0.00259999999999999,0.2351,0.00509999999999999,0.3676,0.0326,0.5876,0.0476
Berkeley_58,0.5001,0.00622372435695795,1.55031,0.019293545506569646,1.80374904,0.10625096,0.77385,0.0022650635094611,0.2576,0.0026,0.5701,0.0001,0.8876,0.0276,1.3526,0.00760000000000006
Berkeley_6,0.5376,0.0161078105935821,1.66656,0.04993421284010451,,,0.82635,0.0412362066797608,0.3026,0.0026,0.7226,0.0126,1.0451,0.0101,1.5501,0.0351
Berkeley_60,0.4801,0.0303076149339864,1.48831,0.09395360629535784,2.48603128,0.13603128,0.5251,0.0502248441394086,0.3776,0.0026,0.5926,0.1076,0.8501,0.2401,1.2951,0.3451
Berkeley_61,0.35885,0.0168238602003246,1.112435,0.05215396662100626,1.38,,0.5301,0.0118260393995586,0.3351,0.00510000000000001,0.5751,0.00510000000000001,0.8051,0.0201,1.0826,0.0226
Berkeley_62,0.72135,0.0125373429638328,2.2361850000000003,0.03886576318788168,2.63330563,0.03669437,1.0476,0.021750635094611,0.2426,0.00760000000000001,0.8026,0.0026,1.2251,0.0101,1.8701,0.0100999999999999
Berkeley_63,0.0001,0.0001,0.00031,0.00031,2.65,,0.2101,0.00876025403784438,0.1201,0.0101,0.1151,0.0251,0.1851,0.0401000000000001,0.2976,0.0576
Berkeley_65,0.8676,0.0126,2.68956,0.039060000000000004,2.92236963,0.01763037,1.3026,0.0252246890528022,0.4101,0.0151,1.0451,0.0001,1.6851,0.00510000000000001,2.3551,0.0001
Berkeley_68,0.43385,0.0199037243971936,1.344935,0.061701545631300155,1.7,,0.64135,0.0022650635094611,0.0126,0.0126,0.2701,0.0151,0.5551,0.0451,1.0226,0.1176
Berkeley_7,0.6526,0.0044301270189222,2.02306,0.01373339375865882,2.084665055,0.025334945,0.9501,0.0174205080756887,0.3376,0.0226,0.8001,0.00510000000000001,1.1826,0.00759999999999995,1.7601,0.00510000000000001
Berkeley_70,0.2976,0.0153069063257455,0.9225599999999999,0.047451409609811056,1.799880605,0.100119395,0.4526,0.0044301270189222,0.2326,0.00259999999999999,0.4051,0.0001,0.6176,0.0176,0.9026,0.0426
Berkeley_71,0.25385,0.0246903944661325,0.786935,0.07654022284501076,3.252114165,0.227885835,0.53385,0.0164458710382775,0.4276,0.0026,0.6201,0.0301,0.7976,0.0576,1.0676,0.132600000000001
Berkeley_73,0.3201,0.00363553390593274,0.99231,0.011270155108391494,0.98140708,0.02859292,0.4901,0.0146773797371133,0.2226,0.0026,0.4176,0.00760000000000001,0.6376,0.00760000000000001,0.9101,0.0201
Berkeley_76,0.44635,0.0239156986040721,1.383685,0.07413866567262352,1.230990665,0.049009335,0.6551,0.0174205080756888,0.2626,0.0026,0.5976,0.0276,0.8526,0.0376,1.2801,0.0450999999999999
Berkeley_77,0.1426,0.00569016994374947,0.44206,0.017639526825623357,0.51308154,0.33691846,0.22385,0.0022650635094611,0.1626,0.0026,0.2326,0.00259999999999999,0.3301,0.0101,0.4626,0.00759999999999998
Berkeley_80,0.31135,0.0241767003553228,0.9651850000000001,0.0749477711015007,3.446619215,0.0533807850000001,0.66135,0.0139631706330118,0.2951,0.0151,0.5576,0.0626,0.7951,0.1101,1.1201,0.1751
Berkeley_81,0.1651,0.0177776695296635,0.51181,0.05511077554195685,2.597362125,0.0826378750000001,0.3826,0.0115564392373896,0.3601,0.0001,0.4801,0.0201,0.5976,0.0326,0.8076,0.0676
Berkeley_82,0.8301,0.0267926956300783,2.5733099999999998,0.08305735645324273,2.84500523,0.06499477,0.6901,0.0184711730708738,0.4651,0.0101,0.9126,0.1426,1.3776,0.2976,1.8526,0.3976
Berkeley_84,0.33635,0.00659519052838328,1.042685,0.02044509063798817,1.45,,0.5351,0.00800569415042095,0.2801,0.00509999999999998,0.5076,0.00760000000000001,0.7301,0.00510000000000001,1.0176,0.0226
Berkeley_85,0.33135,0.022001769334919,1.027185,0.0682054849382489,3.788367985,0.0383679850000001,0.6626,0.0161078105935821,0.4626,0.0226,0.7201,0.0551,0.9476,0.0826,1.3001,0.150100000000001
Berkeley_86,0.7101,0.0227384628453435,2.20131,0.07048923482056485,,,1.02635,0.0303851035989643,0.3951,0.00510000000000001,0.9876,0.0176,1.4501,0.0251,1.9776,0.0226
Berkeley_87,0.29385,0.0114880419739304,0.910935,0.03561293011918425,3.13117111,0.0,0.5176,0.0247221445044903,0.2201,0.0251,0.4376,0.0426,0.6001,0.0251,0.9601,0.0550999999999999
Berkeley_88,0.1126,0.0044301270189222,0.34906000000000004,0.01373339375865882,0.34,,0.1801,0.0155110350074224,0.0626,0.0076,0.1051,0.0101,0.1626,0.0126,0.3101,0.0101
Berkeley_9,0.4076,0.025717376914899,1.26356,0.07972386843618691,3.87553226,0.0255322599999999,0.7951,0.00622372435695795,0.1276,0.00760000000000001,0.4851,0.0551000000000003,0.7826,0.102600000000001,1.1801,0.1551
Berkeley_90,0.4076,0.025717376914899,1.26356,0.07972386843618691,3.87553226,0.0255322599999999,0.7951,0.00622372435695795,0.1276,0.00760000000000001,0.4851,0.0551000000000003,0.7826,0.102600000000001,1.1801,0.1551
Berkeley_91,0.36385,0.0333368395007708,1.1279350000000001,0.10334420245238948,2.920154865,0.180154865,0.6351,0.0001,0.2951,0.0001,0.5651,0.00509999999999995,0.8376,0.0426,1.1151,0.0901000000000001
Berkeley_93,0.3476,0.00759999999999998,1.07756,0.02355999999999994,1.45639442,0.0736055800000001,0.5351,0.00510000000000001,0.2751,0.00510000000000001,0.5176,0.0026,0.7326,0.0176,1.0251,0.0201
Berkeley_94,0.2776,0.00839156197588849,0.8605600000000001,0.02601384212525432,1.100064845,0.249935155,0.41385,0.0022650635094611,0.2051,0.0001,0.3851,0.0101,0.5751,0.00510000000000001,0.7951,0.0151
Berkeley_96,0.52635,0.0065951905283833,1.631685,0.02044509063798823,1.83675338,0.06675338,0.7201,0.0001,0.1301,0.0851,0.4426,0.1076,0.7376,0.1226,1.1851,0.1301
Berkeley_97,0.72885,0.0135047566184545,2.259435,0.04186474551720895,2.670200475,0.030200475,1.1626,0.119917569663217,0.2451,0.0001,0.7626,0.0026,1.6551,0.3751,1.8376,0.0176
Berkeley_98,0.2551,0.0118260393995586,0.79081,0.03666072213863166,1.122557685,0.347442315,0.30385,0.0022650635094611,0.1801,0.0151,0.3301,0.0251,0.4851,0.0451,0.6951,0.0850999999999996
Bica_113,0.6601,0.0107066017177982,2.04631,0.033190465325174424,4.5690115,0.0409885000000001,1.0926,0.0130903810567666,0.3976,0.0426000000000004,0.9701,0.0951,1.4901,0.1101,2.0401,0.1251
Bica_177,0.3151,0.00363553390593274,0.97681,0.011270155108391494,1.214680135,0.095319865,0.48635,0.0109253175473055,0.2451,0.00510000000000001,0.4526,0.0026,0.6751,0.0101,0.9201,0.0101
Bica_2,0.8376,0.0266753645318366,2.59656,0.08269363004869346,5.149083595,0.439083595,1.2451,0.0300999999999999,0.6526,0.00760000000000001,1.3526,0.0276,1.9276,0.0226,2.5901,0.0501000000000001
Bica_248,0.45135,0.00554862367942585,1.399185,0.017200733406220133,1.390027585,0.119972415,0.68635,0.00659519052838325,0.2401,0.0151,0.5376,0.0126,0.8151,0.0301,1.2351,0.0200999999999999
Bica_268,0.4651,0.0309220700148449,1.44181,0.09585841704601919,2.35,,0.6701,0.00510000000000001,0.0001,0.0001,0.2251,0.0151,0.6751,0.1801,0.9826,0.1076
Bica_272,0.4651,0.0128475487839819,1.44181,0.039827401230343895,2.1,,0.6626,0.0044301270189222,0.0176,0.0126,0.2926,0.0376000000000002,0.5801,0.0900999999999997,1.0401,0.1251
Bica_3,0.2276,0.0208665596572952,0.70556,0.06468633493761512,2.9,,0.45135,0.0022650635094611,0.0826,0.0076,0.2451,0.00510000000000001,0.4201,0.0251,0.6551,0.0451
Bica_329,0.31385,0.0144069039278245,0.9729350000000001,0.04466140217625595,1.099493825,0.239493825,0.45885,0.0384038836151114,0.0001,0.0001,0.0151,0.0151,0.1876,0.0576,0.5001,0.0850999999999999
Bica_546,0.54135,0.00749509972887453,1.678185,0.023234809159511045,2.572718065,0.362718064999999,0.8101,0.0174205080756887,0.3701,0.00510000000000001,0.7401,0.00510000000000001,1.1201,0.0151,1.5626,0.0276000000000001
Biurakan_2,0.37385,0.0144069039278245,1.158935,0.04466140217625595,1.247776735,0.162223265,0.58885,0.0307950728945217,0.2751,0.00510000000000001,0.5601,0.0301,0.8451,0.0301,1.1476,0.0376
Blanco_1,0.0651,0.00717106781186547,0.20181000000000002,0.02223031021678296,0.62,,0.14885,0.0022650635094611,0.0101,0.0051,0.0526,0.0126,0.1026,0.0226,0.1976,0.0176
Bochum_10,0.3101,0.00622372435695795,0.96131,0.019293545506569646,1.21714539,0.04285461,0.46135,0.00424578098794425,0.1576,0.0126,0.3376,0.0226,0.5501,0.0401,0.8426,0.0526
Bochum_11,0.4326,0.00760000000000001,1.34106,0.023560000000000032,1.84,,0.6651,0.0351,0.0076,0.0026,0.2301,0.0501,0.5726,0.0576,0.9701,0.1601
Bochum_12,0.1601,0.00363553390593274,0.49631,0.011270155108391494,1.92,,0.2776,0.0026,0.1051,0.0001,0.2076,0.0026,0.3126,0.00760000000000001,0.4726,0.0126
Bochum_13,0.7776,0.0310232921921325,2.41056,0.09617220579561074,2.910489265,0.0304892650000002,1.1876,0.0189745860881769,0.2876,0.0576000000000001,0.9001,0.0351,1.4876,0.0126,2.1176,0.0126
Bochum_14,0.4726,0.0293617497767991,1.46506,0.09102142430807722,4.123614895,0.096385105,0.89635,0.0301780235387899,0.2101,0.00510000000000001,0.5726,0.0226,0.8926,0.0526,1.3951,0.1001
Bochum_15,0.3826,0.00760000000000001,1.1860600000000001,0.023560000000000032,1.447081295,0.137081295,0.61135,0.0195855715851499,0.1201,0.0101,0.3626,0.00760000000000001,0.6826,0.00759999999999995,0.9826,0.0126
Bochum_3,0.21885,0.00424578098794425,0.678435,0.013161921062627176,0.692747215,0.167252785,0.3576,0.0044301270189222,0.1901,0.0001,0.3151,0.00510000000000001,0.4601,0.0001,0.6626,0.0026
Bochum_5,0.3051,0.0188082869338697,0.9458099999999999,0.05830568949499607,1.079364355,0.149364354999999,0.46135,0.0239156986040721,0.1001,0.0200999999999999,0.3026,0.0026,0.5501,0.0501,0.8151,0.0401
Bochum_6,0.4976,0.0115564392373896,1.54256,0.03582496163590776,1.95,,0.7301,0.00717106781186548,0.1376,0.0026,0.4651,0.0201,0.7776,0.0576,1.2351,0.0600999999999999
Bochum_9,0.4001,0.0207155281280883,1.24031,0.06421813719707374,1.84569945,0.0743005499999999,0.6601,0.00510000000000001,0.0501,0.0101,0.2926,0.0126,0.5926,0.0476,1.0426,0.1076
Brandt_1,0.06635,0.0244349029174147,0.20568500000000003,0.07574819904398558,0.52737133,0.17262867,0.10385,0.00226506350946109,0.0326,0.0026,0.0626,0.0026,0.1351,0.0351,0.2126,0.0475999999999999
Briceno_1,0.01635,0.0022650635094611,0.050685,0.00702169687932941,0.35867813,0.18132187,0.08385,0.00970143218483573,0.0376,0.0026,0.0351,0.0051,0.0751,0.0201,0.1051,0.0151
CBB_14,0.0551,0.0170558249578132,0.17081000000000002,0.052873057369220926,2.39,,0.26635,0.0022650635094611,0.0701,0.0001,0.1151,0.0101,0.2026,0.0375999999999999,0.3051,0.0801
CCCP-Cl_2,0.22385,0.0022650635094611,0.693935,0.00702169687932941,4.34,,0.41635,0.0022650635094611,0.0501,0.0051,0.1751,0.0251000000000001,0.3201,0.0301,0.6001,0.0351
CHS_1,0.6026,0.0115564392373896,1.86806,0.03582496163590776,2.5758336,0.0141663999999999,0.87135,0.00829679815537751,0.1551,0.0001,0.5576,0.0276,0.9526,0.0476,1.4526,0.0676
CKCWDM_27033,0.24635,0.0120242400177118,0.7636850000000001,0.03727514405490658,0.695538945,0.244461055,0.35885,0.0022650635094611,0.1901,0.00510000000000001,0.3426,0.0126,0.5001,0.0251,0.6951,0.00510000000000001
CKCWDM_38001,0.4976,0.00569016994374948,1.54256,0.017639526825623388,2.15558612,0.0355861200000001,0.72385,0.0022650635094611,0.2726,0.0126,0.5901,0.0201,0.8851,0.0501000000000001,1.3351,0.0401
CKCWDM_38158,0.3726,0.0306163890393343,1.15506,0.09491080602193633,1.3,,0.56385,0.00659519052838325,0.0376,0.0026,0.2476,0.0126,0.5401,0.0650999999999998,0.9476,0.1476
CKCWDM_45936,0.45135,0.00902678553567857,1.399185,0.02798303516060357,1.587192235,0.097192235,0.66385,0.0065951905283833,0.0001,0.0001,0.2651,0.0251,0.5626,0.0476,0.9726,0.0826
CKCWDM_46139,0.30885,0.00749509972887453,0.957435,0.023234809159511045,1.25,,0.5451,0.0319198051533946,0.2501,0.00510000000000001,0.4551,0.0201,0.7201,0.0701,0.9651,0.0551
CKCWDM_46434,0.3451,0.00363553390593272,1.0698100000000001,0.011270155108391433,1.49347659,0.29652341,0.5526,0.0179535710713571,0.2701,0.00510000000000001,0.4926,0.00760000000000001,0.7201,0.0151,1.0101,0.00510000000000001
CKCWDM_58488,0.49235,0.00237760839478608,1.5262850000000001,0.007370586023836848,1.86,,0.15635,0.0152554445662277,0.1861,0.0960999999999999,0.3426,0.2476,0.5351,0.3751,0.8201,0.5601
CKCWDM_59705,0.22635,0.00554862367942584,0.701685,0.017200733406220105,0.446739755,0.083260245,0.3776,0.0044301270189222,0.2176,0.0026,0.3476,0.0026,0.5001,0.00510000000000001,0.7276,0.0026
CKCWDM_60019,0.2151,0.0118260393995586,0.66681,0.03666072213863166,0.62062488,0.38937512,0.28135,0.00226506350946107,0.1151,0.0051,0.2376,0.0126,0.3626,0.0176,0.5701,0.0650999999999994
CKCWDM_60343,0.2251,0.00363553390593274,0.69781,0.011270155108391494,0.70723597,0.02276403,0.3351,0.0174205080756888,0.1876,0.0026,0.3001,0.0201,0.4401,0.0351,0.6576,0.0526
CKCWDM_63692,0.08885,0.00659519052838329,0.275435,0.0204450906379882,0.21402441,0.00597559,0.12135,0.0022650635094611,0.0701,0.0051,0.1151,0.0051,0.1701,0.0001,0.2601,0.0201
CMa_11,0.3351,0.00363553390593274,1.03881,0.011270155108391494,1.225619385,0.015619385,0.53385,0.00554862367942585,0.2751,0.00510000000000001,0.4876,0.0026,0.7026,0.0026,1.0226,0.00259999999999995
CMa_26,0.36635,0.00424578098794425,1.135685,0.013161921062627176,1.05712604,0.09287396,0.57135,0.00554862367942585,0.2301,0.00509999999999999,0.4501,0.0101,0.6851,0.0101,1.0376,0.0276
COAA_14,0.0826,0.0026,0.25606,0.00806,0.54260924,0.25739076,0.15885,0.0065951905283833,0.0251,0.0051,0.0876,0.0126,0.1376,0.00759999999999999,0.2251,0.0101
COIN-Gaia_10,0.2551,0.0188082869338697,0.79081,0.05830568949499607,,,0.41635,0.00902678553567855,0.2126,0.0026,0.4301,0.0101,0.5576,0.0626,0.8676,0.0026
COIN-Gaia_11,0.40885,0.0125373429638327,1.267435,0.03886576318788137,1.828854895,0.0611451049999999,0.56135,0.0256868618630734,0.4151,0.00510000000000001,0.6851,0.0101,0.9351,0.00509999999999995,1.2626,0.0376
COIN-Gaia_12,0.1576,0.0044301270189222,0.48856,0.01373339375865882,0.34589002,0.0741099799999999,0.23885,0.00554862367942584,0.1226,0.0026,0.2176,0.0026,0.3076,0.0026,0.4576,0.0026
COIN-Gaia_13,0.12635,0.0022650635094611,0.391685,0.00702169687932941,0.413273465,0.186726535,0.2001,0.00509999999999999,0.0751,0.0001,0.1526,0.00760000000000001,0.2376,0.0026,0.3501,0.0151
COIN-Gaia_14,0.22385,0.0065951905283833,0.693935,0.02044509063798823,0.728725555,0.021274445,0.3426,0.00443012701892217,0.1726,0.00259999999999999,0.3251,0.00510000000000001,0.4551,0.0101,0.6601,0.0151
COIN-Gaia_15,0.32635,0.049264901098243,1.011685,0.15272119340455328,,,0.58135,0.0828930401664292,0.3251,0.00510000000000001,0.5551,0.0551,0.6676,0.0126,1.1176,0.1376
COIN-Gaia_16,0.26385,0.00749509972887453,0.817935,0.023234809159511045,0.90905539,0.17094461,0.3976,0.0179535710713571,0.1926,0.0126,0.3601,0.00510000000000001,0.5551,0.00510000000000001,0.7726,0.0176
COIN-Gaia_18,0.2751,0.00363553390593274,0.8528100000000001,0.011270155108391494,0.81221857,0.04778143,0.43635,0.0130301005409858,0.1951,0.0001,0.3926,0.0176,0.5851,0.0301,0.8176,0.0326
COIN-Gaia_19,0.2551,0.0107066017177982,0.79081,0.033190465325174424,0.771523695,0.028476305,0.39885,0.00829679815537751,0.1901,0.0001,0.3676,0.0026,0.5301,0.0101,0.7376,0.0376
COIN-Gaia_20,0.24885,0.0109253175473055,0.771435,0.03386848439664705,0.80031062,0.0896893799999995,0.3776,0.0176,0.1451,0.0001,0.3376,0.00759999999999998,0.5051,0.0101,0.7076,0.0026
COIN-Gaia_21,0.44135,0.00554862367942585,1.3681850000000002,0.017200733406220133,1.3841328,0.1158672,0.6726,0.0179535710713571,0.3001,0.0001,0.6026,0.0026,0.9101,0.0151,1.2626,0.00760000000000006
COIN-Gaia_24,0.2901,0.00945414346693484,0.89931,0.029307844747498004,0.82666336,0.04333664,0.4151,0.0001,0.1801,0.0001,0.3801,0.0101,0.5326,0.0026,0.8001,0.0151
COIN-Gaia_25,0.1826,0.0044301270189222,0.56606,0.01373339375865882,0.504706895,0.145293105,0.2726,0.0109972473588517,0.1376,0.00759999999999999,0.2401,0.0101,0.3451,0.0101,0.5176,0.0126
COIN-Gaia_26,0.5026,0.00839156197588851,1.5580600000000002,0.02601384212525438,1.41637379,0.0363737900000001,0.7801,0.0184711730708739,0.3376,0.0026,0.7051,0.00510000000000001,1.0626,0.0326,1.4501,0.0351
COIN-Gaia_27,0.27885,0.0233849200127464,0.864435,0.07249325203951384,,,0.4601,0.0174205080756888,0.2376,0.0026,0.4151,0.00510000000000001,0.6001,0.0351,0.8701,0.00510000000000001
COIN-Gaia_28,0.3126,0.00569016994374948,0.96906,0.017639526825623388,,,0.50385,0.0022650635094611,0.2001,0.0151,0.4151,0.0101,0.6076,0.0126,0.8976,0.0326
COIN-Gaia_29,0.72135,0.0125373429638328,2.2361850000000003,0.03886576318788168,2.63330563,0.03669437,1.0476,0.021750635094611,0.2426,0.00760000000000001,0.8026,0.0026,1.2251,0.0101,1.8701,0.0100999999999999
COIN-Gaia_3,0.63135,0.0148372826531895,1.957185,0.04599557622488745,2.08564364,0.10564364,0.99635,0.0722435201525404,0.4651,0.0101,0.9226,0.0276,1.4651,0.1201,1.8701,0.0551000000000001
COIN-Gaia_30,0.32885,0.00424578098794425,1.0194349999999999,0.013161921062627176,,,0.49135,0.0152554445662277,0.2676,0.0026,0.5051,0.0101,0.7026,0.0026,0.9851,0.0351
COIN-Gaia_31,0.58135,0.0244349029174147,1.8021850000000001,0.07574819904398558,2.151551745,0.138448255,0.84885,0.0109253175473055,0.2976,0.0026,0.6926,0.0026,1.0751,0.0501000000000001,1.6101,0.0600999999999999
COIN-Gaia_33,0.00135,0.0022650635094611,0.004185,0.00702169687932941,2.161844725,0.051844725,0.9176,0.0130903810567666,0.1601,0.1251,0.3751,0.3651,0.5801,0.5151,0.9066,0.7586
COIN-Gaia_34,0.4151,0.0248487373415292,1.28681,0.07703108575874053,1.833153255,0.116846745,0.6126,0.0266753645318366,0.3501,0.0001,0.6276,0.0026,0.8401,0.0101,1.2576,0.0176
COIN-Gaia_35,0.7376,0.0044301270189222,2.28656,0.01373339375865882,2.27890208,0.0310979200000001,1.0251,0.00622372435695791,0.3671,0.0251,0.8526,0.0626,1.2976,0.0576,1.9051,0.0951
COIN-Gaia_36,0.7501,0.00717106781186548,2.32531,0.022230310216782987,2.778932845,0.0410671549999999,1.16635,0.0195855715851498,0.3801,0.0251,0.9151,0.0301,1.4476,0.0726,2.0476,0.0576
COIN-Gaia_38,0.5601,0.00945414346693482,1.7363100000000002,0.029307844747497945,1.67687572,0.0931242800000001,0.6851,0.225266604983954,0.3676,0.0026,0.7351,0.0151,0.8651,0.2501,1.5476,0.0126000000000001
COIN-Gaia_4,0.51135,0.00970143218483577,1.585185,0.030074439772990885,1.693841305,0.176158695,0.80385,0.0205251682979602,0.3251,0.00510000000000001,0.6976,0.0176,1.0376,0.0326000000000001,1.4701,0.0550999999999999
COIN-Gaia_40,0.3026,0.00569016994374948,0.93806,0.017639526825623388,0.85164123,0.03835877,0.48135,0.0189331489666492,0.2351,0.0001,0.4351,0.0101,0.6276,0.0126,0.8751,0.00510000000000001
COIN-Gaia_41,0.2651,0.0001,0.82181,0.00031,0.90201721,0.07798279,0.3851,0.0177776695296637,0.1751,0.00509999999999999,0.3476,0.0026,0.5276,0.0126,0.7376,0.00760000000000001
COIN-Gaia_6,0.40135,0.00829679815537749,1.244185,0.025720074281670217,1.338907555,0.191092445,0.49635,0.22036617420748,0.2701,0.00510000000000001,0.5251,0.00510000000000001,0.5626,0.2476,1.1551,0.00510000000000001
COIN-Gaia_7,0.5176,0.00911387818865998,1.60456,0.02825302238484594,1.648628645,0.081371355,0.77135,0.0199037243971936,0.3751,0.0001,0.7451,0.0101,1.0826,0.0126,1.4951,0.0351
COIN-Gaia_8,0.16635,0.0022650635094611,0.5156850000000001,0.00702169687932941,0.508820045,0.121179955,0.2626,0.0044301270189222,0.1176,0.0076,0.2351,0.0101,0.3326,0.00760000000000001,0.4826,0.0276
COIN-Gaia_9,0.2651,0.00622372435695795,0.82181,0.019293545506569646,1.108228225,0.181771775000001,0.3951,0.0001,0.2276,0.0026,0.3976,0.00760000000000001,0.5776,0.0026,0.7851,0.0151
CSS_4_A,0.4126,0.00569016994374946,1.27906,0.017639526825623326,1.292264605,0.00773539499999998,0.64385,0.00902678553567857,0.2826,0.00259999999999997,0.5551,0.00510000000000001,0.8226,0.0126,1.1826,0.0276
CWNU_101,0.0526,0.00760000000000002,0.16306,0.023560000000000064,0.309918345,0.240081655,0.0901,0.0001,0.0126,0.0026,0.0226,0.0076,0.0701,0.0201,0.1301,0.0250999999999999
CWNU_102,0.1426,0.00839156197588849,0.44206,0.02601384212525432,0.43340807,0.15659193,0.2551,0.0001,0.1051,0.0001,0.2001,0.0001,0.3001,0.0151,0.4301,0.0251
CWNU_1042,0.7501,0.0137930639376292,2.32531,0.04275849820665052,2.916064575,0.256064575,1.1226,0.0193028643696714,0.4826,0.00760000000000001,1.0551,0.0151,1.5501,0.0151,2.1876,0.0126000000000002
CWNU_1043,0.0651,0.00363553390593274,0.20181000000000002,0.011270155108391494,0.10564972,0.01435028,0.08135,0.0022650635094611,0.0276,0.0026,0.0551,0.0101,0.1001,0.0101,0.1501,0.0251
CWNU_105,0.06385,0.00424578098794425,0.19793500000000003,0.013161921062627176,0.35,,0.16135,0.0065951905283833,0.0426,0.00760000000000001,0.0901,0.0151,0.1426,0.0426,0.2376,0.0426
CWNU_1064,0.14635,0.00424578098794424,0.45368500000000006,0.013161921062627143,0.66117819,0.03117819,0.25135,0.0065951905283833,0.1126,0.0026,0.2151,0.00510000000000001,0.3126,0.00760000000000001,0.4676,0.00759999999999998
CWNU_1086,0.4876,0.0130903810567666,1.51156,0.040580181275976464,1.784457235,0.085542765,0.7701,0.042673465914816,0.3526,0.00760000000000001,0.7151,0.00510000000000001,1.0851,0.0450999999999999,1.4301,0.0501000000000001
CWNU_1087,0.12635,0.00424578098794425,0.391685,0.013161921062627176,0.38295401,0.21704599,0.18635,0.0022650635094611,0.1101,0.00510000000000001,0.1751,0.0001,0.2526,0.00760000000000001,0.3501,0.00510000000000001
CWNU_1098,0.16135,0.0022650635094611,0.500185,0.00702169687932941,0.454546365,0.0954536350000002,0.27885,0.00554862367942583,0.1276,0.0026,0.2276,0.0026,0.3426,0.0126,0.4976,0.0176
CWNU_1102,0.3751,0.00622372435695795,1.16281,0.019293545506569646,1.256090285,0.186090285000001,0.6376,0.0109972473588517,0.2426,0.0026,0.4901,0.00510000000000001,0.7451,0.0201,1.1001,0.0300999999999999
CWNU_1104,0.20385,0.00659519052838328,0.631935,0.02044509063798817,0.95,,0.32635,0.0185983107336859,0.1501,0.0001,0.2901,0.0151,0.4226,0.0126,0.6076,0.00760000000000001
CWNU_1124,0.10385,0.0125373429638328,0.321935,0.03886576318788168,0.34794234,0.22205766,0.1201,0.00945414346693486,0.0601,0.0001,0.0976,0.0126,0.1526,0.0326,0.2726,0.0626
CWNU_1197,0.2326,0.00839156197588849,0.72106,0.02601384212525432,0.65,,0.33635,0.0130301005409857,0.1851,0.00510000000000001,0.3301,0.00510000000000001,0.4576,0.0176,0.6901,0.0201
CWNU_120,0.06635,0.0022650635094611,0.20568500000000003,0.00702169687932941,0.15,,0.1251,0.0001,0.0376,0.0126,0.0801,0.0201,0.1301,0.0301,0.1901,0.0351000000000001
CWNU_1219,0.27435,0.00448035386698381,0.8504849999999999,0.013889096987649811,2.981738005,0.0882619949999999,1.05385,0.0338962645864894,0.3351,0.0901000000000001,0.6911,0.2341,1.0926,0.3626,1.5051,0.4701
CWNU_1223,0.6751,0.0163018517460196,2.09281,0.05053574041266076,2.92556178,0.0644382200000002,1.05885,0.140873532668609,0.4376,0.0026,0.9351,0.0101,1.6251,0.2451,1.9251,0.0151
CWNU_1228,0.32385,0.0344465791600854,1.003935,0.10678439539626475,3.097135395,0.407135394999999,0.8276,0.0189745860881769,0.3226,0.00760000000000001,0.6501,0.0900999999999997,0.9426,0.1776,1.3126,0.2726
CWNU_1239,0.2201,0.00510000000000001,0.68231,0.015810000000000032,1.134393785,0.065606215,0.38385,0.0109253175473055,0.1476,0.0026,0.3101,0.0001,0.4451,0.0101,0.6926,0.00759999999999995
CWNU_126,0.5951,0.0163018517460197,1.8448099999999998,0.050535740412661075,2.141240275,0.058759725,0.9001,0.0174205080756888,0.2676,0.0176,0.6951,0.00510000000000001,1.0851,0.0301,1.6051,0.00510000000000001
CWNU_1271,0.19385,0.00424578098794425,0.600935,0.013161921062627176,0.70686094,0.26313906,0.3176,0.0044301270189222,0.1601,0.0001,0.2726,0.0026,0.4051,0.00509999999999998,0.5851,0.00510000000000001
CWNU_1273,0.32385,0.0264094564748115,1.003935,0.08186931507191565,0.94528162,0.04471838,0.5026,0.021750635094611,0.1901,0.00510000000000001,0.4326,0.00760000000000001,0.6351,0.0101,0.8826,0.0576
CWNU_1274,0.43385,0.00554862367942585,1.344935,0.017200733406220133,1.539248715,0.360751285,0.08635,0.0182572988079175,0.2301,0.0301000000000001,0.3676,0.1876,0.5126,0.2976,0.7476,0.4626
CWNU_1275,0.23135,0.0175553000547112,0.7171850000000001,0.05442143016960472,2.834648035,0.034648035,0.5451,0.0001,0.3251,0.00510000000000001,0.4951,0.0401,0.7126,0.0725999999999998,0.9676,0.1176
CWNU_1276,0.36635,0.0120242400177118,1.135685,0.03727514405490658,1.10055613,0.00944387000000002,0.57635,0.00902678553567857,0.2876,0.0026,0.5426,0.0026,0.7876,0.0126,1.0726,0.0476000000000001
CWNU_1281,0.4201,0.00945414346693486,1.3023099999999999,0.02930784474749807,0.59171921,0.59171921,0.64135,0.0022650635094611,0.3026,0.00760000000000001,0.5826,0.0126,0.8576,0.00760000000000001,1.1976,0.0376000000000001
CWNU_1282,0.9051,0.00717106781186548,2.80581,0.022230310216782987,3.569793515,0.290206485,1.3776,0.0217506350946109,0.3226,0.0026,1.0601,0.0301,1.6876,0.00259999999999995,2.4176,0.0626
CWNU_1284,0.55885,0.0189331489666492,1.732435,0.058692761796612515,2.53,,0.8551,0.0118260393995586,0.3201,0.0001,0.7201,0.0101,1.0826,0.0126,1.5426,0.0276000000000001
CWNU_1287,0.55635,0.00749509972887449,1.724685,0.02323480915951092,2.27696843,0.00696842999999991,0.8326,0.0130903810567665,0.0126,0.0126,0.4301,0.0001,0.7751,0.0301,1.2926,0.0226
CWNU_1288,0.27135,0.0103316909648406,0.841185,0.03202824199100587,1.06479939,0.165200609999999,0.38385,0.00970143218483577,0.2176,0.0026,0.3851,0.0101,0.5401,0.00510000000000001,0.7901,0.0351
CWNU_1289,0.4326,0.0130903810567666,1.34106,0.040580181275976464,1.52046615,0.03953385,0.6426,0.0333603367391252,0.3276,0.00760000000000001,0.6551,0.0251,0.9726,0.0126,1.2826,0.0576
CWNU_1292,0.6451,0.0281624304008046,1.99981,0.08730353424249426,4.697512325,0.0775123249999998,1.7326,0.0459938993767145,0.4901,0.1151,1.2426,0.3676,1.9026,0.6126,2.5676,0.7926
CWNU_1294,0.2101,0.0373491610643784,0.6513100000000001,0.11578239929957304,2.793406895,0.063406895,0.54885,0.00554862367942585,0.4601,0.0101,0.6351,0.0551,0.8226,0.1326,1.0326,0.2226
CWNU_1296,0.7876,0.0144614066163451,2.44156,0.04483036051066981,2.80700757,0.26700757,1.22135,0.0301780235387899,0.4801,0.0101,1.0701,0.0001,1.6851,0.0101,2.2951,0.00509999999999989
CWNU_1299,0.59135,0.0109253175473055,1.8331850000000003,0.03386848439664705,2.31527125,0.04472875,0.9226,0.0130903810567666,0.1476,0.0026,0.5651,0.0001,0.9576,0.0176,1.5051,0.0100999999999999
CWNU_1300,0.22885,0.0195855715851499,0.709435,0.06071527191396469,3.06210118,0.17789882,0.60885,0.0022650635094611,0.3776,0.0376,0.5676,0.0876000000000002,0.7901,0.1501,1.0726,0.1926
CWNU_1303,0.7951,0.0243383992870816,2.46481,0.07544903778995296,3.214170925,0.0158290750000001,1.1876,0.0320178633370093,0.3226,0.00760000000000001,0.9476,0.00760000000000001,1.5301,0.0151,2.1026,0.0426
CWNU_1305,0.18885,0.00902678553567857,0.585435,0.02798303516060357,0.84,,0.3076,0.00760000000000001,0.1426,0.00259999999999999,0.2351,0.00509999999999999,0.3676,0.0326,0.5876,0.0476
CWNU_1306,0.55135,0.00902678553567853,1.7091850000000002,0.027983035160603444,2.69361485,0.20638515,0.82635,0.00902678553567857,0.3376,0.00759999999999998,0.7076,0.00760000000000001,1.0801,0.0101,1.5376,0.0126000000000001
CWNU_1308,0.3926,0.0266753645318366,1.21706,0.08269363004869346,4.053067135,0.203067135,0.8176,0.0161078105935821,0.0001,0.0001,0.3001,0.0201,0.6201,0.0551000000000001,1.0376,0.1076
CWNU_1312,0.18885,0.0103316909648406,0.585435,0.03202824199100587,0.78118483,0.16881517,0.25385,0.0109253175473055,0.1726,0.00759999999999999,0.2776,0.0026,0.3726,0.0226,0.5776,0.0376
CWNU_1313,0.45385,0.00749509972887453,1.406935,0.023234809159511045,1.2636952,0.0863048000000001,0.6876,0.00443012701892215,0.2901,0.00510000000000001,0.5776,0.0126,0.8701,0.0151,1.2476,0.00259999999999995
CWNU_1314,0.6601,0.0001,2.04631,0.00031,2.4,,0.8776,0.0910326673973657,0.3976,0.0526000000000004,0.8451,0.0401,1.2326,0.0376,1.8026,0.0676
CWNU_1315,0.19885,0.0325759526419164,0.6164350000000001,0.10098545318994084,2.91598459,0.00401541000000005,0.56385,0.0182572988079174,0.1301,0.0001,0.3226,0.0526,0.4876,0.0826000000000001,0.7351,0.1401
CWNU_132,0.0826,0.0144614066163451,0.25606,0.04483036051066981,2.34862578,0.0,0.2876,0.0226,0.0076,0.0076,0.0401,0.0051,0.1326,0.0126,0.2976,0.0326000000000004
CWNU_1321,0.24885,0.0065951905283833,0.771435,0.02044509063798823,1.085949075,0.224050925,0.40635,0.00226506350946107,0.1851,0.0001,0.3251,0.00510000000000001,0.4901,0.0151,0.7501,0.0251
CWNU_1322,0.6051,0.0146773797371133,1.87581,0.04549987718505123,2.71286564,0.11286564,0.90885,0.0152554445662277,0.2226,0.0026,0.6351,0.0101,1.0651,0.0151,1.5676,0.0426000000000001
CWNU_1323,0.2526,0.00569016994374948,0.78306,0.017639526825623388,0.733835995,0.106164005,0.40135,0.00902678553567855,0.1701,0.0001,0.3376,0.0026,0.5101,0.00510000000000001,0.7301,0.00510000000000001
CWNU_1324,0.39635,0.0109253175473055,1.228685,0.03386848439664705,1.95,,0.59385,0.0225652509445143,0.2251,0.0001,0.4776,0.0026,0.7426,0.0026,1.0501,0.0151
CWNU_1326,0.3226,0.00569016994374948,1.00006,0.017639526825623388,1.18593481,0.21406519,0.4951,0.00945414346693486,0.2026,0.00259999999999999,0.4176,0.00760000000000001,0.6426,0.00760000000000001,0.8976,0.0026
CWNU_1327,0.7126,0.047862432936357,2.20906,0.1483735421027067,2.557778235,0.182221765,0.9576,0.0130903810567665,0.3051,0.0101,0.8226,0.1026,1.2776,0.147600000000001,1.8801,0.195100000000001
CWNU_1330,0.4651,0.00622372435695793,1.44181,0.019293545506569584,2.35870969,0.261290310000001,0.11885,0.0202168461742889,0.0301,0.0301,0.1826,0.1826,0.3351,0.3351,0.5651,0.5601
CWNU_1331,0.06135,0.00424578098794425,0.19018500000000002,0.013161921062627176,0.16400255,0.03400255,0.1376,0.0109972473588517,0.0651,0.0001,0.0976,0.0026,0.1726,0.0226000000000001,0.2176,0.0176
CWNU_1332,0.59885,0.0256868618630734,1.856435,0.07962927177552755,1.9,,0.8951,0.047137219305567,0.3876,0.00760000000000001,0.8476,0.00760000000000001,1.3526,0.0576,1.6826,0.0626
CWNU_1333,0.60135,0.0220017693349191,1.8641850000000002,0.06820548493824921,1.06,,0.9501,0.0230128784747792,0.4626,0.0126,0.9401,0.0251,1.3426,0.0526,1.8851,0.1051
CWNU_1338,0.21885,0.0120242400177118,0.678435,0.03727514405490658,1.95,,0.37885,0.0022650635094611,0.3301,0.00510000000000001,0.4676,0.00759999999999998,0.6076,0.0126,0.8276,0.0226
CWNU_1341,0.27385,0.00424578098794425,0.848935,0.013161921062627176,1.1,,0.44385,0.0022650635094611,0.1601,0.0001,0.3151,0.00510000000000001,0.4851,0.0001,0.7801,0.0151
CWNU_1342,0.57885,0.00902678553567857,1.794435,0.02798303516060357,0.05,,0.9426,0.00443012701892215,0.1701,0.0001,0.5876,0.00760000000000001,0.9761,0.0211,1.5651,0.0401
CWNU_1345,0.32385,0.0022650635094611,1.003935,0.00702169687932941,1.25,,0.5326,0.0026,0.2526,0.0126,0.4551,0.0151,0.6576,0.0276,0.9676,0.0326
CWNU_1347,0.74635,0.0311996382615618,2.313685,0.09671887861084158,4.94641129,0.13358871,1.2826,0.0431842198490352,0.5651,0.0851000000000006,1.2001,0.1051,1.7176,0.1026,2.3826,0.2126
CWNU_1349,0.34635,0.0148372826531895,1.073685,0.04599557622488745,1.65,,0.50635,0.0139631706330118,0.2076,0.0026,0.4101,0.00509999999999998,0.6401,0.0101,0.9526,0.0476
CWNU_1353,0.78885,0.0164458710382775,2.4454350000000002,0.050982200218660255,3.25617807,0.15617807,0.67135,0.00749509972887453,0.4526,0.0176,0.8726,0.1426,1.3201,0.2901,1.8526,0.4376
CWNU_1354,0.03385,0.0313999600638723,0.104935,0.09733987619800413,2.081615625,0.0383843750000001,0.2876,0.0161078105935821,0.1801,0.00510000000000001,0.2126,0.0126,0.2676,0.1026,0.4201,0.1501
CWNU_1355,0.2151,0.00622372435695795,0.66681,0.019293545506569646,0.89192547,0.07807453,0.3526,0.0130903810567666,0.1926,0.0026,0.3251,0.00510000000000001,0.4726,0.0026,0.6576,0.0326
CWNU_1356,0.3051,0.0151,0.9458099999999999,0.046810000000000004,0.86700328,0.107003279999999,0.5176,0.0226,0.1851,0.00510000000000001,0.3976,0.0126,0.6301,0.0251,0.8701,0.0301
CWNU_1361,0.2376,0.0026,0.73656,0.00806,0.861176755,0.061176755,0.40385,0.0022650635094611,0.2076,0.0026,0.3551,0.00510000000000001,0.5051,0.0151,0.7476,0.0276
CWNU_1365,0.35885,0.0244349029174147,1.112435,0.07574819904398558,4.15,,0.7576,0.00839156197588851,0.0801,0.0101,0.3676,0.0176,0.6651,0.0651,1.0351,0.120099999999999
CWNU_1368,0.22135,0.027343118397129,0.686185,0.0847636670310999,1.13,,0.3151,0.0347410161513776,0.1901,0.0101,0.3126,0.0126,0.4576,0.0276,0.6101,0.0251
CWNU_1372,0.30385,0.0125373429638328,0.9419350000000001,0.03886576318788168,1.29284602,0.32715398,0.3951,0.0001,0.1951,0.0001,0.3851,0.0101,0.5701,0.0201,0.8276,0.0626
CWNU_1374,0.5976,0.00839156197588851,1.8525600000000002,0.02601384212525438,,,0.89385,0.0171934929139717,0.3901,0.00510000000000001,0.8251,0.00510000000000001,1.2076,0.0126,1.6976,0.0326
CWNU_1375,0.16385,0.00424578098794425,0.507935,0.013161921062627176,0.552128445,0.00212844499999998,0.2801,0.0001,0.1151,0.0001,0.2226,0.00760000000000001,0.3476,0.0026,0.4951,0.0201
CWNU_1376,0.27385,0.0022650635094611,0.848935,0.00702169687932941,0.88054143,0.0894585699999993,0.4226,0.016493596310755,0.2201,0.00510000000000001,0.3976,0.0026,0.5626,0.0126,0.8176,0.00759999999999995
CWNU_1378,0.2601,0.00510000000000001,0.80631,0.015810000000000032,0.692552875,0.137447125,0.3501,0.0151,0.1801,0.00510000000000001,0.3126,0.0176,0.4751,0.0401,0.7051,0.0651
CWNU_1379,0.5951,0.0107066017177982,1.8448099999999998,0.033190465325174424,1.777138975,0.097138975,1.00885,0.0804410698211071,0.4326,0.0026,0.9176,0.0676,1.4226,0.192600000000001,1.8451,0.1601
CWNU_1382,0.18885,0.00424578098794425,0.585435,0.013161921062627176,0.77402364,0.13597636,0.3201,0.0151,0.1526,0.0026,0.3001,0.0301,0.4401,0.0451,0.6001,0.0551
CWNU_1383,0.44635,0.0156623744974859,1.383685,0.04855336094220629,1.33209169,0.0,0.0801,0.012847548783982,0.2351,0.0251,0.3651,0.1951,0.4876,0.3276,0.7051,0.4301
CWNU_1384,0.22635,0.00554862367942584,0.701685,0.017200733406220105,0.50334504,0.01334504,0.34635,0.00659519052838327,0.1776,0.0026,0.3051,0.00510000000000001,0.4551,0.0101,0.6551,0.00510000000000001
CWNU_1385,0.35635,0.0065951905283833,1.1046850000000001,0.02044509063798823,1.177450755,0.152549244999999,0.5276,0.0144614066163451,0.2426,0.00760000000000001,0.4751,0.0001,0.6976,0.00760000000000001,0.9901,0.0151
CWNU_1388,0.05635,0.0120242400177118,0.174685,0.03727514405490658,2.745409765,0.204590235,0.9076,0.0044301270189222,0.1876,0.0376,0.4026,0.2276,0.6201,0.3851,0.9301,0.6101
CWNU_1389,0.70885,0.00970143218483577,2.197435,0.030074439772990885,2.62232432,0.0523243200000001,0.99385,0.0329585985702373,0.3851,0.00510000000000001,0.8651,0.0201,1.3551,0.0201,1.8951,0.0851
CWNU_1391,0.2201,0.033454160160316,0.68231,0.1037078964969796,2.81313014,0.0,0.57385,0.0214234026365399,0.3576,0.00760000000000001,0.5526,0.0376,0.7276,0.0875999999999995,1.0101,0.1751
CWNU_1394,0.5101,0.00800569415042095,1.58131,0.024817651866304948,1.82404174,0.0440417399999999,0.8026,0.0109972473588516,0.3201,0.00510000000000001,0.6701,0.0101,1.0101,0.0251,1.4476,0.0326
CWNU_1399,0.3926,0.0104077640640442,1.21706,0.032264068598537025,1.859816695,0.000183305000000078,0.4551,0.0303076149339864,0.2701,0.0101,0.4851,0.0351,0.6901,0.100100000000001,1.0276,0.117599999999999
CWNU_1403,0.28635,0.00554862367942583,0.8876850000000001,0.017200733406220074,0.85911476,0.0891147600000004,0.4351,0.00510000000000001,0.1851,0.00510000000000001,0.3701,0.0001,0.5151,0.00510000000000001,0.8226,0.0126
CWNU_1406,0.18885,0.00902678553567857,0.585435,0.02798303516060357,0.84,,0.3076,0.00760000000000001,0.1426,0.00259999999999999,0.2351,0.00509999999999999,0.3676,0.0326,0.5876,0.0476
CWNU_1409,0.2926,0.038587010795852,0.9070600000000001,0.1196197334671412,3.131234105,0.011234105,0.6676,0.0176,0.1251,0.0001,0.4001,0.0351,0.6351,0.0751000000000003,0.9276,0.1926
CWNU_141,0.32385,0.00424578098794425,1.003935,0.013161921062627176,1.267402065,0.262597935,0.51385,0.0130301005409858,0.2351,0.00509999999999999,0.4526,0.0026,0.6776,0.0176,0.9426,0.0226
CWNU_1410,0.15635,0.0065951905283833,0.484685,0.02044509063798823,0.475649755,0.075649755,0.26135,0.0022650635094611,0.1001,0.0051,0.1926,0.0176,0.3026,0.0176,0.4301,0.00510000000000001
CWNU_1411,1.20385,0.0144069039278245,3.7319350000000004,0.04466140217625595,4.13,,1.7826,0.0214600093632938,0.8576,0.0026,1.8426,0.00760000000000006,2.7601,0.0101,3.6151,0.0200999999999998
CWNU_1413,0.1376,0.0044301270189222,0.42656,0.01373339375865882,0.678170105,0.0818298950000004,0.4556,0.00096602540378444,0.1841,0.0841000000000001,0.3451,0.1701,0.4826,0.2176,0.6851,0.2851
CWNU_1414,0.30885,0.00554862367942585,0.957435,0.017200733406220133,0.73683096,0.18683096,0.4876,0.00760000000000001,0.2376,0.0126,0.4326,0.0026,0.6226,0.00760000000000001,0.9276,0.0026
CWNU_1415,0.5376,0.0115564392373896,1.66656,0.03582496163590776,1.05,,0.7276,0.137281449183189,0.3601,0.0001,0.7226,0.00760000000000001,0.9301,0.1601,1.5301,0.0001
CWNU_1417,0.20885,0.00902678553567856,0.6474350000000001,0.027983035160603534,1.55,,0.41635,0.0195855715851499,0.2801,0.00509999999999998,0.4001,0.0001,0.5501,0.00510000000000001,0.8126,0.00259999999999995
CWNU_1421,0.56385,0.0130301005409857,1.747935,0.04039331167705567,1.84206078,0.0820607799999999,0.8476,0.0109972473588517,0.2926,0.00760000000000001,0.6801,0.00510000000000001,1.0451,0.0101,1.4951,0.0351
CWNU_1425,0.2951,0.0305138126514908,0.9148099999999999,0.09459281921962148,4.06977442,0.00977442000000028,0.66885,0.0065951905283833,0.0701,0.0051,0.3276,0.0375999999999998,0.5651,0.1101,0.8701,0.1701
CWNU_1427,0.31885,0.0164458710382775,0.9884350000000001,0.050982200218660255,4.866007925,0.116007925,0.5201,0.0001,0.2751,0.00510000000000001,0.5001,0.0151,0.7526,0.0026,1.0901,0.0600999999999999
CWNU_1428,0.3901,0.0155110350074224,1.20931,0.048084208523009445,1.37033018,0.000330179999999958,0.53135,0.0022650635094611,0.2151,0.0101,0.4376,0.0376,0.6876,0.0826000000000001,1.0076,0.0776
CWNU_1432,0.22385,0.00424578098794425,0.693935,0.013161921062627176,0.743124565,0.046875435,0.37385,0.0022650635094611,0.1526,0.00760000000000001,0.3076,0.00760000000000001,0.4601,0.0101,0.6626,0.0276
CWNU_1436,0.34385,0.0195855715851499,1.065935,0.06071527191396469,0.90045722,0.18045722,0.51635,0.0065951905283833,0.2476,0.0026,0.4476,0.00760000000000001,0.6651,0.0251,1.0451,0.0851
CWNU_1437,1.14635,0.0144069039278245,3.553685,0.04466140217625595,3.894661235,0.044661235,1.6501,0.0345601218802256,0.5726,0.0026,1.4876,0.00259999999999995,2.3426,0.0375999999999999,3.1201,0.0201
CWNU_1439,1.08385,0.00902678553567859,3.359935,0.02798303516060363,3.95374775,0.20374775,1.5601,0.0260807621135332,0.5326,0.0576000000000001,1.3826,0.0526,2.1076,0.0526,2.9226,0.0176000000000001
CWNU_1442,0.3726,0.00569016994374948,1.15506,0.017639526825623388,1.42,,0.6276,0.00760000000000001,0.2101,0.00510000000000001,0.4526,0.00760000000000001,0.7126,0.0176,1.0726,0.0126
CWNU_1443,0.47885,0.0065951905283833,1.484435,0.02044509063798823,1.470812745,0.049187255,0.71635,0.0109253175473055,0.2751,0.0001,0.5651,0.0101,0.8851,0.0001,1.3051,0.0401
CWNU_1444,0.32885,0.0239156986040721,1.0194349999999999,0.07413866567262352,1.161234535,0.081234535,0.5451,0.112849722837797,0.1826,0.1826,0.0001,0.0001,0.1476,0.0276,0.4701,0.0451
CWNU_1445,0.32885,0.0065951905283833,1.0194349999999999,0.02044509063798823,1.433004485,0.333004485,0.50635,0.0022650635094611,0.2351,0.0001,0.4276,0.00760000000000001,0.6426,0.0126,0.9576,0.0326
CWNU_1446,0.65385,0.0156623744974859,2.0269350000000004,0.04855336094220629,2.45150319,0.48849681,0.9776,0.0431842198490352,0.4251,0.0201,0.8001,0.0751,1.3101,0.0351,1.8651,0.1501
CWNU_1447,0.1526,0.00569016994374948,0.47306000000000004,0.017639526825623388,0.50429837,0.01429837,0.2451,0.00363553390593274,0.1126,0.0026,0.2051,0.00509999999999999,0.3076,0.0026,0.4376,0.00760000000000001
CWNU_1449,0.4726,0.00759999999999999,1.46506,0.02355999999999997,1.5275451,0.0175451,0.6876,0.00443012701892215,0.1801,0.00510000000000001,0.4676,0.0226,0.7526,0.0226,1.1976,0.0676
CWNU_1452,0.39885,0.0065951905283833,1.236435,0.02044509063798823,,,0.74885,0.0843151263135071,0.2226,0.0026,0.5576,0.0875999999999999,0.8776,0.1376,1.2876,0.142599999999999
CWNU_1454,0.43385,0.0293350389088162,1.344935,0.09093862061733023,3.18504433,0.22504433,0.8451,0.0146773797371133,0.2701,0.00510000000000001,0.6276,0.0276,0.9451,0.0801,1.3576,0.152600000000001
CWNU_1455,0.27885,0.0139631706330118,0.864435,0.04328582896233658,,,0.55135,0.0065951905283833,0.4201,0.0101,0.6201,0.0251,0.8176,0.0576,1.1651,0.0351
CWNU_1456,0.4051,0.0232840462387393,1.25581,0.07218054334009183,3.5888987,0.00110129999999997,0.66635,0.0065951905283833,0.3401,0.0351000000000003,0.6576,0.0176,0.9576,0.0326,1.2676,0.0426
CWNU_1458,0.2301,0.00876025403784438,0.71331,0.02715678751731758,0.954656785,0.215343215,0.35385,0.0065951905283833,0.1726,0.00259999999999999,0.3026,0.0026,0.4751,0.0201,0.6576,0.00760000000000001
CWNU_1459,0.19885,0.0125373429638327,0.6164350000000001,0.03886576318788137,0.48659142,0.18340858,0.1776,0.0217506350946109,0.0901,0.0151,0.1501,0.0751,0.2551,0.1051,0.4051,0.1651
CWNU_1460,0.35135,0.00554862367942585,1.089185,0.017200733406220133,1.07641113,0.113588870000001,0.5451,0.0107066017177982,0.2426,0.00760000000000001,0.4676,0.00259999999999997,0.7001,0.00510000000000001,1.0101,0.00510000000000001
CWNU_1465,0.4726,0.0293617497767991,1.46506,0.09102142430807722,4.123614895,0.096385105,0.89635,0.0301780235387899,0.2101,0.00510000000000001,0.5726,0.0226,0.8926,0.0526,1.3951,0.1001
CWNU_1468,0.7776,0.0202556443707464,2.41056,0.06279249754931383,3.26216208,0.03216208,1.1676,0.0320178633370092,0.3451,0.00509999999999998,0.9651,0.0001,1.5451,0.0001,2.1376,0.0326
CWNU_1472,0.2751,0.00510000000000001,0.8528100000000001,0.015810000000000032,1.3,,0.4101,0.0101,0.1051,0.0101,0.2351,0.0151,0.4226,0.0226,0.6776,0.0576
CWNU_1473,0.2976,0.00839156197588851,0.9225599999999999,0.02601384212525438,0.682767635,0.172767635,0.46385,0.00902678553567854,0.2451,0.00510000000000001,0.4376,0.0026,0.6326,0.0026,0.8726,0.0126
CWNU_1476,0.4726,0.0293617497767991,1.46506,0.09102142430807722,4.123614895,0.096385105,0.89635,0.0301780235387899,0.2101,0.00510000000000001,0.5726,0.0226,0.8926,0.0526,1.3951,0.1001
CWNU_1477,0.29885,0.0301780235387899,0.926435,0.0935518729702487,3.35,,0.6126,0.0126,0.5526,0.0026,0.8001,0.0401,1.0151,0.0851,1.2926,0.172600000000001
CWNU_1478,1.08385,0.00902678553567859,3.359935,0.02798303516060363,3.95374775,0.20374775,1.5601,0.0260807621135332,0.5326,0.0576000000000001,1.3826,0.0526,2.1076,0.0526,2.9226,0.0176000000000001
CWNU_1479,0.3101,0.0334541601603159,0.96131,0.1037078964969793,3.07129032,0.18129032,1.1126,0.0109972473588517,0.0976,0.0226,0.4951,0.1851,0.8176,0.3476,1.2401,0.5551
CWNU_1484,1.1626,0.0148901994577491,3.6040600000000005,0.04615961831902221,4.06706432,0.24706432,1.6376,0.0249746859276655,0.5451,0.0101,1.4701,0.0101,2.3201,0.0001,3.1326,0.0375999999999999
CWNU_1488,1.1101,0.0001,3.4413100000000005,0.00031,3.8,,1.6676,0.021750635094611,0.6926,0.0376,1.6051,0.0801000000000001,2.3201,0.1051,3.2551,0.1101
CWNU_1490,0.5451,0.00717106781186548,1.68981,0.022230310216782987,1.87499191,0.214991910000002,0.80635,0.00970143218483574,0.3401,0.0001,0.7126,0.0026,1.0626,0.00259999999999995,1.5226,0.00259999999999995
CWNU_1491,0.13585,0.00693282518435822,0.421135,0.02149175807151048,2.252769795,0.057230205,0.45135,0.196262400831556,0.3276,0.0026,0.4326,0.0426,0.5001,0.0001,0.7251,0.1201
CWNU_1492,0.31385,0.00554862367942585,0.9729350000000001,0.017200733406220133,0.71153537,0.0715353700000001,0.4801,0.0118260393995586,0.1976,0.00759999999999999,0.4151,0.00510000000000001,0.6301,0.0101,0.8926,0.00760000000000001
CWNU_1494,0.2201,0.00800569415042095,0.68231,0.024817651866304948,0.809857615,0.050142385,0.3701,0.0001,0.1176,0.0026,0.2551,0.0001,0.3876,0.00760000000000001,0.6401,0.0151
CWNU_1495,0.2426,0.0026,0.7520600000000001,0.00806,0.61187632,0.24187632,0.3901,0.0087602540378444,0.1876,0.0026,0.3326,0.0026,0.4851,0.00510000000000001,0.7126,0.0226
CWNU_1497,0.45885,0.00659519052838327,1.422435,0.020445090637988137,1.729508555,0.0895085550000001,0.6751,0.00945414346693486,0.0301,0.0101,0.3351,0.0001,0.6301,0.0151,1.0276,0.0176
CWNU_1504,0.5426,0.00569016994374948,1.6820599999999999,0.017639526825623388,1.97074459,0.10925541,0.8426,0.0450305018890286,0.3501,0.0001,0.7201,0.00510000000000001,1.1301,0.0751000000000001,1.5301,0.0151
CWNU_1508,0.7626,0.0115564392373896,2.36406,0.03582496163590776,2.44502641,0.20497359,1.13135,0.00970143218483574,0.5201,0.0101,1.0826,0.0226,1.5701,0.0101,2.1901,0.0601000000000001
CWNU_1509,0.4701,0.00622372435695793,1.45731,0.019293545506569584,,,0.7101,0.0087602540378444,0.2926,0.0026,0.6151,0.0201,0.9001,0.00510000000000001,1.3101,0.0401
CWNU_1511,0.3776,0.0208665596572952,1.17056,0.06468633493761512,1.78139673,0.00139672999999996,0.5501,0.0001,0.1026,0.0026,0.3226,0.00760000000000001,0.5976,0.0576,0.9326,0.0626
CWNU_1512,0.2751,0.00510000000000001,0.8528100000000001,0.015810000000000032,2.26,,0.4851,0.0174205080756888,0.1826,0.0026,0.3926,0.0126,0.6101,0.00510000000000001,0.9001,0.0201
CWNU_1513,0.60135,0.0220017693349191,1.8641850000000002,0.06820548493824921,1.06,,0.9501,0.0230128784747792,0.4626,0.0126,0.9401,0.0251,1.3426,0.0526,1.8851,0.1051
CWNU_1514,0.5051,0.00800569415042095,1.56581,0.024817651866304948,1.989304625,0.000695374999999943,0.8126,0.0476,0.0001,0.0001,0.2426,0.0176,0.6476,0.0176,1.0351,0.0451
CWNU_1515,0.32635,0.00902678553567857,1.011685,0.02798303516060357,1.07404441,0.125955590000001,0.03135,0.00424578098794425,0.1876,0.00760000000000001,0.2651,0.1301,0.3651,0.2251,0.5201,0.3551
CWNU_1517,0.2201,0.033454160160316,0.68231,0.1037078964969796,2.81313014,0.0,0.57385,0.0214234026365399,0.3576,0.00760000000000001,0.5526,0.0376,0.7276,0.0875999999999995,1.0101,0.1751
CWNU_1521,0.52385,0.0139631706330118,1.6239350000000001,0.04328582896233658,3.82272001,0.16272001,0.8476,0.0135629120178363,0.3176,0.00760000000000001,0.7451,0.0101,1.1176,0.00260000000000006,1.6201,0.0151
CWNU_1522,0.44635,0.00749509972887453,1.383685,0.023234809159511045,2.42,,0.7001,0.00717106781186548,0.4076,0.00259999999999997,0.7101,0.0001,1.0126,0.0126,1.4276,0.0176000000000001
CWNU_1525,0.0001,0.0001,0.00031,0.00031,1.95,,0.0251,0.0001,0.3026,0.0126,0.2426,0.0276000000000001,0.2626,0.0325999999999999,0.2926,0.0476000000000003
CWNU_1526,0.4526,0.0115564392373896,1.40306,0.03582496163590776,1.32577769,0.11577769,0.64135,0.0195855715851499,0.0101,0.0101,0.1851,0.0351,0.4876,0.0876,0.9176,0.1376
CWNU_1527,0.43635,0.0065951905283833,1.3526850000000001,0.02044509063798823,1.75,,0.6926,0.0284945417290014,0.2951,0.0101,0.5976,0.00760000000000001,0.9151,0.0401,1.2626,0.0376
CWNU_153,0.57385,0.00902678553567853,1.778935,0.027983035160603444,1.482098215,0.122098215,0.83135,0.0208289049397212,0.3801,0.00510000000000001,0.7751,0.00510000000000001,1.1476,0.00259999999999995,1.6126,0.00760000000000006
CWNU_1536,0.3051,0.0151,0.9458099999999999,0.046810000000000004,2.4,,0.98135,0.0125373429638328,0.2976,0.00760000000000001,0.5926,0.0776000000000003,0.9226,0.1976,1.3906,0.3246
CWNU_1537,0.77385,0.051136139156484,2.3989350000000003,0.1585220313851004,3.286267725,0.106267725,1.16385,0.0211282548015759,0.1926,0.0326,0.7626,0.00760000000000001,1.3726,0.0326,2.0151,0.0951
CWNU_1540,0.31635,0.00554862367942585,0.9806850000000001,0.017200733406220133,1.250116455,0.0998835450000001,0.52385,0.0160589316685046,0.1776,0.0026,0.3826,0.0126,0.6026,0.0226,0.9001,0.0251
CWNU_1546,0.6376,0.0228760839478608,1.9765599999999999,0.07091586023836847,2.14720632,0.00279367999999991,0.9851,0.0288228132326902,0.5101,0.00510000000000001,1.0126,0.0226,1.4751,0.0151,1.9326,0.0925999999999999
CWNU_1549,0.3751,0.0001,1.16281,0.00031,1.25,,0.5176,0.0044301270189222,0.2251,0.0151,0.4301,0.0501000000000003,0.6476,0.0726000000000001,0.9951,0.0851
CWNU_155,0.23635,0.00424578098794424,0.732685,0.013161921062627143,1.175975005,0.224024995,0.4026,0.0144614066163451,0.1701,0.0001,0.3226,0.0026,0.4926,0.0276,0.7126,0.0126
CWNU_1551,0.02135,0.0168238602003246,0.06618500000000001,0.05215396662100626,0.3,,0.2451,0.0001,0.0001,0.0001,0.0051,0.0001,0.0526,0.0476,0.1601,0.0901
CWNU_1553,0.2801,0.00363553390593272,0.86831,0.011270155108391433,0.93807584,0.15192416,0.42135,0.0182572988079174,0.2301,0.00509999999999999,0.4126,0.0126,0.5776,0.00760000000000001,0.8451,0.0101
CWNU_1554,0.20635,0.0246903944661326,0.6396850000000001,0.07654022284501105,0.845140545,0.024859455,0.31135,0.0168238602003246,0.0826,0.0026,0.1776,0.00759999999999999,0.3876,0.0226,0.5251,0.0551000000000005
CWNU_1556,0.1976,0.0153069063257455,0.61256,0.047451409609811056,2.578940425,0.138940425,1.14885,0.0139631706330118,0.4126,0.1676,0.7776,0.4226,1.0776,0.6126,1.4901,0.8651
CWNU_1557,0.5301,0.0001,1.64331,0.00031,,,0.80635,0.0412362066797608,0.3476,0.0226,0.7551,0.0451,1.0701,0.0551000000000001,1.5601,0.0751
CWNU_1560,0.36135,0.022001769334919,1.120185,0.0682054849382489,3.466000375,0.0239996250000001,0.7151,0.0118260393995586,0.5501,0.00510000000000001,0.8376,0.0376,1.1051,0.0601000000000001,1.4726,0.1126
CWNU_1564,0.89885,0.0065951905283833,2.786435,0.02044509063798823,2.971591985,0.151591985,1.2476,0.021750635094611,0.4576,0.0725999999999999,1.0976,0.0276,1.6551,0.0651,2.3701,0.0350999999999999
CWNU_1566,0.65385,0.0103316909648406,2.0269350000000004,0.03202824199100587,2.70048115,0.0104811499999999,1.0676,0.00839156197588851,0.0001,0.0001,0.4301,0.0151,0.9201,0.0151,1.4776,0.0276
CWNU_1568,0.10885,0.0246903944661325,0.33743500000000004,0.07654022284501076,,,0.38135,0.0284670142947755,0.2901,0.00510000000000001,0.4051,0.0700999999999997,0.5026,0.1026,0.6701,0.1401
CWNU_1569,0.4926,0.0622992765231237,1.52706,0.19312775722168346,2.14500715,0.13499285,0.70635,0.0168238602003246,0.0976,0.0026,0.3976,0.0226,0.8576,0.0976000000000008,1.1076,0.0226
CWNU_1572,0.42885,0.0130301005409858,1.3294350000000001,0.04039331167705598,1.65,,0.6901,0.0142421356237309,0.2551,0.0001,0.5726,0.0176,0.8576,0.0326,1.2001,0.0801
CWNU_1573,0.0001,0.0001,0.00031,0.00031,1.99784997,0.0578499699999999,0.8951,0.0001,0.2251,0.1101,0.3926,0.3276,0.6201,0.4701,0.9276,0.6876
CWNU_1579,0.3701,0.00363553390593274,1.14731,0.011270155108391494,1.60151874,0.06151874,0.5726,0.0130903810567666,0.0476,0.0026,0.2801,0.0151,0.5326,0.00760000000000001,0.8526,0.0226
CWNU_158,0.2426,0.00911387818865997,0.7520600000000001,0.028253022384845908,1.02447482,0.01552518,0.4151,0.0232840462387393,0.3226,0.0026,0.4926,0.00760000000000001,0.6401,0.00510000000000001,0.8701,0.00510000000000001
CWNU_1582,0.3451,0.0260807621135332,1.0698100000000001,0.08085036255195292,2.2,,0.6551,0.00622372435695795,0.3576,0.0026,0.6301,0.0301,0.8776,0.0826,1.1951,0.1251
CWNU_1584,0.4576,0.00839156197588849,1.41856,0.02601384212525432,1.49208666,0.03208666,0.7151,0.00876025403784439,0.3576,0.00760000000000001,0.6501,0.0401,0.9651,0.0101,1.3901,0.0200999999999999
CWNU_1585,0.2701,0.00622372435695795,0.83731,0.019293545506569646,0.992328585,0.107671415,0.43885,0.0239156986040721,0.2101,0.0001,0.3851,0.0101,0.6176,0.0526000000000001,0.7951,0.0301
CWNU_1587,0.68635,0.0109253175473054,2.127685,0.03386848439664674,2.79,,1.07135,0.0482371737849243,0.4701,0.00509999999999998,0.9926,0.00760000000000001,1.5201,0.0751,2.0276,0.0376
CWNU_1589,0.2301,0.0255950975679642,0.71331,0.07934480246068902,2.79090208,0.16090208,0.54135,0.0022650635094611,0.3276,0.0026,0.5001,0.0201,0.7001,0.0751000000000007,0.9401,0.1201
CWNU_1592,0.60885,0.0109253175473055,1.887435,0.03386848439664705,2.117451975,0.212548025,0.9401,0.0393109678533953,0.3076,0.0026,0.7401,0.0151,1.2126,0.0426,1.6726,0.0176
CWNU_1593,0.04385,0.0239156986040721,0.135935,0.07413866567262352,1.5,,0.2151,0.0001,0.0201,0.0001,0.0276,0.0176,0.0826,0.0526,0.1951,0.0651
CWNU_1594,0.12635,0.0256868618630734,0.391685,0.07962927177552755,2.686788815,0.026788815,0.51635,0.0613755048938804,0.2001,0.0400999999999999,0.3426,0.1026,0.3851,0.0451,0.7251,0.2851
CWNU_1599,0.7376,0.0126,2.28656,0.039060000000000004,3.1,,0.5026,0.0026,0.2276,0.0126,0.6101,0.1751,0.9676,0.3126,1.4026,0.4626
CWNU_1600,0.67385,0.0130301005409857,2.0889349999999998,0.04039331167705567,3.0,,1.01135,0.0273431183971292,0.2351,0.0101,0.7176,0.0176,1.2176,0.00760000000000006,1.7576,0.0526
CWNU_1605,0.23885,0.00424578098794425,0.7404350000000001,0.013161921062627176,0.890199325,0.0898006749999999,0.39385,0.0109253175473055,0.1976,0.0026,0.3576,0.00760000000000001,0.5151,0.0001,0.7426,0.0226
CWNU_1606,0.5906,0.0149408220796558,1.8308600000000002,0.04631654844693298,,,1.1751,0.0001,0.3376,0.0176,0.8111,0.109100000000001,1.3451,0.1951,1.9376,0.1576
CWNU_1608,0.1776,0.0284945417290013,0.55056,0.08833307935990403,4.85,,0.4701,0.0174205080756888,0.1201,0.0051,0.2576,0.00760000000000001,0.4001,0.0201,0.6551,0.0951
CWNU_1610,0.3051,0.0151,0.9458099999999999,0.046810000000000004,2.4,,0.98135,0.0125373429638328,0.2976,0.00760000000000001,0.5926,0.0776000000000003,0.9226,0.1976,1.3906,0.3246
CWNU_1612,0.60385,0.00554862367942585,1.8719350000000001,0.017200733406220133,3.886958455,0.313041545,0.5726,0.0226,0.2126,0.00760000000000001,0.5516,0.0715999999999999,0.8526,0.1676,1.3016,0.2266
CWNU_1614,1.28635,0.0164458710382776,3.9876850000000004,0.05098220021866056,3.56,,1.8126,0.0259602010819715,0.8151,0.0301,1.8701,0.0300999999999999,2.8151,0.0501000000000001,3.6501,0.0550999999999999
CWNU_1619,0.73385,0.00902678553567857,2.274935,0.02798303516060357,2.96835668,0.0516433199999999,1.11135,0.0130301005409857,0.3026,0.0026,0.8501,0.0001,1.3476,0.00759999999999995,1.9676,0.00259999999999995
CWNU_1620,0.4801,0.00363553390593274,1.48831,0.011270155108391494,1.888718095,0.018718095,0.14135,0.0139631706330118,0.1626,0.1226,0.3251,0.2751,0.4851,0.4101,0.7876,0.5826
CWNU_1622,0.31385,0.0065951905283833,0.9729350000000001,0.02044509063798823,0.98623317,0.31376683,0.49385,0.0022650635094611,0.2301,0.0001,0.4151,0.00510000000000001,0.6126,0.0126,0.9276,0.0226
CWNU_1624,0.58885,0.00902678553567857,1.825435,0.02798303516060357,2.50795761,0.18795761,0.89385,0.0239156986040721,0.0001,0.0001,0.3576,0.0276,0.7826,0.0376,1.3201,0.1201
CWNU_1625,0.73885,0.0152554445662277,2.290435,0.047291878155305875,4.09,,1.19385,0.0738711833983975,0.4901,0.0201,1.1051,0.0951,1.7051,0.1301,2.2451,0.1751
CWNU_1626,0.0226,0.0179535710713571,0.07006,0.05565607032120701,1.9,,0.21885,0.0139631706330118,0.3101,0.0101,0.3351,0.0251,0.3851,0.0651000000000001,0.4726,0.1126
CWNU_1629,0.34135,0.0301780235387899,1.058185,0.0935518729702487,0.0,,0.56135,0.083494769020604,0.2276,0.00759999999999999,0.4276,0.0026,0.7751,0.0701,1.0251,0.0751000000000001
CWNU_1631,0.31635,0.00424578098794425,0.9806850000000001,0.013161921062627176,0.88151554,0.00848446000000003,0.47135,0.0109253175473055,0.2251,0.0001,0.4126,0.0126,0.6076,0.0276,0.9076,0.0426
CWNU_1633,0.8951,0.0197850196850295,2.77481,0.06133356102359145,4.0,,0.8001,0.0201,0.1176,0.0226,0.6601,0.1151,1.1526,0.2726,1.7726,0.407600000000001
CWNU_1635,0.3076,0.0208665596572952,0.95356,0.06468633493761512,3.53672531,0.02327469,0.6401,0.0087602540378444,0.2176,0.00760000000000001,0.4551,0.0201,0.6951,0.0551,1.0276,0.0926
CWNU_1637,0.58885,0.00970143218483577,1.825435,0.030074439772990885,2.048885715,0.0288857149999999,0.92885,0.00659519052838325,0.3576,0.0026,0.7676,0.0026,1.1676,0.0176000000000001,1.6626,0.0326000000000001
CWNU_164,0.25385,0.0266459507269938,0.786935,0.08260244725368078,1.024891055,0.145108945,0.46135,0.00970143218483576,0.2526,0.00760000000000001,0.4251,0.0551,0.5901,0.1051,0.8776,0.0676
CWNU_1642,0.0826,0.0144614066163451,0.25606,0.04483036051066981,2.34862578,0.0,0.2876,0.0226,0.0076,0.0076,0.0401,0.0051,0.1326,0.0126,0.2976,0.0326000000000004
CWNU_1645,0.06635,0.00749509972887452,0.20568500000000003,0.02323480915951101,0.27706702,0.12293298,0.1326,0.0044301270189222,0.0626,0.0076,0.1051,0.0051,0.1626,0.00760000000000001,0.2226,0.0276
CWNU_1647,0.9051,0.00717106781186548,2.80581,0.022230310216782987,3.569793515,0.290206485,1.3776,0.0217506350946109,0.3226,0.0026,1.0601,0.0301,1.6876,0.00259999999999995,2.4176,0.0626
CWNU_1648,0.1976,0.0228760839478606,0.61256,0.07091586023836786,,,0.4701,0.00509999999999998,0.1176,0.0026,0.2776,0.0126,0.4351,0.0600999999999999,0.6601,0.1051
CWNU_1653,0.08135,0.0152554445662277,0.25218500000000005,0.047291878155305875,2.55,,0.32885,0.00970143218483574,0.2001,0.0250999999999999,0.2501,0.0451,0.3351,0.1001,0.5451,0.0800999999999998
CWNU_1655,0.39135,0.0393706951810125,1.213185,0.12204915506113875,4.07669168,0.15330832,0.8001,0.0204100960115899,0.3726,0.0276,0.6876,0.0326,0.9551,0.1551,1.3551,0.1551
CWNU_1662,0.40635,0.0239156986040721,1.259685,0.07413866567262352,1.35,,0.6151,0.0253487623459052,0.1851,0.0251,0.5226,0.0276,0.8001,0.0151,1.1476,0.0376
CWNU_1664,0.55885,0.0189331489666492,1.732435,0.058692761796612515,2.53,,0.8551,0.0118260393995586,0.3201,0.0001,0.7201,0.0101,1.0826,0.0126,1.5426,0.0276000000000001
CWNU_1666,0.4601,0.00510000000000001,1.42631,0.015810000000000032,1.71355419,0.0664458100000001,0.7051,0.0142421356237309,0.2826,0.00259999999999997,0.6026,0.00760000000000001,0.8851,0.0401,1.2726,0.0426
CWNU_1667,0.18885,0.00902678553567857,0.585435,0.02798303516060357,0.84,,0.3076,0.00760000000000001,0.1426,0.00259999999999999,0.2351,0.00509999999999999,0.3676,0.0326,0.5876,0.0476
CWNU_1671,0.50385,0.00902678553567857,1.561935,0.02798303516060357,1.81,,0.7926,0.0214600093632938,0.2201,0.0001,0.5676,0.0026,0.9176,0.0126,1.3526,0.00259999999999995
CWNU_1673,0.0801,0.00622372435695795,0.24831000000000003,0.019293545506569646,0.18694921,0.0230507900000001,0.13885,0.00659519052838328,0.0351,0.0001,0.0801,0.00510000000000001,0.1401,0.00509999999999999,0.2001,0.0201
CWNU_1675,0.4776,0.0168705098312484,1.48056,0.05229858047687004,4.19942565,0.450574350000001,0.7776,0.0252246890528023,0.1976,0.0276,0.5976,0.0226,0.9651,0.0451,1.3801,0.0801
CWNU_1676,0.7151,0.00800569415042095,2.2168099999999997,0.024817651866304948,2.619698965,0.0503010349999999,0.5226,0.0104077640640442,0.3376,0.0925999999999999,0.6876,0.2576,1.0226,0.3976,1.4751,0.5301
CWNU_1677,0.7101,0.00510000000000001,2.20131,0.015810000000000032,2.6839384,0.1539384,1.0651,0.132906249852935,0.4776,0.0026,1.0226,0.0276,1.5076,0.0476,2.1176,0.0726
CWNU_1679,0.53385,0.00424578098794425,1.6549350000000003,0.013161921062627176,1.96696158,0.05696158,0.81885,0.0055486236794258,0.1926,0.00760000000000001,0.5426,0.0126,0.8801,0.0201,1.3901,0.0400999999999999
CWNU_1680,0.87135,0.0148372826531895,2.7011849999999997,0.04599557622488745,3.26460575,0.0346057500000001,1.16135,0.0148372826531895,0.2551,0.0101,0.8426,0.0626,1.4176,0.1026,2.1126,0.1676
CWNU_1687,0.5126,0.00569016994374948,1.58906,0.017639526825623388,1.5,,0.7776,0.0130903810567666,0.2901,0.0001,0.6551,0.0201,0.9651,0.0201,1.4201,0.0401
CWNU_1693,0.4026,0.00569016994374946,1.2480600000000002,0.017639526825623326,1.85,,0.6701,0.0635428877022476,0.2901,0.00510000000000001,0.5801,0.0251,0.9076,0.1026,1.1876,0.0376000000000001
CWNU_1697,0.3901,0.00717106781186548,1.20931,0.022230310216782987,1.76354244,0.10645756,0.5226,0.0411030486671418,0.3226,0.0126,0.5551,0.0101,0.7801,0.0451,1.1376,0.0776
CWNU_1698,0.5576,0.00911387818865994,1.72856,0.028253022384845818,1.763125165,0.076874835,0.84135,0.0266459507269941,0.3551,0.0101,0.7601,0.00510000000000001,1.1651,0.0151,1.5976,0.0126000000000001
CWNU_1699,0.23385,0.0109253175473055,0.724935,0.03386848439664705,1.05,,0.39135,0.0109253175473055,0.1801,0.00510000000000001,0.3176,0.0026,0.5076,0.0026,0.7076,0.00760000000000001
CWNU_170,0.25135,0.00829679815537751,0.7791850000000001,0.025720074281670283,0.983037325,0.116962675000001,0.38385,0.0065951905283833,0.2126,0.0026,0.3501,0.0101,0.5251,0.00510000000000001,0.7726,0.0526
CWNU_1704,0.05185,0.00913811374126262,0.16073500000000002,0.028328152597914123,1.55073494,0.04073494,0.2701,0.173305080756888,0.2826,0.0126,0.2876,0.00759999999999998,0.3526,0.0026,0.4141,0.0361
CWNU_1705,0.5551,0.0128475487839819,1.7208100000000002,0.039827401230343895,2.5,,0.72385,0.0022650635094611,0.1101,0.0651,0.5001,0.1351,0.8176,0.1876,1.2751,0.1851
CWNU_1708,0.71135,0.0225652509445143,2.205185,0.06995227792799433,3.20740227,0.00259772999999997,1.0826,0.0044301270189222,0.1801,0.0001,0.6751,0.0201,1.1851,0.0551000000000001,1.8351,0.1001
CWNU_1709,0.2301,0.0227384628453436,0.71331,0.07048923482056517,2.814691575,0.00530842499999995,0.5601,0.0001,0.2651,0.00510000000000001,0.4426,0.0376,0.6526,0.0826000000000001,0.9301,0.110100000000001
CWNU_1718,0.25385,0.0246903944661325,0.786935,0.07654022284501076,3.252114165,0.227885835,0.53385,0.0164458710382775,0.4276,0.0026,0.6201,0.0301,0.7976,0.0576,1.0676,0.132600000000001
CWNU_172,0.0626,0.00839156197588857,0.19406,0.02601384212525457,0.19208427,0.0479157300000001,0.1401,0.0001,0.0626,0.0176,0.1201,0.0101,0.1726,0.0176000000000001,0.2126,0.0576
CWNU_1720,0.26385,0.00749509972887453,0.817935,0.023234809159511045,0.90905539,0.17094461,0.3976,0.0179535710713571,0.1926,0.0126,0.3601,0.00510000000000001,0.5551,0.00510000000000001,0.7726,0.0176
CWNU_1721,0.48385,0.00970143218483577,1.499935,0.030074439772990885,2.1,,0.7451,0.0118260393995586,0.1151,0.0051,0.4276,0.0026,0.7551,0.00510000000000001,1.1951,0.0301
CWNU_1722,0.48885,0.00554862367942585,1.515435,0.017200733406220133,1.727919585,0.0879195850000001,0.71885,0.00970143218483577,0.2276,0.0026,0.5451,0.0101,0.8551,0.00510000000000001,1.2701,0.0201
CWNU_1723,0.16635,0.00424578098794425,0.5156850000000001,0.013161921062627176,0.75,,0.26635,0.0022650635094611,0.1326,0.0026,0.2251,0.00510000000000001,0.3301,0.00510000000000001,0.4826,0.0026
CWNU_1728,0.26635,0.00749509972887453,0.825685,0.023234809159511045,0.60232984,0.03232984,0.4556,0.00096602540378444,0.1876,0.0026,0.3451,0.0001,0.5236,0.0116,0.8076,0.00759999999999995
CWNU_1730,0.35635,0.00554862367942585,1.1046850000000001,0.017200733406220133,1.173143395,0.276856605,0.5451,0.0087602540378444,0.2301,0.00509999999999999,0.4626,0.0026,0.6801,0.0151,1.0151,0.0001
CWNU_1731,0.7576,0.0115564392373896,2.3485600000000004,0.03582496163590776,2.437849985,0.032150015,1.0751,0.014242135623731,0.3201,0.00510000000000001,0.8651,0.0001,1.3601,0.00510000000000001,1.9676,0.0276000000000001
CWNU_1734,0.36135,0.0125373429638328,1.120185,0.03886576318788168,,,0.5826,0.0278263412660235,0.0426,0.0126,0.2576,0.0276,0.5601,0.0351,0.8776,0.0926000000000008
CWNU_1737,0.8951,0.0197850196850295,2.77481,0.06133356102359145,4.0,,0.8001,0.0201,0.1176,0.0226,0.6601,0.1151,1.1526,0.2726,1.7726,0.407600000000001
CWNU_1742,0.02135,0.0168238602003246,0.06618500000000001,0.05215396662100626,0.3,,0.2451,0.0001,0.0001,0.0001,0.0051,0.0001,0.0526,0.0476,0.1601,0.0901
CWNU_1743,0.4701,0.0281624304008046,1.45731,0.08730353424249426,1.82733606,0.10733606,0.73135,0.0144069039278245,0.0101,0.0051,0.2176,0.00760000000000001,0.5951,0.0701000000000005,0.9401,0.00509999999999995
CWNU_1750,0.5101,0.0274861278752583,1.58131,0.08520699641330073,4.241360545,0.00863945499999996,0.9076,0.0304108891324554,0.1901,0.0001,0.6151,0.0251,0.9351,0.0151,1.4451,0.1201
CWNU_1752,0.3351,0.00363553390593274,1.03881,0.011270155108391494,1.296398675,0.273601325,0.5426,0.0130903810567666,0.2701,0.0151,0.5076,0.0126,0.7176,0.0026,1.0526,0.0176000000000001
CWNU_1755,0.18635,0.0788698387709408,0.577685,0.24449650018991648,1.521923145,0.208076855000001,0.4601,0.0001,0.2076,0.0026,0.4051,0.0151,0.4151,0.2051,0.6001,0.2851
CWNU_1758,0.29885,0.0189331489666492,0.926435,0.058692761796612515,3.6904937,0.0495063,0.63385,0.0022650635094611,0.0601,0.0101,0.3126,0.0325999999999999,0.5726,0.0925999999999999,0.8676,0.117600000000001
CWNU_1762,0.26385,0.00749509972887453,0.817935,0.023234809159511045,0.83590596,0.33409404,0.32885,0.0130301005409857,0.1426,0.00759999999999999,0.2926,0.0176,0.4376,0.0276,0.6626,0.0626
CWNU_1765,0.24635,0.00424578098794425,0.7636850000000001,0.013161921062627176,1.35,,0.3476,0.0044301270189222,0.2226,0.0026,0.3676,0.00760000000000001,0.5051,0.0201,0.7326,0.0326
CWNU_1767,0.32635,0.0233849200127464,1.011685,0.07249325203951384,2.91182757,0.0218275699999999,0.7051,0.0001,0.1576,0.0126,0.4226,0.0226,0.6951,0.0700999999999993,1.0526,0.1026
CWNU_1774,0.65385,0.0103316909648406,2.0269350000000004,0.03202824199100587,2.70048115,0.0104811499999999,1.0676,0.00839156197588851,0.0001,0.0001,0.4301,0.0151,0.9201,0.0151,1.4776,0.0276
CWNU_1775,0.26885,0.0114880419739304,0.8334349999999999,0.03561293011918425,1.24,,0.4526,0.0130903810567666,0.3551,0.0001,0.5326,0.00760000000000001,0.6926,0.0026,0.9901,0.0101
CWNU_1776,1.14635,0.0144069039278245,3.553685,0.04466140217625595,3.894661235,0.044661235,1.6501,0.0345601218802256,0.5726,0.0026,1.4876,0.00259999999999995,2.3426,0.0375999999999999,3.1201,0.0201
CWNU_1777,0.5976,0.00839156197588851,1.8525600000000002,0.02601384212525438,,,0.89385,0.0171934929139717,0.3901,0.00510000000000001,0.8251,0.00510000000000001,1.2076,0.0126,1.6976,0.0326
CWNU_178,0.39885,0.0125373429638327,1.236435,0.03886576318788137,1.56,,0.5251,0.0204100960115899,0.3351,0.0001,0.5676,0.0326,0.8176,0.0276,1.1351,0.0851
CWNU_1780,0.38135,0.0065951905283833,1.182185,0.02044509063798823,1.119084935,0.090915065,0.56385,0.0055486236794258,0.2526,0.0026,0.4976,0.00760000000000001,0.7226,0.0026,1.0726,0.0176000000000001
CWNU_1782,0.2151,0.00363553390593274,0.66681,0.011270155108391494,0.8,,0.5626,0.0109972473588516,0.4026,0.2726,0.5326,0.2726,0.6876,0.2826,0.9826,0.3826
CWNU_1785,0.3026,0.0183002747232013,0.93806,0.05673085164192403,3.75679805,0.533201949999999,0.54135,0.0125373429638328,0.3876,0.00760000000000001,0.6051,0.00510000000000001,0.8001,0.0001,1.1101,0.0551000000000001
CWNU_1788,0.6601,0.0303076149339864,2.04631,0.09395360629535784,2.23773988,0.06773988,1.0051,0.0323102468168128,0.4566,0.0136,1.0801,0.0500999999999999,1.5351,0.0001,1.9051,0.1251
CWNU_1789,0.4151,0.00800569415042094,1.28681,0.024817651866304916,1.28403056,0.154030560000001,0.6326,0.0044301270189222,0.1801,0.0101,0.4376,0.00760000000000001,0.7126,0.0326,1.1001,0.0400999999999999
CWNU_1791,0.09385,0.0022650635094611,0.290935,0.00702169687932941,0.17118089,0.09881911,0.1401,0.0001,0.0676,0.0026,0.1151,0.0051,0.1801,0.0101,0.2576,0.00760000000000001
CWNU_1797,0.2351,0.00800569415042094,0.7288100000000001,0.024817651866304916,1.13646991,0.25353009,0.41885,0.0175553000547112,0.1851,0.00510000000000001,0.3726,0.0276,0.5601,0.0451,0.7426,0.0726
CWNU_1802,0.33635,0.00659519052838328,1.042685,0.02044509063798817,1.45,,0.5351,0.00800569415042095,0.2801,0.00509999999999998,0.5076,0.00760000000000001,0.7301,0.00510000000000001,1.0176,0.0226
CWNU_1807,0.2826,0.0708548584904245,0.8760600000000001,0.21965006132031595,1.069358555,0.079358555,0.4951,0.0001,0.2976,0.00760000000000001,0.5076,0.0026,0.6101,0.1051,1.0051,0.00510000000000001
CWNU_1808,0.42885,0.00554862367942585,1.3294350000000001,0.017200733406220133,1.382821585,0.107178415,0.6726,0.0161078105935821,0.2651,0.00510000000000001,0.5726,0.00760000000000001,0.8451,0.0151,1.2426,0.0176
CWNU_1809,0.6476,0.0297858552175948,2.00756,0.09233615117454388,2.25463878,0.27463878,0.95635,0.0160589316685046,0.0001,0.0001,0.5226,0.0776000000000003,0.9726,0.0676,1.4476,0.0476000000000001
CWNU_1813,0.1776,0.0083915619758885,0.55056,0.026013842125254354,0.77908112,0.50091888,0.26385,0.0022650635094611,0.0776,0.0026,0.1976,0.0026,0.3201,0.0101,0.4426,0.0176
CWNU_1814,0.5326,0.00839156197588851,1.65106,0.02601384212525438,1.884465625,0.035534375,0.7751,0.0155110350074225,0.2376,0.00759999999999999,0.5976,0.0026,0.9301,0.0201,1.3876,0.0576
CWNU_1816,0.2651,0.00800569415042095,0.82181,0.024817651866304948,1.116350535,0.106350535,0.4026,0.00443012701892217,0.2651,0.0001,0.4151,0.0001,0.5876,0.0026,0.8351,0.0201
CWNU_1820,0.36885,0.00749509972887453,1.143435,0.023234809159511045,1.195269755,0.164730245000001,0.58635,0.0195855715851498,0.2651,0.0001,0.5251,0.0101,0.7851,0.0251,1.0876,0.0326000000000001
CWNU_183,0.23635,0.00424578098794424,0.732685,0.013161921062627143,1.175975005,0.224024995,0.4026,0.0144614066163451,0.1701,0.0001,0.3226,0.0026,0.4926,0.0276,0.7126,0.0126
CWNU_1830,0.26635,0.0135047566184545,0.825685,0.04186474551720895,,,0.52885,0.0022650635094611,0.3776,0.0026,0.5776,0.0176,0.7801,0.0601,1.0801,0.0500999999999999
CWNU_1832,0.47385,0.0435992816032633,1.468935,0.13515777297011622,3.54294367,0.10705633,1.3401,0.0207155281280883,0.6426,0.0026,1.1526,0.152600000000001,1.6401,0.3451,2.1151,0.535099999999999
CWNU_1833,0.4401,0.0163018517460197,1.36431,0.050535740412661075,1.53385863,0.02385863,0.61885,0.0168238602003246,0.2976,0.0026,0.5951,0.00510000000000001,0.8726,0.0326,1.2476,0.0276
CWNU_1835,0.36635,0.0202168461742889,1.135685,0.0626722231402956,1.36996164,0.11003836,0.5376,0.00760000000000001,0.1301,0.00510000000000001,0.3376,0.00759999999999998,0.5801,0.0301,0.9551,0.0901
CWNU_1837,0.6426,0.00569016994374948,1.99206,0.017639526825623388,2.1,,0.9451,0.00363553390593274,0.2801,0.0350999999999999,0.7251,0.0251,1.1351,0.0350999999999999,1.6951,0.0551000000000001
CWNU_1838,0.29635,0.00424578098794425,0.9186850000000001,0.013161921062627176,1.1,,0.4826,0.00911387818865998,0.2126,0.0026,0.3976,0.00760000000000001,0.5876,0.0176,0.8751,0.0101
CWNU_1841,0.3801,0.00945414346693486,1.17831,0.02930784474749807,1.56829607,0.0,0.60135,0.00902678553567857,0.2551,0.00510000000000001,0.5126,0.0026,0.7701,0.00510000000000001,1.1001,0.0101
CWNU_1844,0.77385,0.051136139156484,2.3989350000000003,0.1585220313851004,3.286267725,0.106267725,1.16385,0.0211282548015759,0.1926,0.0326,0.7626,0.00760000000000001,1.3726,0.0326,2.0151,0.0951
CWNU_1846,0.4726,0.0327917420765551,1.46506,0.10165440043732081,2.927711755,0.117711755,0.84135,0.0065951905283833,0.0776,0.0026,0.4376,0.0026,0.7601,0.0351,1.2526,0.0326
CWNU_1847,0.22135,0.00749509972887453,0.686185,0.023234809159511045,0.928121915,0.081878085,0.37385,0.0109253175473055,0.2026,0.00259999999999999,0.3401,0.00509999999999998,0.4826,0.0026,0.7101,0.0151
CWNU_1848,0.32885,0.00749509972887453,1.0194349999999999,0.023234809159511045,1.0876088,0.2523912,0.52385,0.00554862367942585,0.2401,0.0001,0.4476,0.0026,0.6676,0.0126,0.9601,0.0101
CWNU_1856,0.48885,0.0199037243971936,1.515435,0.061701545631300155,3.918484475,0.0115155250000001,0.88635,0.0103316909648406,0.4001,0.0001,0.8076,0.0276,1.1876,0.0476000000000001,1.6451,0.0901000000000001
CWNU_1861,0.20885,0.036393077852395,0.6474350000000001,0.1128185413424245,1.78,,0.47885,0.0331482601660057,0.0001,0.0001,0.0301,0.0151,0.2001,0.0350999999999999,0.4101,0.1001
CWNU_1864,0.6076,0.0126,1.8835600000000001,0.039060000000000004,2.714793925,0.165206075,0.9201,0.0184711730708738,0.3626,0.00760000000000001,0.8076,0.0126,1.2676,0.0126000000000001,1.7451,0.0300999999999999
CWNU_1866,0.7126,0.047862432936357,2.20906,0.1483735421027067,2.557778235,0.182221765,0.9576,0.0130903810567665,0.3051,0.0101,0.8226,0.1026,1.2776,0.147600000000001,1.8801,0.195100000000001
CWNU_1868,0.2301,0.0255950975679642,0.71331,0.07934480246068902,2.79090208,0.16090208,0.54135,0.0022650635094611,0.3276,0.0026,0.5001,0.0201,0.7001,0.0751000000000007,0.9401,0.1201
CWNU_1869,0.14885,0.0388903016229573,0.46143500000000004,0.12055993503116763,2.24191758,0.0680824200000001,0.5676,0.0228760839478607,0.2501,0.0001,0.4001,0.0500999999999998,0.5501,0.1801,0.7601,0.2351
CWNU_1870,0.1026,0.0125999999999999,0.31806,0.03905999999999969,2.72094986,0.0990501399999999,0.3201,0.0001,0.1351,0.00510000000000001,0.2001,0.00509999999999999,0.2976,0.0226,0.4776,0.0476
CWNU_1874,0.1976,0.0228760839478606,0.61256,0.07091586023836786,,,0.4701,0.00509999999999998,0.1176,0.0026,0.2776,0.0126,0.4351,0.0600999999999999,0.6601,0.1051
CWNU_1882,0.25135,0.0065951905283833,0.7791850000000001,0.02044509063798823,0.625036425,0.425036425,0.4076,0.0168705098312484,0.0851,0.0001,0.2151,0.0351000000000001,0.4076,0.00759999999999998,0.6326,0.0426
CWNU_1885,0.3001,0.0359817502360181,0.93031,0.11154342573165611,2.696663175,0.126663175,0.6526,0.0026,0.5776,0.00760000000000001,0.8251,0.0351,1.0576,0.1026,1.3376,0.1776
CWNU_189,0.3201,0.00363553390593274,0.99231,0.011270155108391494,0.98140708,0.02859292,0.4901,0.0146773797371133,0.2226,0.0026,0.4176,0.00760000000000001,0.6376,0.00760000000000001,0.9101,0.0201
CWNU_1896,0.2001,0.00363553390593273,0.62031,0.011270155108391463,0.8,,0.32385,0.0065951905283833,0.1351,0.00510000000000001,0.2576,0.00760000000000001,0.3851,0.00510000000000001,0.5776,0.00760000000000001
CWNU_1897,0.1601,0.0146773797371133,0.49631,0.04549987718505123,0.45462745,0.31537255,0.19385,0.0130301005409858,0.0726,0.0026,0.1426,0.0175999999999998,0.2376,0.0326,0.4001,0.0800999999999998
CWNU_19,0.5151,0.00717106781186548,1.59681,0.022230310216782987,1.64157835,0.0115783500000001,0.7651,0.00876025403784439,0.3276,0.0026,0.6676,0.00760000000000001,0.9976,0.00759999999999995,1.4351,0.0151
CWNU_1900,0.39135,0.00424578098794425,1.213185,0.013161921062627176,1.33605807,0.0839419299999999,0.42135,0.100435375117652,0.2326,0.00259999999999999,0.4351,0.0451,0.6351,0.0801000000000001,0.9326,0.1726
CWNU_1902,0.26635,0.00693282518435823,0.825685,0.021491758071510512,2.27747593,0.0774759299999999,1.1451,0.0260807621135332,0.4341,0.1111,0.7636,0.3066,1.1926,0.4776,1.5951,0.6051
CWNU_1905,0.6901,0.0270258240356725,2.13931,0.08378005451058475,5.02170746,0.31829254,1.10635,0.0152554445662276,0.4101,0.0101,1.0101,0.0251,1.5101,0.0701000000000001,2.0526,0.0975999999999999
CWNU_1908,1.14635,0.0144069039278245,3.553685,0.04466140217625595,3.894661235,0.044661235,1.6501,0.0345601218802256,0.5726,0.0026,1.4876,0.00259999999999995,2.3426,0.0375999999999999,3.1201,0.0201
CWNU_191,0.5676,0.0126,1.75956,0.039060000000000004,2.51009116,0.309908839999999,0.93885,0.0233849200127464,0.2576,0.0026,0.6601,0.0001,1.1151,0.0101,1.6101,0.0151
CWNU_1910,0.44635,0.0171934929139717,1.383685,0.05329982803331228,1.920359265,0.229640734999999,0.4276,0.0320178633370093,0.3251,0.0001,0.5626,0.0476,0.7651,0.1201,1.1326,0.192600000000001
CWNU_1917,0.37385,0.0065951905283833,1.158935,0.02044509063798823,1.763546635,0.156453365,0.41385,0.00554862367942582,0.1276,0.0676,0.3026,0.1326,0.4826,0.2126,0.8501,0.2651
CWNU_1920,0.5351,0.0263202212042538,1.6588100000000001,0.08159268573318677,4.291214015,0.00878598499999983,0.9826,0.00760000000000001,0.4576,0.0026,0.9051,0.0201,1.3376,0.0676,1.8201,0.0901
CWNU_1926,0.24635,0.00829679815537751,0.7636850000000001,0.025720074281670283,0.71886087,0.29113913,0.28635,0.0199037243971936,0.1976,0.00759999999999999,0.3201,0.0201,0.4576,0.0426,0.6626,0.0925999999999999
CWNU_1928,0.3776,0.0318214438511238,1.17056,0.09864647593848379,1.25,,0.61135,0.0321887441324836,0.2126,0.0026,0.4701,0.0001,0.7801,0.0251,0.9951,0.0751
CWNU_1929,0.05635,0.0120242400177118,0.174685,0.03727514405490658,2.745409765,0.204590235,0.9076,0.0044301270189222,0.1876,0.0376,0.4026,0.2276,0.6201,0.3851,0.9301,0.6101
CWNU_193,0.3076,0.0599435460179291,0.95356,0.18582499265558022,1.150961235,0.189038765,0.27885,0.0130301005409857,0.1901,0.0151,0.3251,0.0550999999999999,0.4651,0.0950999999999999,0.9326,0.3876
CWNU_1932,1.20385,0.0144069039278245,3.7319350000000004,0.04466140217625595,4.13,,1.7826,0.0214600093632938,0.8576,0.0026,1.8426,0.00760000000000006,2.7601,0.0101,3.6151,0.0200999999999998
CWNU_1938,0.33635,0.0185983107336859,1.042685,0.05765476327442629,3.77762295,0.99237705,0.5751,0.016683123951777,0.3726,0.00760000000000001,0.6151,0.00510000000000001,0.8176,0.0126,1.2051,0.0301
CWNU_1940,0.4851,0.0137930639376292,1.5038099999999999,0.04275849820665052,1.23387876,0.233878759999999,0.7776,0.0109972473588517,0.2776,0.0026,0.6326,0.0126,0.9151,0.0151,1.3776,0.0476
CWNU_1943,0.4726,0.00569016994374946,1.46506,0.017639526825623326,2.55,,0.70635,0.0109253175473055,0.1951,0.0001,0.4851,0.0151,0.8001,0.0101,1.2076,0.0376000000000001
CWNU_1946,0.2451,0.0311241841149772,0.7598100000000001,0.09648497075642933,2.6,,0.5701,0.00622372435695791,0.4501,0.0001,0.6476,0.0276,0.8501,0.0901,1.0951,0.1551
CWNU_1950,0.1926,0.0026,0.59706,0.00806,0.706233515,0.273766485,0.3101,0.0101,0.1276,0.0026,0.2601,0.00510000000000001,0.3726,0.0026,0.5726,0.0126
CWNU_1953,0.35635,0.00424578098794425,1.1046850000000001,0.013161921062627176,0.792244525,0.027755475,0.57885,0.0022650635094611,0.3076,0.0026,0.5376,0.0026,0.7501,0.0001,1.1026,0.0126
CWNU_1954,0.6551,0.0107066017177982,2.0308100000000002,0.033190465325174424,0.8,,0.98635,0.00554862367942585,0.2051,0.0101,0.6526,0.0276,1.0976,0.0476,1.6926,0.0825999999999999
CWNU_1955,0.11635,0.00424578098794425,0.360685,0.013161921062627176,0.37606052,0.0439394799999994,0.2151,0.00363553390593274,0.0951,0.0101,0.1726,0.0126,0.2551,0.0101,0.3626,0.0376
CWNU_1957,0.2626,0.00911387818865998,0.81406,0.02825302238484594,1.45,,0.39885,0.02142340263654,0.0001,0.0001,0.0426,0.0176,0.1951,0.0451,0.4576,0.0875999999999999
CWNU_1958,0.49135,0.00902678553567857,1.523185,0.02798303516060357,1.693215695,0.116784305,0.7776,0.0161078105935821,0.3051,0.0001,0.6651,0.0301,0.9851,0.0251,1.4351,0.0451
CWNU_1965,0.6926,0.00839156197588846,2.14706,0.02601384212525423,2.464243075,0.044243075,1.1926,0.0044301270189222,0.6456,0.1806,1.1501,0.195100000000001,1.5851,0.2001,2.2201,0.320100000000002
CWNU_1966,0.42635,0.00424578098794425,1.321685,0.013161921062627176,1.4098167,0.000183299999999997,0.02635,0.0152554445662277,0.1601,0.1101,0.2676,0.2676,0.4026,0.3976,0.6176,0.5876
CWNU_1970,0.2901,0.00622372435695793,0.89931,0.019293545506569584,1.5,,0.50635,0.0022650635094611,0.2251,0.0151,0.4051,0.0151,0.5826,0.0176,0.8801,0.0451
CWNU_1973,0.0526,0.0284945417290014,0.16306,0.08833307935990434,1.895727825,0.00427217499999999,0.2351,0.0001,0.0001,0.0001,0.0351,0.0101,0.1026,0.0376,0.1826,0.1026
CWNU_1976,0.4151,0.00622372435695795,1.28681,0.019293545506569646,1.619579405,0.070420595,0.66635,0.0156623744974859,0.3126,0.0026,0.6001,0.0301,0.8751,0.0251,1.2451,0.0500999999999999
CWNU_1980,0.51885,0.0164458710382775,1.608435,0.050982200218660255,2.181524725,0.138475275,0.7501,0.0174205080756888,0.2201,0.0201,0.5651,0.0501,0.9201,0.0501,1.2976,0.0426000000000001
CWNU_1988,0.5281,0.0250899979991996,1.63711,0.07777899379751876,2.250622385,0.0106223849999998,0.86635,0.0199037243971936,0.1551,0.00510000000000001,0.4976,0.0126,0.8931,0.00710000000000001,1.4576,0.0975999999999999
CWNU_1994,0.64885,0.0130301005409858,2.011435,0.04039331167705598,2.44929044,0.14070956,0.9651,0.0087602540378444,0.3726,0.0126,0.8351,0.0451,1.2701,0.0450999999999999,1.7801,0.0301
CWNU_1997,0.77385,0.051136139156484,2.3989350000000003,0.1585220313851004,3.286267725,0.106267725,1.16385,0.0211282548015759,0.1926,0.0326,0.7626,0.00760000000000001,1.3726,0.0326,2.0151,0.0951
CWNU_2003,0.0501,0.0001,0.15531,0.00031,0.32310285,0.21689715,0.0901,0.00717106781186548,0.0001,0.0001,0.0201,0.0101,0.0476,0.00759999999999999,0.1176,0.0026
CWNU_2004,0.6076,0.0104077640640442,1.8835600000000001,0.032264068598537025,2.564447465,0.0544474650000002,0.8976,0.0044301270189222,0.0151,0.0151,0.4176,0.0276,0.8301,0.0501,1.3601,0.0701
CWNU_2009,0.5126,0.00569016994374948,1.58906,0.017639526825623388,1.5,,0.7776,0.0130903810567666,0.2901,0.0001,0.6551,0.0201,0.9651,0.0201,1.4201,0.0401
CWNU_2011,0.47885,0.00970143218483575,1.484435,0.030074439772990826,2.1,,0.5476,0.0852836251870039,0.3551,0.00510000000000001,0.6251,0.0401,0.8901,0.0851,1.2451,0.1601
CWNU_2013,0.37885,0.0264094564748115,1.1744350000000001,0.08186931507191565,1.439332695,0.120667305,0.60135,0.0280228848796108,0.2576,0.0026,0.5551,0.0001,0.8151,0.0151,1.0926,0.0726
CWNU_2015,0.2726,0.00569016994374948,0.84506,0.017639526825623388,2.8,,0.61135,0.0530593004107871,0.0276,0.0276,0.1651,0.0250999999999999,0.3776,0.0276,0.6826,0.0926000000000002
CWNU_2019,0.3801,0.00945414346693486,1.17831,0.02930784474749807,1.56829607,0.0,0.60135,0.00902678553567857,0.2551,0.00510000000000001,0.5126,0.0026,0.7701,0.00510000000000001,1.1001,0.0101
CWNU_2022,0.28385,0.00424578098794423,0.879935,0.013161921062627114,0.857648955,0.077648955,0.44885,0.0144069039278245,0.2126,0.0026,0.3976,0.00760000000000001,0.5851,0.0151,0.8401,0.0301
CWNU_2024,0.18885,0.00902678553567857,0.585435,0.02798303516060357,0.84,,0.3076,0.00760000000000001,0.1426,0.00259999999999999,0.2351,0.00509999999999999,0.3676,0.0326,0.5876,0.0476
CWNU_2026,0.5176,0.0148901994577491,1.60456,0.04615961831902221,2.000461965,0.309538035000002,0.7701,0.00945414346693486,0.2651,0.00510000000000001,0.6151,0.0101,0.9401,0.0101,1.4276,0.0376000000000001
CWNU_2028,0.80135,0.0144069039278245,2.484185,0.04466140217625595,3.181260425,0.0212604249999999,1.1576,0.0217506350946109,0.5076,0.0026,1.1001,0.0201,1.6326,0.0126,2.2526,0.0376000000000001
CWNU_203,0.1551,0.00800569415042095,0.48080999999999996,0.024817651866304948,0.8,,0.25135,0.00554862367942585,0.1426,0.00259999999999999,0.2426,0.0026,0.3501,0.00510000000000001,0.4651,0.0251
CWNU_2033,0.18885,0.00424578098794425,0.585435,0.013161921062627176,0.77402364,0.13597636,0.3201,0.0151,0.1526,0.0026,0.3001,0.0301,0.4401,0.0451,0.6001,0.0551
CWNU_2036,0.5276,0.0193028643696715,1.63556,0.05983887954598165,,,0.74635,0.0307950728945217,0.0001,0.0001,0.1701,0.0501,0.5001,0.0501,0.9426,0.0976000000000003
CWNU_2038,0.11385,0.0022650635094611,0.35293500000000005,0.00702169687932941,0.68973649,0.46026351,0.1701,0.0001,0.0576,0.0026,0.1151,0.0051,0.1901,0.0001,0.2901,0.0101
CWNU_204,0.16885,0.00554862367942584,0.523435,0.017200733406220105,0.45918912,0.14081088,0.28135,0.00226506350946107,0.1251,0.00510000000000001,0.2351,0.0151,0.3601,0.0151,0.4901,0.0401
CWNU_2040,0.44635,0.0109253175473055,1.383685,0.03386848439664705,3.68500981,0.504990189999997,0.66635,0.0301780235387899,0.3701,0.0201,0.6726,0.00760000000000001,0.9826,0.0026,1.3526,0.0226
CWNU_2043,0.23135,0.00970143218483576,0.7171850000000001,0.03007443977299086,0.911071665,0.0989283349999995,0.46135,0.037745550865939,0.1801,0.0001,0.3726,0.0376,0.5751,0.0701000000000005,0.7551,0.1101
CWNU_2051,0.3926,0.0266753645318366,1.21706,0.08269363004869346,4.053067135,0.203067135,0.8176,0.0161078105935821,0.0001,0.0001,0.3001,0.0201,0.6201,0.0551000000000001,1.0376,0.1076
CWNU_2055,0.0476,0.0276,0.14756000000000002,0.08556,2.55,,0.2151,0.0319198051533947,0.0001,0.0001,0.0276,0.0026,0.0151,0.0001,0.1751,0.0751000000000001
CWNU_2057,0.75635,0.00829679815537751,2.344685,0.025720074281670283,3.361535685,0.298464315,1.20385,0.00659519052838334,0.3976,0.0276,0.9401,0.0351,1.4951,0.0251,2.1351,0.0400999999999998
CWNU_206,0.1976,0.0153069063257455,0.61256,0.047451409609811056,2.578940425,0.138940425,1.14885,0.0139631706330118,0.4126,0.1676,0.7776,0.4226,1.0776,0.6126,1.4901,0.8651
CWNU_2062,0.36385,0.00554862367942585,1.1279350000000001,0.017200733406220133,1.827933215,0.162066785,0.5826,0.0126,0.0001,0.0001,0.1751,0.0001,0.4426,0.0126,0.7726,0.0276
CWNU_2063,0.0076,0.00443012701892219,0.02356,0.01373339375865879,2.02041984,0.10958016,0.8376,0.0109972473588517,0.1526,0.0376,0.3176,0.2226,0.5351,0.3751,0.8126,0.5626
CWNU_2064,0.24635,0.00424578098794425,0.7636850000000001,0.013161921062627176,1.4,,0.5076,0.049280788932265,0.0526,0.0026,0.3076,0.0976000000000001,0.5276,0.1426,0.8001,0.1301
CWNU_2066,0.34635,0.00554862367942583,1.073685,0.017200733406220074,1.24584037,0.194159630000001,0.5776,0.0130903810567665,0.2626,0.0026,0.4876,0.0126,0.7251,0.0101,1.0526,0.0376000000000001
CWNU_2067,0.31885,0.0065951905283833,0.9884350000000001,0.02044509063798823,1.3,,0.50135,0.00902678553567857,0.2301,0.00509999999999999,0.4426,0.00760000000000001,0.6376,0.00760000000000001,0.9151,0.0201
CWNU_2070,0.4501,0.0307186217847897,1.39531,0.09522772753284807,4.387278545,0.0827214549999997,0.84885,0.0195855715851499,0.1476,0.0026,0.4951,0.0151,0.8126,0.0626,1.3101,0.0501000000000001
CWNU_2071,0.18885,0.00902678553567857,0.585435,0.02798303516060357,0.84,,0.3076,0.00760000000000001,0.1426,0.00259999999999999,0.2351,0.00509999999999999,0.3676,0.0326,0.5876,0.0476
CWNU_2076,0.36885,0.00554862367942585,1.143435,0.017200733406220133,1.13736982,0.00263017999999993,0.5726,0.00760000000000001,0.2751,0.00510000000000001,0.5126,0.0026,0.7526,0.00760000000000001,1.0851,0.00510000000000001
CWNU_2082,0.0751,0.0232840462387393,0.23281000000000002,0.07218054334009183,2.87778168,0.0177816800000001,0.47635,0.00749509972887451,0.0876,0.0276,0.1851,0.0651,0.3201,0.1351,0.5276,0.2126
CWNU_2083,0.4776,0.0168705098312484,1.48056,0.05229858047687004,4.19942565,0.450574350000001,0.7776,0.0252246890528023,0.1976,0.0276,0.5976,0.0226,0.9651,0.0451,1.3801,0.0801
CWNU_2089,0.1776,0.0284945417290013,0.55056,0.08833307935990403,4.85,,0.4701,0.0174205080756888,0.1201,0.0051,0.2576,0.00760000000000001,0.4001,0.0201,0.6551,0.0951
CWNU_2095,0.1351,0.00717106781186547,0.41881,0.02223031021678296,0.156920225,0.033079775,0.1926,0.0130903810567666,0.1001,0.0051,0.1726,0.00759999999999999,0.2601,0.0201,0.3576,0.00760000000000001
CWNU_2096,0.1476,0.0144614066163451,0.45756,0.04483036051066981,1.72354598,0.11645402,0.7751,0.0218944947177034,0.3351,0.0151,0.5576,0.1776,0.7776,0.3026,1.0701,0.4451
CWNU_2104,0.9051,0.00717106781186548,2.80581,0.022230310216782987,3.569793515,0.290206485,1.3776,0.0217506350946109,0.3226,0.0026,1.0601,0.0301,1.6876,0.00259999999999995,2.4176,0.0626
CWNU_2106,0.9551,0.00945414346693486,2.96081,0.02930784474749807,3.59742144,0.09257856,1.40635,0.0125373429638328,0.4076,0.00259999999999997,1.1301,0.0100999999999999,1.7976,0.00759999999999995,2.5501,0.0251000000000001
CWNU_2114,0.1001,0.0101,0.31031,0.03131,2.675296795,0.025296795,0.9701,0.0146773797371133,0.1726,0.0726000000000001,0.4401,0.2801,0.7026,0.4626,1.0201,0.6351
CWNU_2115,0.2551,0.00622372435695795,0.79081,0.019293545506569646,1.053345235,0.356654765,0.4351,0.0118260393995586,0.1976,0.0026,0.3676,0.0126,0.5301,0.0251,0.7726,0.0476
CWNU_2118,0.1651,0.0118260393995586,0.51181,0.03666072213863166,0.75,,0.22385,0.00554862367942585,0.0776,0.0026,0.1726,0.00759999999999999,0.2676,0.0176,0.4426,0.0525999999999999
CWNU_2121,0.48635,0.0301780235387899,1.5076850000000002,0.0935518729702487,2.09185193,0.11814807,0.71135,0.0144069039278245,0.1926,0.00760000000000001,0.5351,0.0351,0.8501,0.0401,1.2951,0.1001
CWNU_2128,0.38635,0.00554862367942585,1.197685,0.017200733406220133,1.15397218,0.0360278199999999,0.54885,0.0139631706330118,0.2326,0.00259999999999999,0.4701,0.00509999999999998,0.7076,0.0176,1.0426,0.0226
CWNU_2130,0.41885,0.0130301005409857,1.298435,0.04039331167705567,1.65,,0.6076,0.0130903810567666,0.2626,0.00760000000000001,0.5276,0.0026,0.7976,0.0226,1.1501,0.00510000000000001
CWNU_2139,0.42135,0.0125373429638328,1.3061850000000002,0.03886576318788168,1.15,,0.6501,0.0174205080756888,0.2476,0.00760000000000001,0.5376,0.00760000000000001,0.8251,0.00510000000000001,1.1776,0.0276000000000001
CWNU_2141,0.3576,0.0266753645318366,1.10856,0.08269363004869346,2.351501125,0.0584988750000002,0.63135,0.061068741991286,0.5826,0.00760000000000001,0.8276,0.0126,1.0401,0.0201,1.4526,0.1476
CWNU_2142,0.2601,0.00363553390593274,0.80631,0.011270155108391494,0.802449715,0.037550285,0.3951,0.0118260393995586,0.1926,0.0026,0.3476,0.00759999999999998,0.5226,0.0026,0.7451,0.0151
CWNU_2144,0.2876,0.00569016994374946,0.8915600000000001,0.017639526825623326,1.23284049,0.0371595100000001,0.4601,0.0151,0.2526,0.0026,0.4526,0.00760000000000001,0.6576,0.0276,0.8876,0.0276
CWNU_2148,0.40635,0.0074950997288745,1.259685,0.023234809159510948,1.71741664,0.0,0.65135,0.0103316909648406,0.1976,0.00759999999999999,0.4601,0.00510000000000001,0.7301,0.0201,1.1226,0.0276
CWNU_2154,0.7401,0.00622372435695795,2.29431,0.019293545506569646,2.65,,1.0926,0.0109972473588517,0.4301,0.0001,0.9476,0.0026,1.4276,0.0126,2.0601,0.0201
CWNU_2155,0.3701,0.0460619407771255,1.14731,0.14279201640908906,2.450441645,0.019558355,0.7601,0.0087602540378444,0.1101,0.00510000000000001,0.3926,0.0276,0.6876,0.0776,1.0876,0.0876
CWNU_2160,0.27635,0.0171934929139717,0.856685,0.05329982803331228,1.61374776,0.296252240000001,0.4526,0.0161078105935821,0.3151,0.00510000000000001,0.5101,0.00510000000000001,0.6826,0.0226,0.9176,0.0426
CWNU_2161,0.3316,0.0100624294225856,1.02796,0.03119353121001536,2.98662393,0.13662393,0.5951,0.0001,0.0176,0.0176,0.2651,0.0400999999999999,0.5576,0.0576000000000001,0.8701,0.0301
CWNU_2162,0.22385,0.0022650635094611,0.693935,0.00702169687932941,0.45,,0.3726,0.0044301270189222,0.1751,0.0001,0.3076,0.0026,0.4451,0.0001,0.6776,0.0026
CWNU_2171,0.3226,0.00569016994374948,1.00006,0.017639526825623388,0.1,,0.48385,0.00424578098794425,0.2301,0.00509999999999999,0.4276,0.0026,0.6426,0.00760000000000001,0.9251,0.0101
CWNU_218,0.26385,0.00554862367942585,0.817935,0.017200733406220133,0.781544715,0.061544715,0.3851,0.0137930639376292,0.1951,0.0001,0.3626,0.00760000000000001,0.4976,0.0376,0.7726,0.00760000000000001
CWNU_2182,0.37135,0.00902678553567857,1.1511850000000001,0.02798303516060357,1.574939505,0.145060495,0.54885,0.0022650635094611,0.2651,0.00510000000000001,0.5076,0.0026,0.7551,0.00510000000000001,1.0626,0.00760000000000006
CWNU_2187,0.10885,0.0246903944661325,0.33743500000000004,0.07654022284501076,,,0.38135,0.0284670142947755,0.2901,0.00510000000000001,0.4051,0.0700999999999997,0.5026,0.1026,0.6701,0.1401
CWNU_2188,0.4851,0.00717106781186548,1.5038099999999999,0.022230310216782987,1.773597765,0.053597765,0.75885,0.0109253175473055,0.2926,0.0026,0.6251,0.0001,0.9426,0.00759999999999995,1.3851,0.00510000000000001
CWNU_2189,0.4726,0.00839156197588848,1.46506,0.02601384212525429,4.4289967,0.1110033,0.88635,0.0195855715851499,0.2426,0.0876000000000001,0.6251,0.1051,1.0626,0.1276,1.4951,0.1201
CWNU_2197,0.47635,0.0273431183971292,1.476685,0.08476366703110053,2.88,,0.5526,0.31625858362537,0.1176,0.1176,0.5451,0.00510000000000001,0.8626,0.0026,1.1776,0.0926
CWNU_2201,0.4876,0.0130903810567666,1.51156,0.040580181275976464,1.784457235,0.085542765,0.7701,0.042673465914816,0.3526,0.00760000000000001,0.7151,0.00510000000000001,1.0851,0.0450999999999999,1.4301,0.0501000000000001
CWNU_2203,0.4851,0.0281624304008046,1.5038099999999999,0.08730353424249426,3.378795875,0.0212041249999999,0.8901,0.0451,0.3651,0.00510000000000001,0.7901,0.0351,1.1326,0.0326,1.6101,0.1501
CWNU_2209,0.75385,0.00902678553567857,2.336935,0.02798303516060357,2.8717507,0.0217506999999999,1.1426,0.0104077640640441,0.4326,0.00760000000000001,0.9751,0.0151,1.4801,0.0301,2.1401,0.0301
CWNU_2211,0.44885,0.00902678553567857,1.3914350000000002,0.02798303516060357,1.526823885,0.016823885,0.68135,0.0139631706330117,0.2526,0.0026,0.5501,0.00510000000000001,0.8526,0.0026,1.2326,0.0126000000000001
CWNU_2212,0.2551,0.00363553390593274,0.79081,0.011270155108391494,0.9,,0.38135,0.0065951905283833,0.2076,0.0026,0.3576,0.0026,0.4951,0.0001,0.7601,0.0151
CWNU_2213,0.4726,0.0293617497767991,1.46506,0.09102142430807722,4.123614895,0.096385105,0.89635,0.0301780235387899,0.2101,0.00510000000000001,0.5726,0.0226,0.8926,0.0526,1.3951,0.1001
CWNU_2214,0.5301,0.00717106781186548,1.64331,0.022230310216782987,1.8,,0.7926,0.0130903810567666,0.3101,0.0001,0.6626,0.0026,0.9976,0.0126,1.4651,0.00510000000000001
CWNU_2218,0.3001,0.00945414346693486,0.93031,0.02930784474749807,0.94033153,0.07966847,0.47635,0.0139631706330118,0.2301,0.0001,0.4226,0.0026,0.6376,0.0226,0.8676,0.0276
CWNU_2220,0.4426,0.0135629120178363,1.37206,0.04204502725529253,1.1389865,0.5689865,0.6826,0.0193028643696715,0.2476,0.0126,0.5801,0.00510000000000001,0.8726,0.0126,1.2451,0.0200999999999999
CWNU_2221,0.4751,0.00945414346693484,1.4728100000000002,0.029307844747498004,2.3,,0.58635,0.00829679815537751,0.0926,0.0726,0.3751,0.1351,0.6451,0.1551,1.0576,0.2376
CWNU_2227,0.68135,0.0109253175473055,2.112185,0.03386848439664705,2.95,,1.0076,0.0130903810567666,0.2526,0.0026,0.7276,0.0126,1.1951,0.0151,1.7676,0.0526
CWNU_223,0.1026,0.0026,0.31806,0.00806,0.408196145,0.0518038549999999,0.1951,0.00717106781186547,0.0601,0.0001,0.1276,0.00760000000000001,0.2176,0.0176,0.3101,0.0151
CWNU_2230,0.1976,0.0076,0.61256,0.02356,0.9,,0.34135,0.00226506350946107,0.1301,0.00510000000000001,0.2426,0.0126,0.3876,0.0376,0.5901,0.0201
CWNU_2231,0.12635,0.0256868618630734,0.391685,0.07962927177552755,2.686788815,0.026788815,0.51635,0.0613755048938804,0.2001,0.0400999999999999,0.3426,0.1026,0.3851,0.0451,0.7251,0.2851
CWNU_2232,0.48385,0.0152554445662277,1.499935,0.047291878155305875,2.132019405,0.252019405,0.68885,0.106188111963594,0.0401,0.0101,0.3526,0.0326,0.5976,0.1826,1.1676,0.0926
CWNU_2239,0.5276,0.0626,1.63556,0.19406,2.269173335,0.119173335,0.75385,0.0828930401664299,0.0001,0.0001,0.1676,0.0276,0.5026,0.0276,0.9351,0.1001
CWNU_2243,0.64635,0.0103316909648406,2.003685,0.03202824199100587,2.7,,0.88385,0.0065951905283833,0.1626,0.0526,0.6126,0.0675999999999999,0.9651,0.1301,1.5301,0.1501
CWNU_2248,0.4476,0.0310232921921325,1.3875600000000001,0.09617220579561074,3.53755707,0.0275570700000001,0.8176,0.0189745860881768,0.2401,0.0101,0.6301,0.0451,0.9226,0.0676,1.3276,0.1776
CWNU_2253,0.20385,0.0280228848796109,0.631935,0.08687094312679379,2.834361415,0.00563858500000003,0.68635,0.0125373429638327,0.2001,0.0701,0.4151,0.1351,0.6176,0.1976,0.9026,0.3426
CWNU_2254,0.1101,0.0321156211871642,0.34131,0.09955842568020902,2.3669098,0.00309020000000015,0.33635,0.0168238602003246,0.0001,0.0001,0.0026,0.0026,0.0651,0.0551,0.2076,0.1076
CWNU_2258,0.8226,0.0115564392373896,2.55006,0.03582496163590776,3.29649119,0.20649119,1.1801,0.00717106781186548,0.1926,0.00760000000000001,0.7926,0.0126,1.3476,0.0376,2.0026,0.0426
CWNU_2259,0.24635,0.00424578098794425,0.7636850000000001,0.013161921062627176,0.942395635,0.167604365,0.39385,0.0065951905283833,0.1976,0.0026,0.3451,0.0001,0.5001,0.00510000000000001,0.7276,0.00760000000000001
CWNU_226,0.1776,0.0076,0.55056,0.02356,0.27561221,0.0443877899999999,0.2051,0.0001,0.1076,0.0026,0.1976,0.0276,0.3051,0.0451,0.4576,0.0776
CWNU_2262,0.77385,0.0443118479595685,2.3989350000000003,0.13736672867466238,2.91495453,0.0649545300000001,1.27885,0.0195855715851498,0.3451,0.0951000000000001,0.9401,0.1251,1.6701,0.0201,2.1926,0.1476
CWNU_2264,0.2201,0.00363553390593274,0.68231,0.011270155108391494,1.133265365,0.096734635,0.3701,0.00363553390593274,0.2276,0.0026,0.3626,0.0026,0.5176,0.0026,0.7326,0.0026
CWNU_2265,0.2426,0.00569016994374948,0.7520600000000001,0.017639526825623388,0.836135175,0.216135175,0.4151,0.0001,0.2201,0.00510000000000001,0.3676,0.0126,0.5276,0.00760000000000001,0.7851,0.0101
CWNU_2266,0.58385,0.0321887441324836,1.809935,0.09978510681069916,3.602531515,0.0525315150000001,0.93385,0.0249432586429397,0.3026,0.0026,0.7576,0.0026,1.1576,0.0276000000000001,1.6551,0.0450999999999999
CWNU_2267,0.4401,0.0001,1.36431,0.00031,1.57417416,0.165825839999999,0.64635,0.0065951905283833,0.2626,0.0276000000000003,0.5326,0.0126,0.7826,0.0176,1.1976,0.0276000000000001
CWNU_2268,0.19885,0.0325759526419164,0.6164350000000001,0.10098545318994084,2.91598459,0.00401541000000005,0.56385,0.0182572988079174,0.1301,0.0001,0.3226,0.0526,0.4876,0.0826000000000001,0.7351,0.1401
CWNU_2269,0.4476,0.00760000000000001,1.3875600000000001,0.023560000000000032,1.484181975,0.104181975,0.73885,0.00902678553567857,0.2826,0.00759999999999998,0.5676,0.00759999999999995,0.8876,0.00760000000000001,1.2976,0.0176
CWNU_2270,0.47385,0.00554862367942582,1.468935,0.017200733406220043,1.65,,0.72385,0.0022650635094611,0.3226,0.0026,0.6251,0.00510000000000001,0.9101,0.00510000000000001,1.3501,0.00510000000000001
CWNU_2272,0.2651,0.00800569415042095,0.82181,0.024817651866304948,1.2,,0.38885,0.00970143218483577,0.1726,0.00259999999999999,0.3251,0.00510000000000001,0.5201,0.00510000000000001,0.7351,0.0301
CWNU_2274,0.9051,0.00717106781186548,2.80581,0.022230310216782987,3.569793515,0.290206485,1.3776,0.0217506350946109,0.3226,0.0026,1.0601,0.0301,1.6876,0.00259999999999995,2.4176,0.0626
CWNU_2275,0.2176,0.00760000000000001,0.6745599999999999,0.023560000000000032,2.61269058,0.09269058,0.4451,0.0520615242270667,0.1601,0.0001,0.3476,0.0375999999999998,0.5076,0.0426,0.7951,0.0651
CWNU_2277,0.2301,0.0227384628453436,0.71331,0.07048923482056517,2.814691575,0.00530842499999995,0.5601,0.0001,0.2651,0.00510000000000001,0.4426,0.0376,0.6526,0.0826000000000001,0.9301,0.110100000000001
CWNU_2279,0.2201,0.033454160160316,0.68231,0.1037078964969796,2.81313014,0.0,0.57385,0.0214234026365399,0.3576,0.00760000000000001,0.5526,0.0376,0.7276,0.0875999999999995,1.0101,0.1751
CWNU_2280,0.4126,0.00569016994374946,1.27906,0.017639526825623326,2.3,,0.6826,0.00759999999999996,0.0976,0.0026,0.3676,0.0126,0.6451,0.0001,1.0726,0.0426
CWNU_2282,0.4751,0.00945414346693484,1.4728100000000002,0.029307844747498004,1.72191563,0.16191563,0.7151,0.0107066017177982,0.2476,0.00760000000000001,0.5701,0.0001,0.8901,0.00510000000000001,1.3026,0.0126
CWNU_2283,0.6101,0.0001,1.89131,0.00031,3.19812512,0.0,0.94885,0.0109253175473054,0.5201,0.0001,0.9826,0.0226,1.4026,0.0476,1.8776,0.0826
CWNU_2284,0.2876,0.0026,0.8915600000000001,0.00806,0.837178515,0.072821485,0.4151,0.0001,0.1876,0.0126,0.3401,0.0201,0.5051,0.0351,0.7851,0.0501
CWNU_2285,0.5101,0.0274861278752583,1.58131,0.08520699641330073,4.241360545,0.00863945499999996,0.9076,0.0304108891324554,0.1901,0.0001,0.6151,0.0251,0.9351,0.0151,1.4451,0.1201
CWNU_2288,0.2926,0.038587010795852,0.9070600000000001,0.1196197334671412,3.131234105,0.011234105,0.6676,0.0176,0.1251,0.0001,0.4001,0.0351,0.6351,0.0751000000000003,0.9276,0.1926
CWNU_2289,0.5821,0.0112579568022107,1.8045099999999998,0.03489966608685317,1.75,,0.4401,0.0001,0.3151,0.0151,0.5801,0.1301,0.8601,0.2151,1.2426,0.3526
CWNU_2292,0.6801,0.0128475487839819,2.1083100000000004,0.039827401230343895,2.42030626,0.0603062600000002,1.02135,0.0266459507269942,0.3176,0.0126,0.8151,0.0101,1.3051,0.0001,1.8526,0.0276
CWNU_2299,0.3951,0.0184711730708738,1.22481,0.05726063651970878,1.193835835,0.233835835,0.6101,0.0213132034355964,0.2826,0.00259999999999997,0.5326,0.0176,0.8051,0.0151,1.1301,0.0001
CWNU_2300,0.31885,0.0022650635094611,0.9884350000000001,0.00702169687932941,0.84840246,0.30840246,0.5326,0.0109972473588517,0.2051,0.00509999999999999,0.4076,0.00259999999999997,0.6201,0.0101,0.9401,0.00509999999999995
CWNU_2301,0.2751,0.00363553390593274,0.8528100000000001,0.011270155108391494,1.6,,0.4651,0.0107066017177982,0.1901,0.0001,0.3726,0.0126,0.5576,0.0226,0.8226,0.0276
CWNU_2303,0.58385,0.0321887441324836,1.809935,0.09978510681069916,3.602531515,0.0525315150000001,0.93385,0.0249432586429397,0.3026,0.0026,0.7576,0.0026,1.1576,0.0276000000000001,1.6551,0.0450999999999999
CWNU_2304,0.0076,0.0076,0.02356,0.02356,1.80645623,0.256456229999999,0.2526,0.0130903810567666,0.0126,0.0126,0.0426,0.0276,0.1076,0.0626,0.2426,0.0876000000000001
CWNU_2306,0.1801,0.00363553390593274,0.5583100000000001,0.011270155108391494,,,0.3401,0.00622372435695793,0.1476,0.0026,0.2826,0.0226,0.4076,0.0426000000000001,0.6101,0.0501
CWNU_2307,0.6201,0.0001,1.92231,0.00031,1.480474705,0.180474705,0.88885,0.0860778314450882,0.2816,0.1016,0.8576,0.00760000000000001,1.2376,0.0476,1.7751,0.0251
CWNU_2309,0.4801,0.00622372435695795,1.48831,0.019293545506569646,1.56078206,0.0307820599999999,0.7326,0.0109972473588517,0.2551,0.0101,0.5876,0.0176,0.8776,0.00760000000000001,1.3176,0.0126000000000001
CWNU_2310,0.4651,0.00622372435695793,1.44181,0.019293545506569584,2.35870969,0.261290310000001,0.11885,0.0202168461742889,0.0301,0.0301,0.1826,0.1826,0.3351,0.3351,0.5651,0.5601
CWNU_2312,0.3901,0.0159113883008419,1.20931,0.04932530373260989,1.11309574,0.0330957399999999,0.5751,0.0118260393995586,0.2126,0.0026,0.4601,0.0151,0.7076,0.0176,1.0226,0.0176000000000001
CWNU_2313,0.4451,0.0151,1.37981,0.046810000000000004,1.9,,0.73635,0.0160589316685046,0.2826,0.00759999999999998,0.5801,0.00510000000000001,0.8951,0.0151,1.2726,0.0476
CWNU_2317,0.4326,0.00760000000000001,1.34106,0.023560000000000032,1.6,,0.6476,0.0109972473588517,0.2276,0.0126,0.5276,0.00760000000000001,0.8001,0.0101,1.1751,0.0101
CWNU_2320,0.36885,0.00749509972887453,1.143435,0.023234809159511045,1.33930393,0.0106960700000001,0.5751,0.0177776695296637,0.2576,0.0026,0.5201,0.0151,0.7826,0.0226,1.0751,0.0351
CWNU_2321,0.1051,0.0001,0.32581,0.00031,0.45,,0.21385,0.0139631706330118,0.0801,0.0001,0.1526,0.0175999999999999,0.2426,0.0326,0.3551,0.0351
CWNU_2322,0.4251,0.0137930639376291,1.31781,0.04275849820665021,1.05055555,0.00055554999999996,0.6276,0.0044301270189222,0.2776,0.0026,0.5476,0.0226,0.8001,0.0301,1.1401,0.0151
CWNU_2326,0.6601,0.0303076149339864,2.04631,0.09395360629535784,2.23773988,0.06773988,1.0051,0.0323102468168128,0.4566,0.0136,1.0801,0.0500999999999999,1.5351,0.0001,1.9051,0.1251
CWNU_2330,0.44635,0.0222852991866236,1.383685,0.06908442747853316,4.051021865,0.191021865,1.5126,0.0278263412660236,0.4276,0.1126,0.9976,0.3426,1.5451,0.5951,2.0876,0.7526
CWNU_2331,0.2276,0.0208665596572952,0.70556,0.06468633493761512,2.9,,0.45135,0.0022650635094611,0.0826,0.0076,0.2451,0.00510000000000001,0.4201,0.0251,0.6551,0.0451
CWNU_2333,0.32635,0.0120242400177118,1.011685,0.03727514405490658,1.189558635,0.300441365,0.53385,0.0022650635094611,0.2201,0.00510000000000001,0.4351,0.0001,0.6426,0.0126,0.9301,0.0451
CWNU_2335,0.27635,0.0241767003553228,0.856685,0.0749477711015007,2.76244194,0.12244194,0.66635,0.0195855715851499,0.2726,0.0126,0.5201,0.0351,0.7301,0.0501,1.0876,0.142600000000001
CWNU_2342,0.7951,0.0243383992870816,2.46481,0.07544903778995296,3.214170925,0.0158290750000001,1.1876,0.0320178633370093,0.3226,0.00760000000000001,0.9476,0.00760000000000001,1.5301,0.0151,2.1026,0.0426
CWNU_2343,0.44885,0.0152554445662277,1.3914350000000002,0.047291878155305875,1.15421513,0.39421513,0.6901,0.0151,0.3051,0.00510000000000001,0.6226,0.00760000000000001,0.9426,0.00759999999999995,1.2926,0.00760000000000006
CWNU_2345,0.6601,0.0303076149339864,2.04631,0.09395360629535784,2.23773988,0.06773988,1.0051,0.0323102468168128,0.4566,0.0136,1.0801,0.0500999999999999,1.5351,0.0001,1.9051,0.1251
CWNU_2347,0.3201,0.0146773797371133,0.99231,0.04549987718505123,0.928210375,0.188210375,0.1501,0.0174205080756886,0.1651,0.1001,0.2601,0.2001,0.3776,0.2576,0.5426,0.3226
CWNU_2353,0.8301,0.0267926956300783,2.5733099999999998,0.08305735645324273,2.84500523,0.06499477,0.6901,0.0184711730708738,0.4651,0.0101,0.9126,0.1426,1.3776,0.2976,1.8526,0.3976
CWNU_2354,0.0676,0.0104077640640442,0.20956,0.032264068598537025,0.413214125,0.276785875,0.08885,0.00659519052838329,0.0151,0.0051,0.0251,0.0151,0.0701,0.0301,0.1651,0.0701000000000001
CWNU_2355,0.2301,0.0255950975679642,0.71331,0.07934480246068902,2.79090208,0.16090208,0.54135,0.0022650635094611,0.3276,0.0026,0.5001,0.0201,0.7001,0.0751000000000007,0.9401,0.1201
CWNU_2356,0.3051,0.0151,0.9458099999999999,0.046810000000000004,2.4,,0.98135,0.0125373429638328,0.2976,0.00760000000000001,0.5926,0.0776000000000003,0.9226,0.1976,1.3906,0.3246
CWNU_2363,0.44885,0.0148372826531895,1.3914350000000002,0.04599557622488745,3.571391255,0.0113912549999999,0.74135,0.00424578098794425,0.2001,0.0350999999999999,0.5351,0.0401,0.8876,0.0126,1.2951,0.0451
CWNU_2364,0.8226,0.0115564392373896,2.55006,0.03582496163590776,3.29649119,0.20649119,1.1801,0.00717106781186548,0.1926,0.00760000000000001,0.7926,0.0126,1.3476,0.0376,2.0026,0.0426
CWNU_2366,0.15135,0.0022650635094611,0.4691850000000001,0.00702169687932941,0.444020005,0.155979995,0.21135,0.0103316909648406,0.0951,0.0001,0.1901,0.0001,0.2726,0.0226,0.4201,0.0101
CWNU_2370,0.2201,0.00876025403784438,0.68231,0.02715678751731758,0.81451098,0.37548902,0.2526,0.0421565096031518,0.1901,0.0001,0.2451,0.0601000000000001,0.3601,0.0901000000000001,0.5076,0.1376
CWNU_2371,0.47385,0.00554862367942582,1.468935,0.017200733406220043,1.65,,0.72385,0.0022650635094611,0.3226,0.0026,0.6251,0.00510000000000001,0.9101,0.00510000000000001,1.3501,0.00510000000000001
CWNU_2372,0.20385,0.0139631706330118,0.631935,0.04328582896233658,3.25,,0.51635,0.0022650635094611,0.2701,0.0151,0.4226,0.0376,0.6201,0.0800999999999998,0.8726,0.102599999999999
CWNU_2373,0.58385,0.0321887441324836,1.809935,0.09978510681069916,3.602531515,0.0525315150000001,0.93385,0.0249432586429397,0.3026,0.0026,0.7576,0.0026,1.1576,0.0276000000000001,1.6551,0.0450999999999999
CWNU_2374,0.7701,0.0137930639376292,2.3873100000000003,0.04275849820665052,3.15,,1.1426,0.0109972473588517,0.4401,0.0001,0.9876,0.00760000000000001,1.5276,0.0226000000000001,2.1676,0.0475999999999999
CWNU_2376,0.32885,0.00749509972887453,1.0194349999999999,0.023234809159511045,1.0876088,0.2523912,0.52385,0.00554862367942585,0.2401,0.0001,0.4476,0.0026,0.6676,0.0126,0.9601,0.0101
CWNU_2377,0.9051,0.00717106781186548,2.80581,0.022230310216782987,3.569793515,0.290206485,1.3776,0.0217506350946109,0.3226,0.0026,1.0601,0.0301,1.6876,0.00259999999999995,2.4176,0.0626
CWNU_2378,0.32385,0.0189331489666492,1.003935,0.058692761796612515,3.010815055,0.0491849449999999,0.5976,0.0202556443707464,0.1576,0.0026,0.3976,0.0026,0.6251,0.0301,0.9626,0.0826
CWNU_2379,0.2201,0.033454160160316,0.68231,0.1037078964969796,2.81313014,0.0,0.57385,0.0214234026365399,0.3576,0.00760000000000001,0.5526,0.0376,0.7276,0.0875999999999995,1.0101,0.1751
CWNU_2380,0.3551,0.0216058131676066,1.10081,0.06697802081958046,3.752638505,0.0973614950000001,0.7801,0.0101,0.5901,0.0201,0.8951,0.0851,1.2001,0.130099999999999,1.5601,0.210100000000001
CWNU_2381,0.25385,0.00424578098794425,0.786935,0.013161921062627176,1.4,,0.4076,0.0109972473588517,0.2051,0.00509999999999999,0.3726,0.00760000000000001,0.5401,0.0151,0.7676,0.0226
CWNU_2383,0.31385,0.00749509972887453,0.9729350000000001,0.023234809159511045,1.03621493,0.00621492999999995,0.50885,0.00554862367942585,0.1751,0.0001,0.3776,0.00760000000000001,0.5851,0.0151,0.8826,0.0026
CWNU_2391,0.4351,0.0309220700148449,1.34881,0.09585841704601919,3.61994669,0.0499466900000001,0.79635,0.0185983107336859,0.2601,0.0001,0.6201,0.0401,0.8901,0.0751,1.3151,0.160100000000001
CWNU_2392,0.43385,0.00554862367942585,1.344935,0.017200733406220133,1.9,,0.7426,0.0364145976158349,0.2651,0.00510000000000001,0.5826,0.0226,0.8801,0.0451,1.3001,0.0651
CWNU_2393,0.36885,0.00749509972887453,1.143435,0.023234809159511045,1.195269755,0.164730245000001,0.58635,0.0195855715851498,0.2651,0.0001,0.5251,0.0101,0.7851,0.0251,1.0876,0.0326000000000001
CWNU_2395,0.7701,0.0137930639376292,2.3873100000000003,0.04275849820665052,3.15,,1.1426,0.0109972473588517,0.4401,0.0001,0.9876,0.00760000000000001,1.5276,0.0226000000000001,2.1676,0.0475999999999999
CWNU_2397,0.50135,0.00902678553567857,1.554185,0.02798303516060357,1.6345131,0.0345131,0.7576,0.0109972473588517,0.2501,0.0001,0.5851,0.00510000000000001,0.9126,0.0026,1.3401,0.0101
CWNU_2399,0.3501,0.0303076149339864,1.08531,0.09395360629535784,3.9,,0.66885,0.0139631706330118,0.0726,0.0076,0.3601,0.0101,0.6176,0.0376,0.9226,0.1226
CWNU_2400,0.37385,0.0109253175473055,1.158935,0.03386848439664705,1.514267965,0.075732035,0.5926,0.00760000000000001,0.2601,0.00510000000000001,0.4951,0.0001,0.7501,0.0101,1.0976,0.0126000000000001
CWNU_2401,0.5351,0.00717106781186548,1.6588100000000001,0.022230310216782987,3.604688205,0.225311795,0.82635,0.00902678553567857,0.3476,0.0026,0.7126,0.00760000000000001,1.0726,0.00760000000000006,1.5376,0.00759999999999995
CWNU_2404,0.49135,0.00970143218483577,1.523185,0.030074439772990885,1.665697685,0.004302315,0.6576,0.106430851590684,0.3526,0.0026,0.7176,0.0176,0.9026,0.1076,1.4151,0.0501000000000001
CWNU_2409,0.15635,0.0114880419739304,0.484685,0.03561293011918425,0.26250773,0.0474922700000001,0.1876,0.0189745860881768,0.1026,0.0076,0.1776,0.0026,0.2751,0.0251,0.4126,0.0676000000000001
CWNU_2410,0.3676,0.00839156197588851,1.13956,0.02601384212525438,1.728448755,0.221551244999999,0.62385,0.00554862367942585,0.2626,0.0026,0.5076,0.0026,0.7626,0.0026,1.1176,0.0176
CWNU_2412,0.35385,0.00749509972887453,1.096935,0.023234809159511045,1.128609965,0.0486099649999999,0.5576,0.0226,0.2626,0.0026,0.5001,0.00510000000000001,0.7676,0.0276,1.0501,0.00510000000000001
CWNU_2414,0.2576,0.00569016994374948,0.79856,0.017639526825623388,0.538196315,0.171803685,0.4051,0.0001,0.1976,0.0026,0.3451,0.00509999999999998,0.5076,0.0176,0.7576,0.0126
CWNU_2415,0.16635,0.0022650635094611,0.5156850000000001,0.00702169687932941,0.962995815,0.357004185,0.24635,0.0022650635094611,0.1326,0.0026,0.2226,0.0026,0.3226,0.0026,0.4726,0.00759999999999998
CWNU_2416,0.05635,0.0120242400177118,0.174685,0.03727514405490658,2.745409765,0.204590235,0.9076,0.0044301270189222,0.1876,0.0376,0.4026,0.2276,0.6201,0.3851,0.9301,0.6101
CWNU_2420,0.19385,0.00424578098794425,0.600935,0.013161921062627176,0.80893109,0.21106891,0.32385,0.0022650635094611,0.1501,0.0001,0.2726,0.0026,0.4051,0.00509999999999998,0.5826,0.0176
CWNU_2422,0.03885,0.0171934929139717,0.12043500000000001,0.05329982803331228,2.41653055,0.0365305500000002,0.33385,0.0125373429638327,0.1751,0.0001,0.2176,0.0326,0.3101,0.0651,0.4651,0.1351
CWNU_2423,0.59385,0.0114880419739304,1.840935,0.03561293011918425,1.882738355,0.00273835500000008,0.97635,0.0164458710382775,0.3651,0.0251,0.8126,0.0426,1.2201,0.0751,1.7226,0.1126
CWNU_2428,0.58385,0.0321887441324836,1.809935,0.09978510681069916,3.602531515,0.0525315150000001,0.93385,0.0249432586429397,0.3026,0.0026,0.7576,0.0026,1.1576,0.0276000000000001,1.6551,0.0450999999999999
CWNU_2429,0.0226,0.0179535710713571,0.07006,0.05565607032120701,1.9,,0.21885,0.0139631706330118,0.3101,0.0101,0.3351,0.0251,0.3851,0.0651000000000001,0.4726,0.1126
CWNU_2431,0.4851,0.0137930639376292,1.5038099999999999,0.04275849820665052,1.23387876,0.233878759999999,0.7776,0.0109972473588517,0.2776,0.0026,0.6326,0.0126,0.9151,0.0151,1.3776,0.0476
CWNU_2432,0.25635,0.0139631706330118,0.7946850000000001,0.04328582896233658,0.88,,0.28635,0.0114880419739304,0.1776,0.00759999999999999,0.3076,0.0226,0.4576,0.0475999999999996,0.6876,0.1076
CWNU_2433,0.32885,0.0208289049397213,1.0194349999999999,0.06456960531313603,2.1,,0.5326,0.0390711431702997,0.0026,0.0026,0.0026,0.0026,0.2126,0.0526,0.6026,0.1326
CWNU_2435,1.14635,0.0144069039278245,3.553685,0.04466140217625595,3.894661235,0.044661235,1.6501,0.0345601218802256,0.5726,0.0026,1.4876,0.00259999999999995,2.3426,0.0375999999999999,3.1201,0.0201
CWNU_2447,0.3926,0.00911387818865998,1.21706,0.02825302238484594,1.422783435,0.077216565,0.6101,0.014242135623731,0.2776,0.0026,0.5401,0.00510000000000001,0.8026,0.00760000000000001,1.1401,0.0151
CWNU_2448,0.55135,0.0114880419739304,1.7091850000000002,0.03561293011918425,1.672344755,0.227655245000001,0.81885,0.0022650635094611,0.3301,0.00510000000000001,0.6976,0.00760000000000001,1.0351,0.0101,1.4876,0.0226
CWNU_2449,0.27385,0.0327678358634299,0.848935,0.10158029117663268,3.321503655,0.208496345,0.67385,0.0022650635094611,0.3201,0.0101,0.5601,0.0451,0.8101,0.110099999999999,1.0926,0.192599999999999
CWNU_2450,0.2301,0.0227384628453436,0.71331,0.07048923482056517,2.814691575,0.00530842499999995,0.5601,0.0001,0.2651,0.00510000000000001,0.4426,0.0376,0.6526,0.0826000000000001,0.9301,0.110100000000001
CWNU_2451,0.2476,0.0104077640640442,0.76756,0.032264068598537025,0.35386126,0.10613874,0.2976,0.0179535710713571,0.1376,0.00759999999999999,0.2776,0.00759999999999998,0.4051,0.0351,0.6351,0.0650999999999998
CWNU_2452,0.2451,0.0471372193055669,0.7598100000000001,0.1461253798472574,2.845121715,0.0948782850000001,0.6076,0.0603598539659697,0.2426,0.00760000000000001,0.4651,0.0251,0.6426,0.0476,0.9376,0.2576
CWNU_2453,0.63635,0.0135047566184545,1.972685,0.04186474551720895,2.45,,0.88385,0.0065951905283833,0.3601,0.00510000000000001,0.7726,0.0626,1.1351,0.0951,1.6726,0.0825999999999999
CWNU_2454,0.6051,0.0146773797371133,1.87581,0.04549987718505123,2.71286564,0.11286564,0.90885,0.0152554445662277,0.2226,0.0026,0.6351,0.0101,1.0651,0.0151,1.5676,0.0426000000000001
CWNU_2455,0.48135,0.0125373429638328,1.492185,0.03886576318788168,1.7,,0.6101,0.0118260393995586,0.2226,0.1026,0.4801,0.1201,0.7476,0.1176,1.1851,0.2201
CWNU_2462,0.40385,0.00902678553567855,1.251935,0.02798303516060351,1.85,,0.4076,0.00259999999999997,0.3451,0.0351000000000003,0.5401,0.0351,0.7601,0.0850999999999996,1.1001,0.1901
CWNU_2463,0.3326,0.0401780488547037,1.03106,0.12455195144958146,3.317210065,0.152789935,0.7001,0.0204100960115899,0.0001,0.0001,0.1676,0.0176000000000001,0.4426,0.0675999999999999,0.7751,0.1051
CWNU_2464,0.1976,0.0228760839478606,0.61256,0.07091586023836786,,,0.4701,0.00509999999999998,0.1176,0.0026,0.2776,0.0126,0.4351,0.0600999999999999,0.6601,0.1051
CWNU_2465,0.3326,0.0104077640640441,1.03106,0.03226406859853671,1.15,,0.49635,0.0109253175473055,0.2176,0.00760000000000001,0.4151,0.0001,0.6501,0.0101,0.9401,0.0351
CWNU_2466,0.22885,0.0195855715851499,0.709435,0.06071527191396469,3.06210118,0.17789882,0.60885,0.0022650635094611,0.3776,0.0376,0.5676,0.0876000000000002,0.7901,0.1501,1.0726,0.1926
CWNU_2468,0.5976,0.0236849528301415,1.8525600000000002,0.07342335377343866,4.99366096,0.0763390400000001,0.9651,0.0602040764008566,0.4901,0.0201,0.9376,0.00259999999999995,1.3326,0.0276000000000001,1.8926,0.0176
CWNU_2470,0.71135,0.0225652509445143,2.205185,0.06995227792799433,3.20740227,0.00259772999999997,1.0826,0.0044301270189222,0.1801,0.0001,0.6751,0.0201,1.1851,0.0551000000000001,1.8351,0.1001
CWNU_2471,0.55635,0.00902678553567853,1.724685,0.027983035160603444,1.70938067,0.179380669999999,0.8051,0.0001,0.0676,0.0176,0.4301,0.0401,0.7751,0.0751,1.2601,0.0651
CWNU_2473,0.6901,0.0001,2.13931,0.00031,2.358414345,0.131585655,0.9826,0.0044301270189222,0.3801,0.0950999999999999,0.7926,0.0776,1.1926,0.0976000000000001,1.8251,0.1251
CWNU_2474,0.32385,0.0189331489666492,1.003935,0.058692761796612515,3.010815055,0.0491849449999999,0.5976,0.0202556443707464,0.1576,0.0026,0.3976,0.0026,0.6251,0.0301,0.9626,0.0826
CWNU_2475,0.3551,0.0216058131676066,1.10081,0.06697802081958046,3.752638505,0.0973614950000001,0.7801,0.0101,0.5901,0.0201,0.8951,0.0851,1.2001,0.130099999999999,1.5601,0.210100000000001
CWNU_2476,0.27885,0.0125373429638327,0.864435,0.03886576318788137,1.483358235,0.206641765,0.4526,0.0179535710713571,0.2801,0.0001,0.4651,0.0001,0.6326,0.00760000000000001,0.9201,0.0001
CWNU_2479,0.5976,0.00839156197588851,1.8525600000000002,0.02601384212525438,,,0.89385,0.0171934929139717,0.3901,0.00510000000000001,0.8251,0.00510000000000001,1.2076,0.0126,1.6976,0.0326
CWNU_2480,0.2926,0.038587010795852,0.9070600000000001,0.1196197334671412,3.131234105,0.011234105,0.6676,0.0176,0.1251,0.0001,0.4001,0.0351,0.6351,0.0751000000000003,0.9276,0.1926
CWNU_2481,0.68385,0.00749509972887449,2.119935,0.02323480915951092,2.396233675,0.156233675,1.0751,0.0174205080756888,0.2601,0.0001,0.7326,0.00760000000000001,1.2401,0.0101,1.8126,0.0276000000000001
CWNU_2484,0.31635,0.0249432586429397,0.9806850000000001,0.07732410179311308,5.18526135,0.27473865,0.71885,0.0114880419739304,0.1951,0.0101,0.4751,0.0401,0.7451,0.0800999999999998,1.1051,0.1401
CWNU_2485,0.6601,0.0107066017177982,2.04631,0.033190465325174424,2.55925675,0.23074325,0.99385,0.0144069039278245,0.3526,0.0026,0.8251,0.0001,1.2776,0.0126000000000001,1.8201,0.0101
CWNU_2486,0.35635,0.0297595262942617,1.1046850000000001,0.09225453151221127,1.8,,0.6701,0.0142421356237309,0.2826,0.00759999999999998,0.5476,0.0276,0.8151,0.0601,1.1101,0.140100000000001
CWNU_2490,0.6876,0.00839156197588846,2.13156,0.02601384212525423,2.644004935,0.0959950650000001,0.9901,0.0118260393995586,0.0851,0.0001,0.5626,0.0126,1.0151,0.0001,1.5776,0.0426000000000001
CWNU_2491,0.55135,0.00749509972887453,1.7091850000000002,0.023234809159511045,1.8,,0.8126,0.0126,0.2851,0.0300999999999997,0.6701,0.0251,0.9676,0.0975999999999991,1.5151,0.0451
CWNU_2494,0.1701,0.00363553390593273,0.5273100000000001,0.011270155108391463,0.66733559,0.17266441,0.27385,0.0022650635094611,0.1151,0.0001,0.2326,0.00259999999999999,0.3526,0.00760000000000001,0.4901,0.0201
CWNU_2495,0.52635,0.0135047566184545,1.631685,0.04186474551720895,1.94082274,0.0208227400000001,0.7676,0.0304108891324553,0.2401,0.0101,0.5776,0.0426,0.9401,0.0351,1.3926,0.1076
CWNU_2496,0.56135,0.0342641259217911,1.740185,0.10621879035755241,1.951299025,0.018700975,0.95385,0.0022650635094611,0.2901,0.0550999999999999,0.7601,0.00510000000000001,1.1401,0.0001,1.5976,0.1126
CWNU_2497,0.6101,0.0321156211871643,1.89131,0.09955842568020934,4.16791885,0.0679188500000003,0.9676,0.0130903810567666,0.3426,0.00259999999999997,0.8126,0.0176,1.2601,0.0301,1.8401,0.0301
CWNU_2500,0.08885,0.00970143218483568,0.275435,0.030074439772990607,2.339066735,0.020933265,0.28385,0.00424578098794423,0.3201,0.00510000000000001,0.3701,0.0151,0.4701,0.0351,0.6126,0.0725999999999998
CWNU_2505,0.4501,0.0107066017177982,1.39531,0.033190465325174424,1.60745153,0.10745153,0.46135,0.0369060796608387,0.2476,0.0176,0.4676,0.0376,0.7151,0.0900999999999994,1.0651,0.195100000000001
CWNU_2506,0.3201,0.00717106781186548,0.99231,0.022230310216782987,1.112155925,0.037844075,0.49885,0.0144069039278245,0.2226,0.0026,0.4326,0.0026,0.6551,0.00510000000000001,0.9401,0.00509999999999995
CWNU_2509,0.16635,0.0225652509445143,0.5156850000000001,0.06995227792799433,3.05,,0.45635,0.0022650635094611,0.0551,0.0051,0.1876,0.0026,0.3451,0.0301,0.5726,0.0875999999999999
CWNU_2511,0.38385,0.0065951905283833,1.1899350000000002,0.02044509063798823,1.45,,0.5701,0.0118260393995586,0.1751,0.00509999999999999,0.4001,0.0251,0.6526,0.0326,1.0101,0.0601000000000001
CWNU_2518,0.0826,0.0144614066163451,0.25606,0.04483036051066981,2.34862578,0.0,0.2876,0.0226,0.0076,0.0076,0.0401,0.0051,0.1326,0.0126,0.2976,0.0326000000000004
CWNU_2521,0.4551,0.0001,1.4108100000000001,0.00031,1.44894455,0.14105545,0.63885,0.0022650635094611,0.1426,0.0276,0.4201,0.0351,0.6701,0.0451,1.0901,0.0651000000000001
CWNU_2522,0.3101,0.00800569415042095,0.96131,0.024817651866304948,1.025349055,0.204650945,0.5201,0.0218944947177034,0.1626,0.0026,0.3801,0.00510000000000001,0.6051,0.0301,0.8776,0.0326
CWNU_2523,0.40635,0.0374120288914983,1.259685,0.11597728956364473,1.742584705,0.197415294999999,0.60135,0.0148372826531895,0.2026,0.00759999999999999,0.4751,0.0151,0.7351,0.0651,1.0726,0.00760000000000006
CWNU_2525,0.21885,0.0125373429638327,0.678435,0.03886576318788137,0.965473685,0.224526315,0.35635,0.0195855715851499,0.2776,0.0026,0.4151,0.00510000000000001,0.5551,0.00510000000000001,0.7726,0.00760000000000001
CWNU_2528,0.8151,0.0001,2.5268100000000002,0.00031,2.52799035,0.11200965,1.22135,0.0168238602003246,0.5351,0.00510000000000001,1.0951,0.00510000000000001,1.6501,0.0500999999999999,2.3001,0.0001
CWNU_2529,0.01385,0.00970143218483576,0.042935,0.03007443977299086,1.65,,0.1501,0.00622372435695794,0.1851,0.0001,0.1826,0.00760000000000001,0.2226,0.0276,0.2776,0.0626
CWNU_2530,0.6951,0.00945414346693483,2.1548100000000003,0.029307844747497973,2.588414245,0.151585755,1.0951,0.0260807621135331,0.4851,0.0251,0.9826,0.0226,1.5126,0.0676,2.0401,0.0450999999999999
CWNU_2532,0.2801,0.00363553390593272,0.86831,0.011270155108391433,0.95,,0.4426,0.0044301270189222,0.2551,0.0001,0.4201,0.00510000000000001,0.5976,0.00760000000000001,0.8676,0.00760000000000001
CWNU_2534,0.4901,0.00800569415042095,1.51931,0.024817651866304948,2.6,,0.7276,0.0044301270189222,0.1276,0.00760000000000001,0.4351,0.00510000000000001,0.7401,0.0201,1.2076,0.0526
CWNU_2536,0.1351,0.0463331050222674,0.41881,0.14363262556902895,2.915986415,0.0740135850000001,0.4551,0.144841148261301,0.0001,0.0001,0.0001,0.0001,0.0476,0.0476,0.2001,0.1501
CWNU_2538,0.26635,0.00554862367942585,0.825685,0.017200733406220133,1.1,,0.4326,0.00760000000000001,0.2126,0.0026,0.3776,0.0026,0.5676,0.0026,0.8051,0.00510000000000001
CWNU_2539,0.93635,0.0109253175473054,2.902685,0.03386848439664674,3.419491825,0.049491825,1.3676,0.0130903810567665,0.3076,0.0376,0.9476,0.0276,1.6201,0.0300999999999999,2.3576,0.0776000000000001
CWNU_2540,0.05635,0.0120242400177118,0.174685,0.03727514405490658,2.745409765,0.204590235,0.9076,0.0044301270189222,0.1876,0.0376,0.4026,0.2276,0.6201,0.3851,0.9301,0.6101
CWNU_2541,0.4201,0.00717106781186548,1.3023099999999999,0.022230310216782987,1.664574715,0.405425285,0.6851,0.0283842712474619,0.2326,0.00259999999999999,0.5276,0.0226,0.8276,0.0526,1.2026,0.0426000000000001
CWNU_2542,0.1576,0.0109972473588517,0.48856,0.03409146681244027,2.68161447,0.0316144700000001,0.4176,0.0044301270189222,0.1101,0.0251,0.2026,0.0626,0.3851,0.0751000000000001,0.5701,0.1101
CWNU_2544,0.3526,0.00569016994374948,1.0930600000000001,0.017639526825623388,1.45,,0.5826,0.0217506350946109,0.2251,0.0001,0.4726,0.0276,0.7101,0.0301,1.0551,0.0451
CWNU_2545,0.1926,0.0044301270189222,0.59706,0.01373339375865882,1.05,,0.33885,0.0171934929139717,0.1501,0.0001,0.2851,0.0151,0.4301,0.0251,0.6151,0.0301
CWNU_2549,0.42885,0.0171934929139717,1.3294350000000001,0.05329982803331228,1.532106695,0.042106695,0.6201,0.0001,0.3001,0.00510000000000001,0.5751,0.00510000000000001,0.8451,0.0201,1.2326,0.0376
CWNU_255,0.3001,0.00945414346693486,0.93031,0.02930784474749807,0.94033153,0.07966847,0.47635,0.0139631706330118,0.2301,0.0001,0.4226,0.0026,0.6376,0.0226,0.8676,0.0276
CWNU_2551,0.4776,0.0168705098312484,1.48056,0.05229858047687004,4.19942565,0.450574350000001,0.7776,0.0252246890528023,0.1976,0.0276,0.5976,0.0226,0.9651,0.0451,1.3801,0.0801
CWNU_2552,0.2201,0.00876025403784438,0.68231,0.02715678751731758,0.81451098,0.37548902,0.2526,0.0421565096031518,0.1901,0.0001,0.2451,0.0601000000000001,0.3601,0.0901000000000001,0.5076,0.1376
CWNU_2553,0.63385,0.0156623744974859,1.964935,0.04855336094220629,4.076885255,0.613114744999996,1.06885,0.0396877190552828,0.4726,0.0426,0.9276,0.0676,1.5301,0.1001,1.9701,0.0801
CWNU_2556,0.21635,0.0241767003553227,0.670685,0.07494777110150037,1.93288069,0.04711931,0.4326,0.0247221445044903,0.1776,0.0026,0.3101,0.00510000000000001,0.5001,0.00510000000000001,0.7026,0.0476
CWNU_2561,0.3176,0.00569016994374948,0.98456,0.017639526825623388,1.4,,0.51385,0.0130301005409858,0.1776,0.0026,0.3676,0.0026,0.5801,0.0201,0.8951,0.0151
CWNU_2564,0.49385,0.0175553000547112,1.5309350000000002,0.05442143016960472,3.631974035,0.141974035,0.85635,0.0199037243971936,0.2251,0.00510000000000001,0.6126,0.00760000000000001,0.9626,0.0276,1.4301,0.0501000000000001
CWNU_2565,0.1976,0.0228760839478606,0.61256,0.07091586023836786,,,0.4701,0.00509999999999998,0.1176,0.0026,0.2776,0.0126,0.4351,0.0600999999999999,0.6601,0.1051
CWNU_2566,0.67885,0.0231149407994024,2.104435,0.07165631647814744,2.91842191,0.318421909999999,1.1026,0.0217506350946109,0.3351,0.00510000000000001,0.8051,0.0151,1.3526,0.0126,1.9626,0.0826
CWNU_2567,0.4751,0.0107066017177982,1.4728100000000002,0.033190465325174424,1.9,,0.67885,0.0182572988079174,0.2151,0.00510000000000001,0.5251,0.0301,0.8651,0.0351,1.2151,0.0500999999999999
CWNU_2568,0.48885,0.0199037243971936,1.515435,0.061701545631300155,3.918484475,0.0115155250000001,0.88635,0.0103316909648406,0.4001,0.0001,0.8076,0.0276,1.1876,0.0476000000000001,1.6451,0.0901000000000001
CWNU_2570,0.44885,0.0152554445662277,1.3914350000000002,0.047291878155305875,1.15421513,0.39421513,0.6901,0.0151,0.3051,0.00510000000000001,0.6226,0.00760000000000001,0.9426,0.00759999999999995,1.2926,0.00760000000000006
CWNU_2575,0.4951,0.0001,1.53481,0.00031,1.812500745,0.00250074499999997,0.7576,0.0176,0.0726,0.0326,0.3676,0.0026,0.7176,0.0276,1.1376,0.0276
CWNU_2578,0.33635,0.00424578098794425,1.042685,0.013161921062627176,0.86914296,0.06914296,0.53635,0.0065951905283833,0.2426,0.0026,0.4651,0.00509999999999998,0.6651,0.0101,0.9876,0.0226
CWNU_2580,0.35635,0.0246903944661325,1.1046850000000001,0.07654022284501076,2.99930486,0.06069514,0.66385,0.00829679815537751,0.2151,0.0001,0.4926,0.0176,0.7501,0.0501000000000001,1.0651,0.1151
CWNU_2582,0.39285,0.0133358414919491,1.217835,0.041341108625042214,3.788167405,0.181832595,1.31135,0.0164458710382776,0.5216,0.0736000000000004,1.0276,0.2476,1.4651,0.415100000000001,1.9951,0.5951
CWNU_2584,0.2751,0.00800569415042094,0.8528100000000001,0.024817651866304916,5.7,,0.6626,0.203615969889343,0.2376,0.0176,0.4676,0.0276,0.7051,0.0351,0.9751,0.0701
CWNU_2587,0.3826,0.0148901994577491,1.1860600000000001,0.04615961831902221,1.42319054,0.276809459999999,0.58635,0.0195855715851499,0.2501,0.00510000000000001,0.4901,0.00510000000000001,0.7601,0.0151,1.0651,0.00510000000000001
CWNU_2588,0.4351,0.0146773797371133,1.34881,0.04549987718505123,1.65,,0.6726,0.0217506350946109,0.1101,0.0001,0.4001,0.00510000000000001,0.7526,0.0126,1.0926,0.0326
CWNU_2589,0.3101,0.00363553390593274,0.96131,0.011270155108391494,1.053754315,0.106245685,0.51635,0.0065951905283833,0.1551,0.00510000000000001,0.3526,0.0126,0.5476,0.00760000000000001,0.8576,0.0276
CWNU_2593,0.0701,0.0170558249578132,0.21731,0.052873057369220926,1.70057656,0.0405765600000001,0.65385,0.00970143218483577,0.2701,0.0151,0.4051,0.1051,0.5801,0.2101,0.7951,0.3651
CWNU_2598,0.7776,0.0202556443707464,2.41056,0.06279249754931383,3.26216208,0.03216208,1.1676,0.0320178633370092,0.3451,0.00509999999999998,0.9651,0.0001,1.5451,0.0001,2.1376,0.0326
CWNU_2602,0.68135,0.0109253175473055,2.112185,0.03386848439664705,2.95,,1.0076,0.0130903810567666,0.2526,0.0026,0.7276,0.0126,1.1951,0.0151,1.7676,0.0526
CWNU_2603,0.73135,0.0152554445662277,2.267185,0.047291878155305875,2.151769575,0.031769575,1.00135,0.00902678553567853,0.5051,0.0101,1.0076,0.0226,1.4626,0.0276,2.0676,0.0825999999999999
CWNU_2605,0.70635,0.0249432586429397,2.1896850000000003,0.07732410179311308,2.11162892,0.19837108,1.02385,0.0233849200127465,0.5601,0.00509999999999995,1.0776,0.00260000000000006,1.5526,0.0176000000000001,2.0251,0.0751000000000001
CWNU_2611,0.39135,0.0393706951810125,1.213185,0.12204915506113875,4.07669168,0.15330832,0.8001,0.0204100960115899,0.3726,0.0276,0.6876,0.0326,0.9551,0.1551,1.3551,0.1551
CWNU_2613,0.36135,0.0171934929139717,1.120185,0.05329982803331228,3.034604735,0.144604735,0.6176,0.0044301270189222,0.1476,0.00759999999999999,0.4151,0.0001,0.6726,0.0176,0.9951,0.0401
CWNU_2614,0.2951,0.00622372435695795,0.9148099999999999,0.019293545506569646,1.058786235,0.111213765,0.45385,0.0065951905283833,0.2201,0.00510000000000001,0.4151,0.0001,0.6026,0.00760000000000001,0.8701,0.00510000000000001
CWNU_2615,0.34135,0.00902678553567855,1.058185,0.02798303516060351,1.65,,0.51385,0.0325759526419164,0.0001,0.0001,0.0676,0.0576,0.2776,0.0776000000000001,0.5976,0.0926000000000002
CWNU_2616,0.7456,0.00667647321898296,2.31136,0.020697066978847177,3.10551858,0.0244814199999999,1.14385,0.0171934929139716,0.2026,0.00759999999999999,0.7501,0.00510000000000001,1.2696,0.00460000000000006,1.9126,0.00759999999999995
CWNU_2622,0.75385,0.00902678553567857,2.336935,0.02798303516060357,2.8717507,0.0217506999999999,1.1426,0.0104077640640441,0.4326,0.00760000000000001,0.9751,0.0151,1.4801,0.0301,2.1401,0.0301
CWNU_2625,0.17385,0.00226506350946109,0.538935,0.007021696879329379,0.68539399,0.30460601,0.2551,0.0001,0.1601,0.00510000000000001,0.2526,0.0026,0.3501,0.00510000000000001,0.5076,0.00760000000000001
CWNU_2631,0.3801,0.0338268439080801,1.17831,0.10486321611504831,3.24239577,0.15760423,0.7976,0.0044301270189222,0.3276,0.0026,0.6376,0.0276,0.9426,0.0926,1.3101,0.1451
CWNU_2636,0.58385,0.00554862367942585,1.809935,0.017200733406220133,1.790169785,0.020169785,0.88885,0.00902678553567857,0.3501,0.0001,0.7426,0.00760000000000001,1.1151,0.00510000000000001,1.6351,0.0101
CWNU_2639,0.5376,0.0115564392373896,1.66656,0.03582496163590776,1.05,,0.7276,0.137281449183189,0.3601,0.0001,0.7226,0.00760000000000001,0.9301,0.1601,1.5301,0.0001
CWNU_2640,0.20635,0.0199037243971936,0.6396850000000001,0.061701545631300155,0.8,,0.4226,0.0130903810567666,0.1776,0.0026,0.3226,0.0026,0.4676,0.0176,0.6926,0.0626
CWNU_2643,0.1901,0.00622372435695795,0.58931,0.019293545506569646,1.05,,0.28385,0.00226506350946107,0.1526,0.0026,0.2726,0.00760000000000001,0.3851,0.0001,0.5501,0.00510000000000001
CWNU_2651,0.77385,0.051136139156484,2.3989350000000003,0.1585220313851004,3.286267725,0.106267725,1.16385,0.0211282548015759,0.1926,0.0326,0.7626,0.00760000000000001,1.3726,0.0326,2.0151,0.0951
CWNU_2652,0.19135,0.00424578098794425,0.593185,0.013161921062627176,0.428938675,0.111061325,0.32385,0.00902678553567857,0.1551,0.00510000000000001,0.2751,0.0001,0.4076,0.0126,0.5801,0.0201
CWNU_2657,0.6276,0.0109972473588517,1.9455600000000002,0.03409146681244027,2.483209715,0.0132097149999999,0.9626,0.0130903810567666,0.3451,0.00509999999999998,0.7751,0.00510000000000001,1.2226,0.0126000000000001,1.7101,0.0251
CWNU_2660,0.64885,0.0130301005409858,2.011435,0.04039331167705598,2.44929044,0.14070956,0.9651,0.0087602540378444,0.3726,0.0126,0.8351,0.0451,1.2701,0.0450999999999999,1.7801,0.0301
CWNU_2661,0.3401,0.0426734659148164,1.05431,0.13228774433593082,1.30350613,0.12649387,0.5051,0.0493442890089805,0.3026,0.0026,0.5101,0.0101,0.6776,0.0176,1.0976,0.0476
CWNU_2663,0.2276,0.0208665596572952,0.70556,0.06468633493761512,2.9,,0.45135,0.0022650635094611,0.0826,0.0076,0.2451,0.00510000000000001,0.4201,0.0251,0.6551,0.0451
CWNU_2664,0.6676,0.0115564392373896,2.06956,0.03582496163590776,2.44590517,0.09409483,0.9526,0.0355436171968945,0.3026,0.0026,0.7476,0.0376,1.1976,0.0576,1.7476,0.1176
CWNU_2665,0.43885,0.0022650635094611,1.360435,0.00702169687932941,1.9,,0.58635,0.0022650635094611,0.2776,0.0226,0.5301,0.0451,0.7701,0.0601,1.1701,0.1001
CWNU_2666,0.48635,0.0301780235387899,1.5076850000000002,0.0935518729702487,2.09185193,0.11814807,0.71135,0.0144069039278245,0.1926,0.00760000000000001,0.5351,0.0351,0.8501,0.0401,1.2951,0.1001
CWNU_2667,0.06635,0.0286864915650732,0.20568500000000003,0.08892812385172692,2.155513585,0.094486415,0.4301,0.0251,0.2526,0.0325999999999999,0.3126,0.0576,0.4926,0.1476,0.6276,0.2676
CWNU_2669,0.37385,0.00970143218483577,1.158935,0.030074439772990885,1.86743114,0.45256886,0.6401,0.0174205080756888,0.2276,0.0126,0.5151,0.0101,0.7776,0.0276,1.0951,0.0801000000000001
CWNU_267,0.5876,0.00760000000000001,1.82156,0.023560000000000032,1.968988935,0.00898893499999998,0.96885,0.0195855715851498,0.3826,0.0176,0.8276,0.0476,1.2151,0.0751000000000001,1.7426,0.1126
CWNU_2670,0.20635,0.0199037243971936,0.6396850000000001,0.061701545631300155,0.8,,0.4226,0.0130903810567666,0.1776,0.0026,0.3226,0.0026,0.4676,0.0176,0.6926,0.0626
CWNU_2672,0.1651,0.0290395922569755,0.51181,0.09002273599662405,3.2,,0.53385,0.0313999600638723,0.3001,0.0151,0.4851,0.0800999999999999,0.6151,0.1001,0.8901,0.2451
CWNU_2675,0.43885,0.0175553000547112,1.360435,0.05442143016960472,1.92105061,0.208949389999999,0.69885,0.0195855715851498,0.2276,0.00759999999999999,0.5276,0.0176,0.8251,0.00510000000000001,1.2476,0.00259999999999995
CWNU_2678,0.33885,0.00424578098794423,1.050435,0.013161921062627114,1.11933388,0.209333879999999,0.54885,0.00902678553567857,0.2426,0.0026,0.4626,0.00759999999999998,0.6901,0.0101,1.0001,0.0201
CWNU_2679,0.31385,0.00424578098794425,0.9729350000000001,0.013161921062627176,1.3,,0.5576,0.00911387818865994,0.2301,0.0151,0.4451,0.0301,0.6676,0.0426,0.9751,0.0551
CWNU_268,0.6601,0.0235520787991172,2.04631,0.07301144427726332,2.064671995,0.0646719950000001,1.00135,0.0435992816032632,0.4501,0.0101,0.9151,0.0001,1.3701,0.0100999999999999,1.9176,0.0126
CWNU_2681,0.08885,0.0125373429638328,0.275435,0.03886576318788168,2.4,,0.33385,0.00554862367942585,0.2676,0.00760000000000001,0.3326,0.0276,0.4851,0.0101,0.6201,0.0750999999999996
CWNU_2685,0.76135,0.00902678553567857,2.360185,0.02798303516060357,2.9,,1.1576,0.0327917420765551,0.5601,0.00509999999999995,1.1551,0.0350999999999999,1.6551,0.0751,2.2701,0.0851
CWNU_2688,0.30385,0.00970143218483577,0.9419350000000001,0.030074439772990885,1.7,,0.46885,0.00226506350946107,0.2001,0.00509999999999999,0.3776,0.0026,0.5701,0.0151,0.8801,0.0251
CWNU_2690,0.0001,0.0001,0.00031,0.00031,1.99784997,0.0578499699999999,0.8951,0.0001,0.2251,0.1101,0.3926,0.3276,0.6201,0.4701,0.9276,0.6876
CWNU_2696,0.5326,0.0126,1.65106,0.039060000000000004,3.0,,0.7951,0.0087602540378444,0.2776,0.0026,0.6401,0.0301,1.0126,0.0476,1.4451,0.0401
CWNU_2698,0.0826,0.0144614066163451,0.25606,0.04483036051066981,2.34862578,0.0,0.2876,0.0226,0.0076,0.0076,0.0401,0.0051,0.1326,0.0126,0.2976,0.0326000000000004
CWNU_2700,0.22385,0.00749509972887452,0.693935,0.02323480915951101,1.16925891,0.430741090000001,0.3701,0.0235520787991171,0.1576,0.0026,0.2976,0.0026,0.4826,0.0176,0.6501,0.00510000000000001
CWNU_2708,0.55885,0.0189331489666492,1.732435,0.058692761796612515,2.53,,0.8551,0.0118260393995586,0.3201,0.0001,0.7201,0.0101,1.0826,0.0126,1.5426,0.0276000000000001
CWNU_2709,0.37635,0.0065951905283833,1.1666850000000002,0.02044509063798823,1.5,,0.64135,0.0109253175473055,0.2051,0.00509999999999999,0.4526,0.00760000000000001,0.7101,0.0301,1.0551,0.0401
CWNU_2714,0.73385,0.00902678553567857,2.274935,0.02798303516060357,2.96835668,0.0516433199999999,1.11135,0.0130301005409857,0.3026,0.0026,0.8501,0.0001,1.3476,0.00759999999999995,1.9676,0.00259999999999995
CWNU_2716,0.05635,0.0120242400177118,0.174685,0.03727514405490658,2.745409765,0.204590235,0.9076,0.0044301270189222,0.1876,0.0376,0.4026,0.2276,0.6201,0.3851,0.9301,0.6101
CWNU_2719,0.6576,0.028713807855649,2.03856,0.08901280435251191,3.37410294,0.10589706,1.0426,0.0376000000000001,0.1626,0.00760000000000001,0.6176,0.00760000000000001,1.1426,0.0276,1.7051,0.0101
CWNU_2720,0.2401,0.0174205080756888,0.74431,0.05400357503463528,2.73275768,0.12275768,0.56135,0.046383771453934,0.2051,0.00509999999999999,0.4276,0.0676000000000001,0.5701,0.0650999999999994,0.9701,0.1301
CWNU_2724,0.32885,0.0065951905283833,1.0194349999999999,0.02044509063798823,1.18021878,0.20978122,0.4326,0.0470707355701395,0.2076,0.0026,0.4226,0.0126,0.5676,0.0726000000000001,0.8951,0.0151
CWNU_2726,0.16185,0.0512779982023526,0.501735,0.15896179442729305,1.635420415,0.125420415,0.3626,0.0344693177121688,0.0001,0.0001,0.0951,0.0001,0.1801,0.0101,0.3446,0.1506
CWNU_2730,0.0001,0.0001,0.00031,0.00031,2.95,,0.24885,0.0284670142947754,0.0626,0.0026,0.1101,0.0801,0.1651,0.0451000000000001,0.2976,0.0726
CWNU_2731,0.6601,0.0001,2.04631,0.00031,2.4,,0.8776,0.0910326673973657,0.3976,0.0526000000000004,0.8451,0.0401,1.2326,0.0376,1.8026,0.0676
CWNU_2732,0.39635,0.0189331489666492,1.228685,0.058692761796612515,5.091387465,0.318612535,0.77135,0.0103316909648406,0.1801,0.00510000000000001,0.5051,0.0151,0.7976,0.0476,1.2676,0.0326
CWNU_2735,0.01385,0.00970143218483576,0.042935,0.03007443977299086,1.65,,0.1501,0.00622372435695794,0.1851,0.0001,0.1826,0.00760000000000001,0.2226,0.0276,0.2776,0.0626
CWNU_2736,0.32135,0.00424578098794425,0.9961850000000001,0.013161921062627176,1.02739636,0.152603639999999,0.5101,0.0107066017177982,0.1951,0.0101,0.4076,0.0176,0.6076,0.0026,0.9076,0.00760000000000001
CWNU_2738,0.0851,0.0001,0.26381,0.00031,0.30605811,0.19394189,0.1476,0.00443012701892219,0.0526,0.00760000000000002,0.1026,0.0076,0.1551,0.0001,0.2451,0.0151
CWNU_2746,0.8176,0.0161078105935821,2.53456,0.04993421284010451,2.996918075,0.00691807499999997,1.1776,0.0130903810567666,0.1401,0.00509999999999999,0.7251,0.0201,1.3001,0.0401,1.9551,0.0801000000000001
CWNU_2747,0.3876,0.0026,1.20156,0.00806,1.5,,0.4851,0.0260807621135332,0.2001,0.0601,0.4301,0.0701000000000001,0.6176,0.0976000000000006,0.9526,0.122600000000001
CWNU_2748,0.50635,0.0185983107336859,1.569685,0.05765476327442629,3.37260008,0.00739991999999989,0.85385,0.0022650635094611,0.3451,0.0101,0.7401,0.00510000000000001,1.1251,0.0450999999999999,1.5701,0.0351
CWNU_2749,0.41635,0.0022650635094611,1.290685,0.00702169687932941,0.94550332,0.20550332,0.58385,0.0022650635094611,0.1901,0.0401,0.4426,0.0575999999999999,0.6651,0.0601,1.0551,0.0851
CWNU_2752,0.81635,0.0148372826531895,2.530685,0.04599557622488745,2.774328505,0.204328505,1.23385,0.0109253175473054,0.3026,0.0026,0.9101,0.00510000000000001,1.4776,0.0376,2.1601,0.00510000000000012
CWNU_2756,0.42885,0.0144069039278245,1.3294350000000001,0.04466140217625595,1.679529245,0.0695292449999999,0.6176,0.0044301270189222,0.0676,0.0026,0.3326,0.0276,0.5901,0.0901,1.0276,0.1026
CWNU_2759,0.4251,0.0001,1.31781,0.00031,1.60300502,0.266994980000001,0.6176,0.0193028643696715,0.2651,0.0101,0.5251,0.0251,0.8126,0.00759999999999995,1.1651,0.0550999999999999
CWNU_276,0.0801,0.012847548783982,0.24831000000000003,0.0398274012303442,1.08,,0.2676,0.0342869858279433,0.0651,0.00510000000000001,0.1701,0.0751,0.1676,0.0276,0.3826,0.1626
CWNU_2761,0.3201,0.00363553390593274,0.99231,0.011270155108391494,1.2,,0.4876,0.0104077640640442,0.2101,0.0001,0.4126,0.0026,0.6051,0.00510000000000001,0.9026,0.0126
CWNU_2762,0.13885,0.0022650635094611,0.430435,0.00702169687932941,0.489281345,0.100718655,0.2226,0.0076,0.0951,0.0101,0.1876,0.0026,0.2776,0.0026,0.4026,0.00759999999999998
CWNU_2763,0.0826,0.00569016994374947,0.25606,0.017639526825623357,0.400210475,0.109789525,0.2001,0.0118260393995586,0.0576,0.0076,0.1201,0.0251,0.2101,0.0351000000000001,0.2851,0.0701
CWNU_2764,0.6501,0.0270258240356725,2.01531,0.08378005451058475,4.526577385,0.0434226150000003,1.14635,0.00226506350946105,0.2426,0.00760000000000001,0.8126,0.0226,1.3351,0.0851,1.8801,0.1001
CWNU_2768,0.0651,0.0248487373415292,0.20181000000000002,0.07703108575874053,1.50443731,0.0855626900000001,0.24885,0.0022650635094611,0.3376,0.0026,0.3726,0.0226,0.4326,0.0475999999999999,0.5301,0.1051
CWNU_277,0.3501,0.00622372435695795,1.08531,0.019293545506569646,1.23860204,0.19139796,0.5401,0.0174205080756887,0.2151,0.0001,0.4376,0.0026,0.6876,0.00759999999999995,0.9726,0.00760000000000001
CWNU_2770,0.41385,0.0471870205045931,1.282935,0.1462797635642386,1.96276026,0.11276026,0.60885,0.0939998801916168,0.0001,0.0001,0.0001,0.0001,0.2051,0.0450999999999999,0.5601,0.0650999999999998
CWNU_2772,0.2601,0.0227384628453435,0.80631,0.07048923482056485,3.55,,0.61635,0.0022650635094611,0.0076,0.0076,0.2226,0.0276,0.4501,0.0951,0.7551,0.1001
CWNU_2773,0.2676,0.00839156197588851,0.8295600000000001,0.02601384212525438,0.79680889,0.15680889,0.4651,0.0213132034355964,0.1726,0.00259999999999999,0.3776,0.0176,0.5876,0.0326,0.8001,0.0551
CWNU_2775,0.5101,0.0107066017177982,1.58131,0.033190465325174424,1.796298125,0.0937018749999999,0.7001,0.0146773797371133,0.3276,0.0026,0.6501,0.0251,0.9726,0.0226,1.3576,0.0426
CWNU_2777,0.03135,0.00424578098794425,0.09718500000000001,0.013161921062627176,0.22774472,0.16225528,0.0851,0.0001,0.0401,0.0051,0.0476,0.00759999999999999,0.0776,0.0076,0.1151,0.0251
CWNU_2778,0.37635,0.0114880419739304,1.1666850000000002,0.03561293011918425,1.045096645,0.335096645,0.5901,0.00363553390593274,0.2451,0.00510000000000001,0.4876,0.00760000000000001,0.7451,0.0301,1.0676,0.00260000000000006
CWNU_2780,0.36635,0.00902678553567857,1.135685,0.02798303516060357,1.181400715,0.121400714999998,0.60635,0.0301780235387899,0.2401,0.0001,0.5026,0.0226,0.8026,0.0476,1.0951,0.0401
CWNU_2782,0.1001,0.0051,0.31031,0.01581,0.44515594,0.13484406,0.1626,0.0044301270189222,0.0651,0.0001,0.1201,0.0051,0.1876,0.00760000000000001,0.2826,0.00759999999999998
CWNU_2786,0.6601,0.0107066017177982,2.04631,0.033190465325174424,2.55925675,0.23074325,0.99385,0.0144069039278245,0.3526,0.0026,0.8251,0.0001,1.2776,0.0126000000000001,1.8201,0.0101
CWNU_2789,0.11635,0.00226506350946109,0.360685,0.007021696879329379,0.26146562,0.11853438,0.1501,0.0001,0.0576,0.0076,0.1226,0.0126000000000001,0.2001,0.0151,0.2901,0.0300999999999997
CWNU_2790,0.19135,0.0109253175473055,0.593185,0.03386848439664705,0.427382255,0.202617745,0.29885,0.00554862367942585,0.1751,0.0001,0.2801,0.00509999999999998,0.4126,0.0126,0.5676,0.00759999999999995
CWNU_2794,0.22385,0.00554862367942585,0.693935,0.017200733406220133,1.28001455,0.22998545,0.3776,0.0044301270189222,0.1776,0.00759999999999999,0.3226,0.0026,0.4751,0.00510000000000001,0.7001,0.0201
CWNU_2795,0.8401,0.0204100960115899,2.60431,0.06327129763592869,2.834032575,0.00403257499999987,1.2151,0.0177776695296637,0.5751,0.0001,1.2101,0.0101,1.7726,0.00259999999999995,2.3826,0.0326
CWNU_2796,0.4601,0.00510000000000001,1.42631,0.015810000000000032,1.71355419,0.0664458100000001,0.7051,0.0142421356237309,0.2826,0.00259999999999997,0.6026,0.00760000000000001,0.8851,0.0401,1.2726,0.0426
CWNU_2797,0.41885,0.0109253175473055,1.298435,0.03386848439664705,1.235611695,0.195611695,0.66135,0.0195855715851498,0.2676,0.0026,0.5451,0.0001,0.8551,0.0251,1.1901,0.00510000000000001
CWNU_2798,0.4776,0.0168705098312484,1.48056,0.05229858047687004,4.19942565,0.450574350000001,0.7776,0.0252246890528023,0.1976,0.0276,0.5976,0.0226,0.9651,0.0451,1.3801,0.0801
CWNU_2799,0.53135,0.0022650635094611,1.6471850000000001,0.00702169687932941,1.502411775,0.047588225,0.2951,0.00510000000000001,0.3376,0.0026,0.5501,0.1301,0.7626,0.2276,1.1076,0.3876
CWNU_2800,0.2576,0.0026,0.79856,0.00806,0.8,,0.44385,0.0022650635094611,0.1776,0.0026,0.3476,0.0126,0.5101,0.0151,0.7726,0.0326
CWNU_2801,0.3051,0.0151,0.9458099999999999,0.046810000000000004,2.4,,0.98135,0.0125373429638328,0.2976,0.00760000000000001,0.5926,0.0776000000000003,0.9226,0.1976,1.3906,0.3246
CWNU_2803,1.0471,0.0214190056053279,3.24601,0.06639891737651649,3.787080385,0.0870803849999999,1.5151,0.0417833300013326,0.7701,0.00510000000000001,1.6001,0.00510000000000001,2.3701,0.0101,3.0626,0.0626
CWNU_2804,0.5651,0.00622372435695791,1.75181,0.01929354550656952,1.776207015,0.056207015,0.16385,0.0171934929139718,0.2026,0.1076,0.4276,0.2926,0.6176,0.4376,0.9351,0.6451
CWNU_2805,0.48885,0.0199037243971936,1.515435,0.061701545631300155,3.918484475,0.0115155250000001,0.88635,0.0103316909648406,0.4001,0.0001,0.8076,0.0276,1.1876,0.0476000000000001,1.6451,0.0901000000000001
CWNU_281,0.1876,0.00760000000000001,0.58156,0.023560000000000032,1.33634943,0.0,0.31885,0.0022650635094611,0.1351,0.00510000000000001,0.2551,0.0101,0.3776,0.0126,0.5451,0.0401
CWNU_2813,0.31635,0.0249432586429397,0.9806850000000001,0.07732410179311308,5.18526135,0.27473865,0.71885,0.0114880419739304,0.1951,0.0101,0.4751,0.0401,0.7451,0.0800999999999998,1.1051,0.1401
CWNU_2821,0.2201,0.00876025403784438,0.68231,0.02715678751731758,0.81451098,0.37548902,0.2526,0.0421565096031518,0.1901,0.0001,0.2451,0.0601000000000001,0.3601,0.0901000000000001,0.5076,0.1376
CWNU_2822,0.37885,0.0264094564748115,1.1744350000000001,0.08186931507191565,1.439332695,0.120667305,0.60135,0.0280228848796108,0.2576,0.0026,0.5551,0.0001,0.8151,0.0151,1.0926,0.0726
CWNU_2823,0.54885,0.00749509972887453,1.7014349999999998,0.023234809159511045,2.593808105,0.113808105,0.94135,0.00659519052838324,0.2376,0.0026,0.6201,0.00510000000000001,1.0201,0.00510000000000001,1.5576,0.00759999999999995
CWNU_2824,0.07885,0.0390510911272072,0.244435,0.12105838249434232,3.09343745,0.19656255,0.35135,0.0022650635094611,0.0001,0.0001,0.0326,0.0276,0.0976,0.0926,0.2101,0.2001
CWNU_2825,0.55885,0.0189331489666492,1.732435,0.058692761796612515,2.53,,0.8551,0.0118260393995586,0.3201,0.0001,0.7201,0.0101,1.0826,0.0126,1.5426,0.0276000000000001
CWNU_2826,0.1101,0.00622372435695795,0.34131,0.019293545506569646,0.47133251,0.23866749,0.19635,0.0022650635094611,0.0701,0.0101,0.1401,0.00509999999999999,0.2201,0.00510000000000001,0.3101,0.0350999999999999
CWNU_2830,0.5701,0.00510000000000001,1.7673100000000002,0.015810000000000032,2.559727915,0.330272085000002,0.72885,0.0144069039278245,0.3376,0.00759999999999998,0.6901,0.0601,1.0126,0.0926,1.4976,0.1276
CWNU_2836,0.3601,0.0907228448019594,1.11631,0.28124081888607416,1.44,,0.47385,0.0225652509445143,0.2451,0.00510000000000001,0.4626,0.0276,0.6251,0.00510000000000001,1.1526,0.1776
CWNU_2837,0.6501,0.0270258240356725,2.01531,0.08378005451058475,4.526577385,0.0434226150000003,1.14635,0.00226506350946105,0.2426,0.00760000000000001,0.8126,0.0226,1.3351,0.0851,1.8801,0.1001
CWNU_2838,0.2026,0.00569016994374947,0.6280600000000001,0.017639526825623357,2.687987055,0.137987055,1.06385,0.00970143218483579,0.4651,0.0351,0.7651,0.2201,1.1001,0.370099999999999,1.5126,0.5376
CWNU_2839,0.3226,0.0044301270189222,1.00006,0.01373339375865882,,,0.49385,0.0171934929139717,0.2501,0.00510000000000001,0.4151,0.0201,0.6476,0.0176,0.9326,0.0126
CWNU_2843,0.5701,0.0107066017177982,1.7673100000000002,0.033190465325174424,2.2,,0.84385,0.0160589316685046,0.0126,0.0026,0.3951,0.0151,0.7726,0.0226,1.2751,0.0500999999999999
CWNU_2846,0.2351,0.00622372435695794,0.7288100000000001,0.019293545506569615,0.910830155,0.119169845,0.37135,0.0109253175473055,0.1576,0.0026,0.2951,0.0101,0.4626,0.0026,0.6801,0.0301
CWNU_2847,0.3651,0.0260807621135332,1.13181,0.08085036255195292,3.50051583,0.14948417,0.68135,0.0271127284812179,0.2101,0.00510000000000001,0.5051,0.0401,0.7201,0.0251,1.0801,0.0901
CWNU_2848,0.1976,0.0179535710713571,0.61256,0.05565607032120701,0.05,,0.28385,0.00226506350946107,0.1651,0.00510000000000001,0.2626,0.00760000000000001,0.4126,0.0576000000000001,0.5976,0.0626
CWNU_2851,0.4601,0.0294683503111768,1.42631,0.09135188596464808,2.6,,0.75385,0.00902678553567857,0.5051,0.00510000000000001,0.8976,0.0476,1.2076,0.0926,1.5326,0.1826
CWNU_2852,0.3876,0.0276,1.20156,0.08556,1.93137711,0.0613771099999999,0.62635,0.00970143218483577,0.4126,0.0026,0.6901,0.00509999999999995,0.9376,0.0276,1.2851,0.0400999999999999
CWNU_2860,0.6501,0.00800569415042095,2.01531,0.024817651866304948,1.993741425,0.0762585749999999,1.01385,0.0438856997203425,0.4876,0.0126,1.0176,0.0726000000000001,1.4301,0.0951,1.9776,0.1426
CWNU_2861,0.0476,0.0276,0.14756000000000002,0.08556,2.55,,0.2151,0.0319198051533947,0.0001,0.0001,0.0276,0.0026,0.0151,0.0001,0.1751,0.0751000000000001
CWNU_2863,0.4626,0.00839156197588849,1.4340600000000001,0.02601384212525432,1.697088905,0.0570889050000001,0.7326,0.0109972473588517,0.3076,0.0026,0.6226,0.00760000000000001,0.9276,0.00760000000000001,1.3351,0.0301
CWNU_2868,0.81635,0.0148372826531895,2.530685,0.04599557622488745,2.774328505,0.204328505,1.23385,0.0109253175473054,0.3026,0.0026,0.9101,0.00510000000000001,1.4776,0.0376,2.1601,0.00510000000000012
CWNU_287,0.10385,0.00902678553567856,0.321935,0.027983035160603534,0.45180972,0.31819028,0.17135,0.00424578098794424,0.0301,0.0051,0.0976,0.0026,0.1501,0.00510000000000001,0.2526,0.0176
CWNU_2870,0.19635,0.00424578098794425,0.608685,0.013161921062627176,0.58344412,0.11344412,0.3101,0.00622372435695795,0.1476,0.0026,0.2726,0.0026,0.4001,0.0001,0.5776,0.0026
CWNU_2873,0.43635,0.0065951905283833,1.3526850000000001,0.02044509063798823,1.75,,0.6926,0.0284945417290014,0.2951,0.0101,0.5976,0.00760000000000001,0.9151,0.0401,1.2626,0.0376
CWNU_2877,1.12385,0.0256868618630734,3.4839350000000002,0.07962927177552755,4.326113655,0.073886345,1.4151,0.271577439209964,0.7651,0.0101,1.6476,0.0276,2.4351,0.0401,3.2526,0.0675999999999999
CWNU_2880,0.2476,0.00839156197588851,0.76756,0.02601384212525438,0.81337763,0.30662237,0.3926,0.0130903810567666,0.0026,0.0026,0.0976,0.0026,0.2526,0.00760000000000001,0.4851,0.00510000000000001
CWNU_2882,0.4901,0.00800569415042095,1.51931,0.024817651866304948,2.6,,0.7276,0.0044301270189222,0.1276,0.00760000000000001,0.4351,0.00510000000000001,0.7401,0.0201,1.2076,0.0526
CWNU_2885,0.43635,0.0065951905283833,1.3526850000000001,0.02044509063798823,1.75,,0.6926,0.0284945417290014,0.2951,0.0101,0.5976,0.00760000000000001,0.9151,0.0401,1.2626,0.0376
CWNU_2886,0.5376,0.0214600093632938,1.66656,0.06652602902621078,1.55,,0.84135,0.0195855715851499,0.0651,0.0001,0.4326,0.0126,0.8451,0.0301,1.3176,0.0676
CWNU_2887,0.28135,0.0168238602003246,0.872185,0.05215396662100626,3.55441886,0.19558114,0.7501,0.244512561052005,0.1326,0.0226,0.3776,0.0376,0.5751,0.0301,0.9226,0.127599999999999
CWNU_2888,0.5021,0.00797400787401182,1.55651,0.02471942440943664,1.941394355,0.141394355,0.81635,0.0139631706330117,0.3026,0.00760000000000001,0.6376,0.0026,0.9876,0.0276,1.4776,0.0326
CWNU_2889,0.4326,0.00911387818865998,1.34106,0.02825302238484594,1.06664668,0.0366466799999999,0.4351,0.0689294994896811,0.2776,0.0026,0.5176,0.0476,0.7226,0.1326,1.0676,0.1776
CWNU_2890,0.6901,0.0270258240356725,2.13931,0.08378005451058475,5.02170746,0.31829254,1.10635,0.0152554445662276,0.4101,0.0101,1.0101,0.0251,1.5101,0.0701000000000001,2.0526,0.0975999999999999
CWNU_2892,0.0826,0.0220374109684803,0.25606,0.06831597400228893,2.245216395,0.065216395,0.83135,0.0385667063835728,0.1126,0.0526,0.3776,0.2776,0.5901,0.4351,0.8576,0.6476
CWNU_2894,0.1801,0.00363553390593274,0.5583100000000001,0.011270155108391494,3.630174545,0.299825455,1.0601,0.0151,0.2751,0.1051,0.5926,0.3176,0.9251,0.4801,1.3101,0.6551
CWNU_2903,0.1951,0.00363553390593274,0.60481,0.011270155108391494,0.70706267,0.00293732999999996,0.31135,0.0022650635094611,0.1801,0.0001,0.2951,0.00510000000000001,0.4176,0.0026,0.5951,0.00510000000000001
CWNU_2906,0.41635,0.0065951905283833,1.290685,0.02044509063798823,1.21402122,0.00597877999999996,0.7101,0.0391512483795333,0.2576,0.0126,0.5576,0.0376,0.9101,0.1301,1.2301,0.1001
CWNU_2907,0.2926,0.00839156197588851,0.9070600000000001,0.02601384212525438,4.39,,0.4801,0.0204100960115899,0.2151,0.0001,0.4026,0.0026,0.6226,0.0126,0.8601,0.0101
CWNU_2909,0.3701,0.00717106781186548,1.14731,0.022230310216782987,1.23852974,0.01147026,0.57135,0.0152554445662276,0.2201,0.00510000000000001,0.4751,0.0101,0.7126,0.0026,1.0401,0.0201
CWNU_2914,0.2301,0.00876025403784438,0.71331,0.02715678751731758,0.954656785,0.215343215,0.35385,0.0065951905283833,0.1726,0.00259999999999999,0.3026,0.0026,0.4751,0.0201,0.6576,0.00760000000000001
CWNU_2915,0.30385,0.0152554445662277,0.9419350000000001,0.047291878155305875,4.35,,0.6726,0.0161078105935821,0.1826,0.0026,0.4126,0.0126,0.6726,0.0176,1.0601,0.0501000000000001
CWNU_2918,0.32885,0.0065951905283833,1.0194349999999999,0.02044509063798823,1.433004485,0.333004485,0.50635,0.0022650635094611,0.2351,0.0001,0.4276,0.00760000000000001,0.6426,0.0126,0.9576,0.0326
CWNU_2919,0.2626,0.0104077640640442,0.81406,0.032264068598537025,0.89412696,0.05587304,0.3551,0.0142421356237309,0.2101,0.00510000000000001,0.3626,0.00760000000000001,0.5076,0.0226,0.7626,0.0526
CWNU_2923,0.2651,0.0184711730708738,0.82181,0.05726063651970878,1.2,,0.4276,0.0130903810567666,0.1726,0.0226000000000001,0.3626,0.00760000000000001,0.5576,0.0276,0.7526,0.0226
CWNU_2930,0.26385,0.00424578098794425,0.817935,0.013161921062627176,1.02709182,0.132908180000001,0.42135,0.0022650635094611,0.2051,0.0001,0.3701,0.0001,0.5276,0.00760000000000001,0.7776,0.0126
CWNU_2931,0.0976,0.0179535710713571,0.30256000000000005,0.05565607032120701,1.39768151,0.11231849,0.25385,0.0022650635094611,0.3076,0.0026,0.3601,0.0001,0.4426,0.0326,0.5576,0.0626
CWNU_2934,0.50385,0.0065951905283833,1.561935,0.02044509063798823,2.04,,0.9701,0.0001,0.3436,0.2286,0.7001,0.2551,1.0376,0.2626,1.5951,0.3301
CWNU_2935,0.2976,0.00760000000000001,0.9225599999999999,0.023560000000000032,1.053558465,0.0664415350000001,0.44385,0.0065951905283833,0.2401,0.0001,0.4351,0.00510000000000001,0.6276,0.0026,0.9001,0.0201
CWNU_2938,0.17885,0.0125373429638328,0.554435,0.03886576318788168,0.55,,0.20385,0.0195855715851499,0.1501,0.0101,0.2351,0.00509999999999999,0.3301,0.0351000000000003,0.5076,0.0626000000000005
CWNU_2942,0.29885,0.0022650635094611,0.926435,0.00702169687932941,1.05,,0.56135,0.0130301005409857,0.2501,0.00510000000000001,0.4701,0.0251,0.6726,0.0526,0.9801,0.0801
CWNU_2943,0.4726,0.0044301270189222,1.46506,0.01373339375865882,1.43253828,0.08746172,0.70885,0.0438856997203425,0.2851,0.0151,0.6176,0.00760000000000001,0.9351,0.0201,1.3401,0.0101
CWNU_2945,0.3701,0.00622372435695795,1.14731,0.019293545506569646,1.154085405,0.014085405,0.59385,0.0109253175473055,0.2351,0.0001,0.4851,0.0001,0.7151,0.0001,1.0926,0.00259999999999995
CWNU_2947,0.14135,0.00226506350946109,0.43818500000000005,0.007021696879329379,0.525661645,0.0943383549999998,0.2576,0.0044301270189222,0.1301,0.0001,0.2126,0.00760000000000001,0.3251,0.0201,0.4601,0.0151
CWNU_2949,0.4201,0.0184711730708738,1.3023099999999999,0.05726063651970878,1.2,,0.4776,0.0326,0.3551,0.0001,0.5901,0.0501,0.8101,0.115099999999999,1.1376,0.202599999999999
CWNU_2950,0.3801,0.00510000000000001,1.17831,0.015810000000000032,1.35,,0.59135,0.0065951905283833,0.1751,0.0001,0.4226,0.0226,0.6551,0.0101,1.0326,0.00760000000000006
CWNU_2951,0.33385,0.0422863425767157,1.034935,0.13108766198781868,1.21030094,0.0503009400000001,0.63135,0.0614774184859546,0.2126,0.0026,0.4826,0.0825999999999999,0.8051,0.0251,1.1001,0.130099999999999
CWNU_2955,0.47135,0.00749509972887451,1.461185,0.023234809159510983,1.752155,0.047845,0.77885,0.00970143218483577,0.1826,0.0026,0.4951,0.00510000000000001,0.8351,0.00510000000000001,1.2801,0.0151
CWNU_2956,0.5601,0.0184711730708738,1.7363100000000002,0.05726063651970878,1.67752996,0.01247004,0.78385,0.00424578098794425,0.3576,0.0026,0.7276,0.00760000000000001,1.0776,0.0326000000000001,1.5551,0.0501000000000001
CWNU_296,0.5701,0.00945414346693482,1.7673100000000002,0.029307844747497945,2.082527515,0.0974724850000001,0.8476,0.0044301270189222,0.2126,0.0126,0.6026,0.0276,0.9626,0.0525999999999999,1.4801,0.0550999999999999
CWNU_2961,0.2501,0.00363553390593274,0.7753099999999999,0.011270155108391494,1.25002627,0.0899737300000001,0.40135,0.0125373429638327,0.2126,0.0026,0.3626,0.00760000000000001,0.5501,0.0101,0.7776,0.0026
CWNU_2967,0.5426,0.00911387818865998,1.6820599999999999,0.02825302238484594,1.708373885,0.061626115,0.82885,0.0311996382615618,0.3476,0.0026,0.7551,0.0251,1.1076,0.0276,1.5626,0.0576000000000001
CWNU_2969,0.1251,0.00876025403784439,0.38781,0.027156787517317607,1.521619635,0.138380365,0.4426,0.157996326746381,0.3626,0.0226,0.4801,0.0351,0.5826,0.0576,0.7536,0.116599999999999
CWNU_2975,0.3601,0.0290395922569756,1.11631,0.09002273599662436,1.65,,0.58885,0.0152554445662277,0.0876,0.0026,0.3001,0.0101,0.5826,0.00760000000000001,1.0126,0.1426
CWNU_2976,0.89885,0.0065951905283833,2.786435,0.02044509063798823,2.971591985,0.151591985,1.2476,0.021750635094611,0.4576,0.0725999999999999,1.0976,0.0276,1.6551,0.0651,2.3701,0.0350999999999999
CWNU_2981,0.33285,0.0107154368727811,1.031835,0.03321785430562141,1.65,,0.12385,0.036393077852395,0.2276,0.0026,0.3491,0.0991000000000001,0.4476,0.2126,0.6726,0.2576
CWNU_2989,0.21635,0.00554862367942585,0.670685,0.017200733406220133,1.1,,0.36385,0.0109253175473055,0.1926,0.0126,0.3501,0.0151,0.4826,0.0176,0.7351,0.0001
CWNU_2992,0.74385,0.00424578098794425,2.3059350000000003,0.013161921062627176,1.74530796,0.0846920400000001,1.0101,0.147324318643354,0.4301,0.0301,0.9576,0.0126,1.4326,0.0176,2.0301,0.0350999999999999
CWNU_3000,0.0751,0.00363553390593274,0.23281000000000002,0.011270155108391494,0.503314495,0.186685505,0.1376,0.0621987117418711,0.0276,0.0276,0.1051,0.0201,0.1751,0.0201000000000002,0.2576,0.0426
CWNU_3003,0.1101,0.00510000000000001,0.34131,0.015810000000000032,0.52819276,0.22180724,0.2301,0.0118260393995586,0.0601,0.0001,0.1476,0.0226,0.2101,0.0251000000000002,0.3476,0.0675999999999998
CWNU_3006,0.09885,0.0022650635094611,0.306435,0.00702169687932941,0.25,,0.18385,0.0139631706330118,0.0701,0.0001,0.1326,0.00760000000000001,0.2101,0.0101,0.3126,0.0126
CWNU_3007,0.35885,0.00424578098794425,1.112435,0.013161921062627176,1.42308393,0.01691607,0.5651,0.0303076149339864,0.3001,0.0001,0.5551,0.00510000000000001,0.8176,0.0476,1.1026,0.0526
CWNU_3013,0.0826,0.0044301270189222,0.25606,0.01373339375865882,0.45,,0.1476,0.00569016994374947,0.1126,0.0026,0.1476,0.0026,0.2101,0.0001,0.2851,0.00509999999999998
CWNU_3027,0.2226,0.00760000000000001,0.69006,0.023560000000000032,0.90412276,0.19587724,0.38385,0.0164458710382775,0.1326,0.0026,0.2876,0.0026,0.4576,0.0176,0.6726,0.0026
CWNU_3028,0.1601,0.00363553390593274,0.49631,0.011270155108391494,1.92,,0.2776,0.0026,0.1051,0.0001,0.2076,0.0026,0.3126,0.00760000000000001,0.4726,0.0126
CWNU_303,0.3951,0.00717106781186548,1.22481,0.022230310216782987,1.499768515,0.0402314850000001,0.63135,0.0160589316685046,0.2651,0.0001,0.5351,0.0001,0.8051,0.00510000000000001,1.1601,0.0101
CWNU_3030,0.45135,0.0022650635094611,1.399185,0.00702169687932941,,,0.7101,0.0184711730708739,0.2776,0.0026,0.5801,0.0001,0.8901,0.0251,1.2951,0.0101
CWNU_3032,0.1551,0.00622372435695795,0.48080999999999996,0.019293545506569646,1.85,,0.2226,0.0026,0.0726,0.0076,0.1601,0.00510000000000001,0.2601,0.00510000000000001,0.4151,0.0301
CWNU_3039,0.43385,0.00554862367942585,1.344935,0.017200733406220133,1.539248715,0.360751285,0.08635,0.0182572988079175,0.2301,0.0301000000000001,0.3676,0.1876,0.5126,0.2976,0.7476,0.4626
CWNU_304,0.38135,0.00970143218483577,1.182185,0.030074439772990885,1.18276551,0.12723449,0.6201,0.0174205080756888,0.2726,0.00760000000000001,0.5326,0.00760000000000001,0.7926,0.00760000000000001,1.1351,0.0350999999999999
CWNU_3040,0.32635,0.0319933770554327,1.011685,0.09917946887184136,3.18166774,0.0716677400000001,0.7026,0.00760000000000001,0.4426,0.0026,0.7051,0.0301,0.9576,0.0826,1.3001,0.150100000000001
CWNU_3043,0.08635,0.00424578098794425,0.267685,0.013161921062627176,0.263766875,0.0562331249999999,0.1676,0.0044301270189222,0.0451,0.0001,0.1101,0.0101,0.1726,0.0176000000000001,0.2576,0.0376
CWNU_3046,0.14135,0.0114880419739304,0.43818500000000005,0.03561293011918425,0.21556161,0.04443839,0.1876,0.0044301270189222,0.1051,0.0001,0.1776,0.00759999999999999,0.2551,0.0101,0.4051,0.0500999999999998
CWNU_3050,0.0476,0.0276,0.14756000000000002,0.08556,2.55,,0.2151,0.0319198051533947,0.0001,0.0001,0.0276,0.0026,0.0151,0.0001,0.1751,0.0751000000000001
CWNU_3054,0.4801,0.0213132034355964,1.48831,0.06607093065034884,1.95,,0.7051,0.151220812597074,0.4401,0.0501,0.7051,0.1051,1.3576,0.1776,1.2776,0.0776
CWNU_3055,0.31385,0.00902678553567857,0.9729350000000001,0.02798303516060357,1.9,,0.70385,0.0301780235387899,0.1976,0.0426,0.4476,0.0976000000000001,0.7326,0.1226,1.1126,0.142600000000001
CWNU_3057,0.1551,0.00363553390593274,0.48080999999999996,0.011270155108391494,0.57721089,0.0827891099999998,0.2451,0.0087602540378444,0.1176,0.0026,0.2126,0.0026,0.3101,0.0101,0.4501,0.00510000000000001
CWNU_3060,0.5021,0.00713562363973515,1.55651,0.022120433283178965,1.72925794,0.210742059999998,0.2501,0.0151,0.3176,0.0026,0.5201,0.1451,0.7486,0.3036,1.0551,0.4151
CWNU_3062,0.39135,0.0156623744974859,1.213185,0.04855336094220629,1.59028424,0.07028424,0.46385,0.0156623744974859,0.3576,0.0226,0.5726,0.0276,0.8026,0.0526,1.1326,0.1226
CWNU_3071,0.26635,0.00554862367942585,0.825685,0.017200733406220133,0.858096375,0.018096375,0.4076,0.00759999999999998,0.2101,0.00510000000000001,0.3776,0.0026,0.5526,0.0126,0.7851,0.0001
CWNU_3073,0.3101,0.0170558249578132,0.96131,0.052873057369220926,1.4,,0.5226,0.0327917420765551,0.1476,0.00759999999999999,0.3701,0.00510000000000001,0.6026,0.0176,0.8476,0.0576
CWNU_3079,0.6601,0.0235520787991172,2.04631,0.07301144427726332,2.064671995,0.0646719950000001,1.00135,0.0435992816032632,0.4501,0.0101,0.9151,0.0001,1.3701,0.0100999999999999,1.9176,0.0126
CWNU_3082,0.6601,0.0107066017177982,2.04631,0.033190465325174424,4.5690115,0.0409885000000001,1.0926,0.0130903810567666,0.3976,0.0426000000000004,0.9701,0.0951,1.4901,0.1101,2.0401,0.1251
CWNU_3084,0.51735,0.00491534007106456,1.603785,0.015237554220300138,2.0,,0.25885,0.0195855715851499,0.2576,0.0576000000000001,0.4601,0.2051,0.6601,0.2901,1.0051,0.4801
CWNU_3093,0.4251,0.00363553390593274,1.31781,0.011270155108391494,0.05,,0.6751,0.00363553390593274,0.2076,0.0026,0.4801,0.00510000000000001,0.7476,0.0026,1.1551,0.00510000000000001
CWNU_3095,0.4626,0.00569016994374946,1.4340600000000001,0.017639526825623326,1.6,,0.69885,0.0065951905283833,0.1676,0.0126,0.4551,0.0251,0.7501,0.0301,1.1726,0.0476
CWNU_3098,0.60385,0.00554862367942585,1.8719350000000001,0.017200733406220133,3.886958455,0.313041545,0.5726,0.0226,0.2126,0.00760000000000001,0.5516,0.0715999999999999,0.8526,0.1676,1.3016,0.2266
CWNU_3102,0.1576,0.00569016994374948,0.48856,0.017639526825623388,0.215723515,0.125723515,0.24885,0.00554862367942585,0.0926,0.0026,0.2026,0.00259999999999999,0.3051,0.00510000000000001,0.4726,0.0176
CWNU_3107,0.2726,0.0104077640640441,0.84506,0.03226406859853671,0.979609735,0.100390265,0.4201,0.0118260393995586,0.1926,0.0026,0.3601,0.00510000000000001,0.5726,0.0026,0.7826,0.0026
CWNU_3108,0.23135,0.0164458710382775,0.7171850000000001,0.050982200218660255,3.307721315,0.057721315,0.5901,0.0201,0.2301,0.0101,0.4426,0.0475999999999999,0.6226,0.0626,0.9501,0.1501
CWNU_3112,0.12885,0.0125373429638328,0.399435,0.03886576318788168,2.35,,0.33635,0.0144069039278245,0.0676,0.0076,0.1401,0.0001,0.2851,0.0251,0.5176,0.00760000000000001
CWNU_3113,0.30385,0.00424578098794425,0.9419350000000001,0.013161921062627176,1.45,,0.75635,0.0022650635094611,0.2826,0.2826,0.4801,0.3351,0.7126,0.3826,1.0901,0.4801
CWNU_3115,0.23885,0.00659519052838329,0.7404350000000001,0.0204450906379882,1.15,,0.4226,0.021750635094611,0.1301,0.0001,0.2976,0.0226,0.4601,0.0151,0.7301,0.0251
CWNU_3117,0.42885,0.0246903944661325,1.3294350000000001,0.07654022284501076,2.766636705,0.316636705000003,0.67635,0.0022650635094611,0.6201,0.0101,0.9426,0.0026,1.2151,0.0651000000000001,1.5326,0.0876
CWNU_3120,0.30135,0.0114880419739304,0.934185,0.03561293011918425,,,0.33885,0.0256868618630734,0.2026,0.0126,0.3751,0.0101,0.5326,0.0526,0.8001,0.0850999999999989
CWNU_3124,0.31135,0.00902678553567857,0.9651850000000001,0.02798303516060357,1.25,,0.38135,0.062286714819164,0.2001,0.00509999999999999,0.3876,0.00760000000000001,0.5126,0.0776,0.7826,0.112600000000001
CWNU_3144,0.2801,0.0155110350074224,0.86831,0.048084208523009445,1.25,,0.32635,0.188460525323115,0.1176,0.0026,0.2676,0.00760000000000001,0.2951,0.2101,0.7526,0.0576000000000001
CWNU_3146,0.28885,0.0114880419739304,0.895435,0.03561293011918425,0.75,,0.4851,0.0001,0.2226,0.0026,0.4126,0.0026,0.5876,0.00760000000000001,0.8576,0.0476
CWNU_3148,0.08135,0.0022650635094611,0.25218500000000005,0.00702169687932941,0.306033925,0.073966075,0.11885,0.00554862367942584,0.0826,0.0026,0.1176,0.0026,0.1626,0.0126,0.2476,0.0126
CWNU_3152,0.3101,0.00363553390593274,0.96131,0.011270155108391494,1.053754315,0.106245685,0.51635,0.0065951905283833,0.1551,0.00510000000000001,0.3526,0.0126,0.5476,0.00760000000000001,0.8576,0.0276
CWNU_3154,0.64885,0.0130301005409858,2.011435,0.04039331167705598,2.44929044,0.14070956,0.9651,0.0087602540378444,0.3726,0.0126,0.8351,0.0451,1.2701,0.0450999999999999,1.7801,0.0301
CWNU_3169,0.73885,0.0152554445662277,2.290435,0.047291878155305875,4.09,,1.19385,0.0738711833983975,0.4901,0.0201,1.1051,0.0951,1.7051,0.1301,2.2451,0.1751
CWNU_317,0.39385,0.00749509972887453,1.2209349999999999,0.023234809159511045,1.396740985,0.193259014999999,0.63885,0.0233849200127465,0.2801,0.00509999999999998,0.5551,0.0101,0.8576,0.0376,1.1651,0.0301
CWNU_3171,0.17385,0.0082967981553775,0.538935,0.025720074281670252,0.2691283,0.0108717,0.29885,0.0114880419739304,0.1476,0.0026,0.2601,0.00510000000000001,0.3826,0.0126,0.5151,0.0151
CWNU_3173,0.1776,0.00569016994374947,0.55056,0.017639526825623357,0.42,,0.3126,0.0193028643696715,0.1551,0.00510000000000001,0.2676,0.00760000000000001,0.4201,0.0201,0.5551,0.0101
CWNU_3175,0.1976,0.0026,0.61256,0.00806,0.584625655,0.105374345,0.28635,0.0130301005409857,0.1626,0.0026,0.2851,0.00509999999999998,0.3851,0.0201,0.5776,0.0026
CWNU_318,0.34135,0.0199037243971936,1.058185,0.061701545631300155,1.47245172,0.0324517200000001,0.4301,0.0174205080756888,0.2701,0.0201,0.4426,0.0226,0.6651,0.0351,0.9676,0.1226
CWNU_3183,0.16635,0.00424578098794425,0.5156850000000001,0.013161921062627176,0.45034343,0.24965657,0.2301,0.00622372435695794,0.1051,0.0051,0.2026,0.0126,0.3051,0.0101,0.4476,0.0226
CWNU_3188,0.1351,0.0463331050222674,0.41881,0.14363262556902895,2.915986415,0.0740135850000001,0.4551,0.144841148261301,0.0001,0.0001,0.0001,0.0001,0.0476,0.0476,0.2001,0.1501
CWNU_3194,0.2301,0.0101,0.71331,0.03131,0.8999355,0.2600645,0.3301,0.0001,0.2126,0.0026,0.3326,0.0026,0.4776,0.0226,0.7001,0.0401
CWNU_3197,0.4551,0.00717106781186548,1.4108100000000001,0.022230310216782987,1.543607845,0.106392155,0.6976,0.0161078105935821,0.3126,0.0026,0.6126,0.0026,0.9251,0.0251,1.3026,0.00760000000000006
CWNU_3199,0.36135,0.00554862367942585,1.120185,0.017200733406220133,1.21345615,0.15654385,0.56135,0.0130301005409857,0.2351,0.0001,0.4701,0.00509999999999998,0.7076,0.0026,1.0276,0.0126000000000001
CWNU_32,0.4626,0.0161078105935821,1.4340600000000001,0.04993421284010451,4.081042475,0.191042475,0.7301,0.0347410161513775,0.3426,0.00759999999999998,0.6976,0.00760000000000001,0.9401,0.0601,1.4326,0.0226000000000001
CWNU_321,0.46385,0.00659519052838327,1.437935,0.020445090637988137,1.62254124,0.0474587599999999,0.7001,0.00622372435695795,0.2526,0.0026,0.5426,0.0126,0.8426,0.0126,1.2676,0.0426
CWNU_3212,0.0251,0.0001,0.07781,0.00031,0.12,,0.1551,0.0001,0.0326,0.0326,0.0576,0.0576,0.1051,0.0901,0.1551,0.1151
CWNU_3213,0.6051,0.00622372435695795,1.87581,0.019293545506569646,2.44796578,0.11796578,0.8726,0.00760000000000001,0.0001,0.0001,0.3326,0.00760000000000001,0.7276,0.0176,1.2451,0.0551000000000001
CWNU_3219,0.29385,0.00424578098794425,0.910935,0.013161921062627176,0.92803161,0.10196839,0.47885,0.0148372826531895,0.2576,0.00760000000000001,0.4476,0.0126,0.6576,0.0176,0.8951,0.00510000000000001
CWNU_3222,0.35885,0.0301780235387899,1.112435,0.0935518729702487,3.308922585,0.0689225849999999,0.7176,0.0176,0.1876,0.0126,0.4951,0.0251,0.7576,0.0676,1.1251,0.1301
CWNU_3225,0.29635,0.0144069039278245,0.9186850000000001,0.04466140217625595,0.95,,0.3501,0.0142421356237309,0.2051,0.0151,0.3701,0.00510000000000001,0.5276,0.0376,0.8001,0.0850999999999989
CWNU_3233,0.30885,0.00749509972887453,0.957435,0.023234809159511045,1.25,,0.5451,0.0319198051533946,0.2501,0.00510000000000001,0.4551,0.0201,0.7201,0.0701,0.9651,0.0551
CWNU_3234,0.6551,0.0107066017177982,2.0308100000000002,0.033190465325174424,0.8,,0.98635,0.00554862367942585,0.2051,0.0101,0.6526,0.0276,1.0976,0.0476,1.6926,0.0825999999999999
CWNU_3236,0.4651,0.00363553390593272,1.44181,0.011270155108391433,1.75,,0.7826,0.117173694739682,0.1826,0.00760000000000001,0.4826,0.0126,1.1651,0.3851,1.2001,0.0101
CWNU_3242,0.6701,0.0221794021658196,2.07731,0.06875614671404076,2.622832005,0.00716799499999987,0.9751,0.0188082869338697,0.1051,0.0051,0.5776,0.0126,1.0726,0.0326,1.5501,0.00510000000000001
CWNU_3243,0.24135,0.00749509972887452,0.7481850000000001,0.02323480915951101,0.95469187,0.05469187,0.40635,0.0152554445662277,0.2026,0.00259999999999999,0.3751,0.0251,0.5476,0.0326,0.7451,0.0701
CWNU_3255,0.54885,0.0109253175473055,1.7014349999999998,0.03386848439664705,2.0,,0.81635,0.0164458710382775,0.3001,0.00510000000000001,0.6826,0.0026,1.0251,0.00510000000000001,1.5051,0.00510000000000001
CWNU_3256,0.2526,0.0026,0.78306,0.00806,1.15,,0.4101,0.00876025403784437,0.1926,0.0226,0.3551,0.0201,0.5026,0.0126,0.7676,0.0176
CWNU_3257,0.56385,0.0055486236794258,1.747935,0.01720073340621998,1.984715975,0.0252840249999999,0.9051,0.0347410161513776,0.3076,0.0026,0.7451,0.0501000000000001,1.1101,0.0551000000000001,1.6401,0.0801
CWNU_326,0.0076,0.0083915619758885,0.02356,0.026013842125254354,2.29461823,0.08461823,0.1826,0.0130903810567666,0.0001,0.0001,0.0226,0.0226,0.0651,0.0601,0.1626,0.0726
CWNU_3262,0.2701,0.0177776695296637,0.83731,0.05511077554195747,0.75,,0.3551,0.0174205080756888,0.1651,0.00510000000000001,0.3151,0.0151,0.4576,0.0226,0.7351,0.0901
CWNU_3266,0.5701,0.00945414346693483,1.7673100000000002,0.029307844747497973,2.2,,0.9026,0.0726,0.0051,0.0051,0.5226,0.1276,0.9126,0.117599999999999,1.2326,0.0576
CWNU_3268,0.74135,0.0103316909648406,2.2981849999999997,0.03202824199100587,2.769582005,0.199582005,1.0701,0.00876025403784439,0.0326,0.0026,0.5476,0.0326,1.0301,0.0251,1.6426,0.0626
CWNU_3285,0.43885,0.0156623744974859,1.360435,0.04855336094220629,2.25,,0.6551,0.0245948974278318,0.0001,0.0001,0.1101,0.0151,0.3826,0.0026,0.7776,0.0426
CWNU_3286,0.4326,0.00839156197588851,1.34106,0.02601384212525438,1.6,,0.6001,0.0087602540378444,0.1776,0.0526,0.4526,0.0676000000000001,0.7076,0.0976000000000003,1.0651,0.0751
CWNU_3288,0.2751,0.012847548783982,0.8528100000000001,0.0398274012303442,0.86821574,0.16178426,0.4201,0.0146773797371133,0.1901,0.0001,0.3576,0.00760000000000001,0.5601,0.0101,0.7726,0.0026
CWNU_3292,0.57135,0.00749509972887449,1.7711850000000002,0.02323480915951092,1.77481049,0.03481049,0.85135,0.0139631706330118,0.3276,0.0026,0.7076,0.00760000000000001,1.0901,0.00510000000000001,1.5726,0.0276000000000001
CWNU_3293,0.4026,0.00759999999999998,1.2480600000000002,0.02355999999999994,1.124432225,0.084432225,0.63635,0.0152554445662277,0.2726,0.0026,0.5476,0.0276,0.7976,0.00760000000000001,1.1776,0.0426
CWNU_3296,0.09635,0.00424578098794425,0.29868500000000003,0.013161921062627176,0.44381782,0.24618218,0.1751,0.0001,0.0601,0.0101,0.1176,0.0026,0.1751,0.0101,0.2926,0.0026
CWNU_330,0.34885,0.00424578098794425,1.081435,0.013161921062627176,0.96,,0.5676,0.00759999999999996,0.2201,0.0001,0.4526,0.0126,0.6776,0.0176,1.0076,0.0276
CWNU_3300,0.20385,0.00226506350946109,0.631935,0.007021696879329379,0.2,,0.3301,0.0213132034355964,0.1801,0.00510000000000001,0.2751,0.0201,0.3876,0.0525999999999999,0.6226,0.0376
CWNU_3304,0.1426,0.00259999999999999,0.44206,0.008059999999999968,0.45,,0.23885,0.0022650635094611,0.0901,0.0001,0.1726,0.00759999999999999,0.2601,0.0101,0.4076,0.00259999999999997
CWNU_3306,0.59385,0.0114880419739304,1.840935,0.03561293011918425,1.882738355,0.00273835500000008,0.97635,0.0164458710382775,0.3651,0.0251,0.8126,0.0426,1.2201,0.0751,1.7226,0.1126
CWNU_3308,0.3376,0.00569016994374946,1.0465600000000002,0.017639526825623326,0.9,,0.5351,0.0001,0.2626,0.0026,0.4701,0.00509999999999998,0.6951,0.0101,1.0051,0.0001
CWNU_3310,0.11885,0.00554862367942584,0.368435,0.017200733406220105,0.50483215,0.26516785,0.18385,0.00424578098794425,0.0501,0.0201,0.1251,0.0101,0.1926,0.0176,0.3201,0.0251
CWNU_3311,0.3251,0.00945414346693486,1.00781,0.02930784474749807,1.05,,0.42885,0.0199037243971936,0.3201,0.0251,0.4451,0.0951,0.6476,0.102600000000001,0.9801,0.1701
CWNU_3314,0.1051,0.0001,0.32581,0.00031,0.415729975,0.234270025,0.1751,0.00622372435695794,0.0526,0.0026,0.1201,0.0001,0.1876,0.00760000000000001,0.3001,0.0001
CWNU_3315,0.0551,0.0001,0.17081000000000002,0.00031,0.31718703,0.00281297,0.18885,0.0022650635094611,0.0451,0.0251,0.0901,0.0501,0.1576,0.0626,0.2526,0.0776
CWNU_3318,0.6201,0.0001,1.92231,0.00031,1.480474705,0.180474705,0.88885,0.0860778314450882,0.2816,0.1016,0.8576,0.00760000000000001,1.2376,0.0476,1.7751,0.0251
CWNU_3319,0.32635,0.00424578098794425,1.011685,0.013161921062627176,0.75046335,0.11953665,0.4476,0.0044301270189222,0.2001,0.00509999999999999,0.4026,0.0026,0.5926,0.0126,0.8701,0.0201
CWNU_3325,0.6051,0.00717106781186548,1.87581,0.022230310216782987,,,0.9251,0.0087602540378444,0.2976,0.0176,0.7226,0.0176,1.1076,0.0376,1.6451,0.0101
CWNU_3331,0.2526,0.0044301270189222,0.78306,0.01373339375865882,0.85,,0.3801,0.00363553390593274,0.1701,0.00509999999999999,0.3126,0.00760000000000001,0.4676,0.0126,0.6951,0.0101
CWNU_3335,0.1701,0.00363553390593273,0.5273100000000001,0.011270155108391463,0.935400955,0.114599045000001,0.2676,0.0044301270189222,0.1426,0.00259999999999999,0.2376,0.0126,0.3526,0.00760000000000001,0.5051,0.0151
CWNU_3338,0.0476,0.00569016994374947,0.14756000000000002,0.017639526825623357,0.15,,0.1401,0.0001,0.0776,0.0026,0.0951,0.0001,0.1476,0.00759999999999999,0.2226,0.0176
CWNU_3344,0.5701,0.00945414346693483,1.7673100000000002,0.029307844747497973,2.6,,0.6751,0.2151,0.0051,0.0051,0.2801,0.1051,0.7526,0.0376,1.2801,0.0301
CWNU_3347,0.0426,0.00760000000000001,0.13206,0.023560000000000032,0.260084035,0.0899159649999999,0.1051,0.00622372435695795,0.0151,0.0101,0.0476,0.0126,0.1001,0.0250999999999999,0.1151,0.0351
CWNU_3349,0.34135,0.0130301005409857,1.058185,0.04039331167705567,1.408024245,0.108024245,0.5151,0.0184711730708739,0.2901,0.00510000000000001,0.5026,0.0026,0.6851,0.00509999999999995,1.0251,0.00510000000000001
CWNU_3352,0.7701,0.012847548783982,2.3873100000000003,0.0398274012303442,3.2,,1.06635,0.0264094564748115,0.0001,0.0001,0.4401,0.0201,0.9626,0.0276,1.5126,0.0526
CWNU_3353,0.2001,0.00363553390593273,0.62031,0.011270155108391463,0.690406005,0.019593995,0.3151,0.0123474487139159,0.1501,0.0001,0.2951,0.0101,0.4201,0.0151,0.5951,0.0351
CWNU_3357,0.5326,0.00911387818865998,1.65106,0.02825302238484594,2.50738705,0.0126129500000001,0.8276,0.00760000000000001,0.1151,0.0051,0.4726,0.0126,0.8426,0.0276,1.3201,0.0351
CWNU_3359,0.2026,0.00259999999999999,0.6280600000000001,0.008059999999999968,0.83255768,0.167442319999999,0.3376,0.00839156197588848,0.1601,0.0001,0.2976,0.00760000000000001,0.4401,0.0251,0.6201,0.0451
CWNU_337,0.05635,0.0120242400177118,0.174685,0.03727514405490658,2.745409765,0.204590235,0.9076,0.0044301270189222,0.1876,0.0376,0.4026,0.2276,0.6201,0.3851,0.9301,0.6101
CWNU_3370,0.38885,0.00554862367942585,1.205435,0.017200733406220133,2.0,,0.61885,0.0160589316685046,0.2401,0.0101,0.5026,0.0176,0.7601,0.0351,1.1126,0.0326
CWNU_3378,0.74385,0.0282458256229943,2.3059350000000003,0.08756205943128234,1.8,,1.11385,0.0225652509445143,0.2876,0.0026,0.8301,0.0201,1.3876,0.0476,1.9651,0.0101
CWNU_3382,0.4951,0.00717106781186548,1.53481,0.022230310216782987,1.70397655,0.12397655,0.7526,0.0161078105935821,0.1776,0.0026,0.5201,0.0101,0.8176,0.0026,1.2701,0.0201
CWNU_3385,0.55385,0.0273431183971292,1.7169349999999999,0.08476366703110053,1.643742705,0.213742705000001,0.87385,0.0307950728945217,0.2976,0.0226,0.7376,0.0426,1.1301,0.0551000000000001,1.5326,0.1276
CWNU_3386,0.37385,0.0340806930476705,1.158935,0.10565014844777856,0.25,,0.53135,0.0171934929139717,0.1151,0.0101,0.3001,0.0350999999999999,0.6726,0.1276,1.0151,0.2351
CWNU_3389,0.09135,0.00424578098794425,0.283185,0.013161921062627176,0.193173685,0.076826315,0.13385,0.00902678553567856,0.0451,0.0051,0.0926,0.0076,0.1351,0.00510000000000001,0.2401,0.00510000000000001
CWNU_3390,0.44135,0.00554862367942585,1.3681850000000002,0.017200733406220133,1.7,,0.6826,0.0226,0.2851,0.0001,0.5751,0.0101,0.8976,0.0426,1.2501,0.0101
CWNU_3391,0.42135,0.00554862367942585,1.3061850000000002,0.017200733406220133,1.3,,0.65135,0.00554862367942585,0.2826,0.00259999999999997,0.5426,0.0026,0.8201,0.0101,1.2026,0.0126000000000001
CWNU_3393,0.21135,0.0309980177357708,0.655185,0.09609385498088949,3.1,,0.4826,0.0161078105935821,0.0001,0.0001,0.0801,0.0151,0.2451,0.0451000000000001,0.4726,0.0876
CWNU_3397,0.60885,0.0065951905283833,1.887435,0.02044509063798823,1.93935959,0.03064041,0.8951,0.0087602540378444,0.2076,0.00759999999999999,0.5976,0.0176,1.0001,0.0151,1.5226,0.0526
CWNU_340,0.0226,0.0044301270189222,0.07006,0.01373339375865882,0.174259505,0.135740495,0.0876,0.0130903810567666,0.0201,0.0001,0.0301,0.0101,0.0676,0.0176,0.1101,0.0251
CWNU_3402,0.3901,0.0155110350074224,1.20931,0.048084208523009445,1.37033018,0.000330179999999958,0.53135,0.0022650635094611,0.2151,0.0101,0.4376,0.0376,0.6876,0.0826000000000001,1.0076,0.0776
CWNU_3404,0.57135,0.00749509972887449,1.7711850000000002,0.02323480915951092,2.32860471,0.04860471,0.84885,0.00970143218483577,0.1501,0.0101,0.5251,0.0201,0.9026,0.0176,1.3951,0.0450999999999999
CWNU_3418,0.5776,0.00839156197588851,1.7905600000000002,0.02601384212525438,2.2,,0.95385,0.0601390497926142,0.4076,0.0276,0.9301,0.100100000000001,1.3451,0.1301,1.8951,0.1251
CWNU_3419,0.6376,0.0228760839478608,1.9765599999999999,0.07091586023836847,2.14720632,0.00279367999999991,0.9851,0.0288228132326902,0.5101,0.00510000000000001,1.0126,0.0226,1.4751,0.0151,1.9326,0.0925999999999999
CWNU_3420,0.30635,0.00424578098794425,0.9496850000000001,0.013161921062627176,0.824916875,0.035083125,0.46885,0.00659519052838327,0.1951,0.0001,0.3776,0.0226,0.5576,0.0276,0.8426,0.0226
CWNU_3423,0.1776,0.00569016994374947,0.55056,0.017639526825623357,0.42,,0.3126,0.0193028643696715,0.1551,0.00510000000000001,0.2676,0.00760000000000001,0.4201,0.0201,0.5551,0.0101
CWNU_3426,0.30385,0.0125373429638328,0.9419350000000001,0.03886576318788168,0.84092874,0.07907126,0.44885,0.00424578098794425,0.2201,0.0001,0.4201,0.0001,0.6476,0.0176,0.8701,0.00510000000000001
CWNU_3427,0.10635,0.0022650635094611,0.329685,0.00702169687932941,0.717643565,0.372356435,0.2376,0.0044301270189222,0.0826,0.0176,0.1576,0.0276,0.2451,0.0401,0.3651,0.0600999999999999
CWNU_3431,0.5401,0.0107066017177982,1.6743100000000002,0.033190465325174424,1.95,,0.12385,0.0114880419739304,0.1776,0.1376,0.3701,0.3301,0.5676,0.4976,0.8151,0.6551
CWNU_3432,0.1976,0.0161078105935821,0.61256,0.04993421284010451,1.85,,0.31635,0.0022650635094611,0.1601,0.0101,0.2701,0.0151,0.4151,0.0451,0.6401,0.0701000000000009
CWNU_3433,0.3076,0.00569016994374948,0.95356,0.017639526825623388,0.85,,0.4201,0.0260807621135332,0.1776,0.0426,0.3451,0.0701000000000002,0.4951,0.1451,0.8301,0.1201
CWNU_3434,0.5281,0.0133098448136229,1.63711,0.04126051892223099,2.85,,0.8251,0.0101,0.1576,0.0026,0.5026,0.0176,0.8611,0.0211,1.3976,0.0976000000000001
CWNU_3436,0.23885,0.0065951905283833,0.7404350000000001,0.02044509063798823,,,0.2851,0.0001,0.1576,0.0175999999999999,0.2776,0.0276,0.4076,0.0426000000000001,0.5901,0.0551
CWNU_3437,0.35885,0.0109253175473055,1.112435,0.03386848439664705,1.5,,0.4601,0.0213132034355964,0.2301,0.0001,0.4476,0.0176,0.6351,0.0401,0.9726,0.0826
CWNU_3439,0.34885,0.00659519052838328,1.081435,0.02044509063798817,1.5,,0.6176,0.0144614066163451,0.1376,0.0175999999999999,0.3726,0.0276,0.6326,0.0576,0.9751,0.0400999999999999
CWNU_3443,0.35385,0.00554862367942585,1.096935,0.017200733406220133,1.4,,0.56635,0.00970143218483572,0.1851,0.00510000000000001,0.4301,0.00510000000000001,0.6526,0.0026,0.9976,0.00759999999999995
CWNU_3445,0.28385,0.00226506350946107,0.879935,0.007021696879329317,1.313111525,0.206888475,0.4101,0.0112803398874989,0.2326,0.00259999999999999,0.4276,0.00760000000000001,0.6026,0.0126,0.8151,0.00509999999999995
CWNU_3446,0.5276,0.0626,1.63556,0.19406,2.269173335,0.119173335,0.75385,0.0828930401664299,0.0001,0.0001,0.1676,0.0276,0.5026,0.0276,0.9351,0.1001
CWNU_3448,0.0101,0.00800569415042095,0.03131,0.024817651866304948,,,0.1926,0.0104077640640442,0.2001,0.00509999999999999,0.2101,0.0151,0.2651,0.0350999999999999,0.3601,0.0650999999999998
CWNU_3453,0.0901,0.00876025403784439,0.27931,0.027156787517317607,0.45,,0.13635,0.00424578098794425,0.0626,0.0076,0.1151,0.0151,0.1651,0.0201000000000001,0.2651,0.0201
CWNU_3459,0.33385,0.0103316909648405,1.034935,0.032028241991005554,1.5,,0.0151,0.0051,0.1026,0.0026,0.1576,0.1376,0.2601,0.2551,0.4801,0.4401
CWNU_346,0.38135,0.0271127284812179,1.182185,0.0840494582917755,4.24760008,0.0,0.7351,0.016683123951777,0.1051,0.0051,0.4226,0.0276,0.6976,0.0626,1.0576,0.142599999999999
CWNU_3464,0.48885,0.00554862367942585,1.515435,0.017200733406220133,1.727919585,0.0879195850000001,0.71885,0.00970143218483577,0.2276,0.0026,0.5451,0.0101,0.8551,0.00510000000000001,1.2701,0.0201
CWNU_3466,0.2301,0.00622372435695794,0.71331,0.019293545506569615,0.12,,0.6626,0.00839156197588851,0.5126,0.3376,0.7051,0.3751,0.8876,0.4026,1.2176,0.4776
CWNU_3467,0.3101,0.00800569415042095,0.96131,0.024817651866304948,1.025349055,0.204650945,0.5201,0.0218944947177034,0.1626,0.0026,0.3801,0.00510000000000001,0.6051,0.0301,0.8776,0.0326
CWNU_3469,0.23385,0.0156623744974859,0.724935,0.04855336094220629,0.86349139,0.40650861,0.40385,0.00659519052838327,0.1626,0.0126,0.3276,0.00760000000000001,0.4976,0.0126,0.6751,0.0651
CWNU_3470,0.30385,0.00554862367942585,0.9419350000000001,0.017200733406220133,0.401794985,0.181794985,0.46885,0.0239156986040721,0.2026,0.00259999999999999,0.3876,0.00760000000000001,0.6001,0.0101,0.8576,0.0176
CWNU_3478,0.2826,0.0549292804986535,0.8760600000000001,0.17028076954582586,1.40471662,0.365283380000001,0.44885,0.155598191307809,0.1226,0.1226,0.0001,0.0001,0.0426,0.0376,0.2626,0.1226
CWNU_3479,0.4751,0.0107066017177982,1.4728100000000002,0.033190465325174424,1.9,,0.67885,0.0182572988079174,0.2151,0.00510000000000001,0.5251,0.0301,0.8651,0.0351,1.2151,0.0500999999999999
CWNU_348,0.4026,0.0312247489949718,1.2480600000000002,0.09679672188441259,1.367123315,0.097123315,0.70635,0.0205251682979602,0.3876,0.00760000000000001,0.6951,0.0151,1.0151,0.0401,1.2451,0.165099999999999
CWNU_3482,0.2376,0.0115564392373896,0.73656,0.03582496163590776,0.72069439,0.01069439,0.38385,0.0171934929139717,0.1951,0.0001,0.3626,0.0126,0.5376,0.00760000000000001,0.7226,0.0426
CWNU_3484,0.4951,0.0155110350074225,1.53481,0.04808420852300975,1.646743275,0.113256725,0.77635,0.0239156986040721,0.2876,0.0026,0.6326,0.0276,0.9751,0.0101,1.4026,0.0476
CWNU_3485,0.3176,0.00569016994374948,0.98456,0.017639526825623388,1.4,,0.51385,0.0130301005409858,0.1776,0.0026,0.3676,0.0026,0.5801,0.0201,0.8951,0.0151
CWNU_3486,0.25635,0.00970143218483577,0.7946850000000001,0.030074439772990885,0.903004245,0.196995755,0.43885,0.0065951905283833,0.1901,0.00510000000000001,0.3576,0.0026,0.5426,0.0026,0.7751,0.0201
CWNU_3488,0.32135,0.0065951905283833,0.9961850000000001,0.02044509063798823,1.45,,0.4976,0.0044301270189222,0.0701,0.0201,0.2726,0.0126,0.4726,0.0326,0.8226,0.0576
CWNU_3489,0.27135,0.0222852991866236,0.841185,0.06908442747853316,2.8,,0.5301,0.0204100960115899,0.0251,0.0001,0.1976,0.0176,0.3851,0.1001,0.7726,0.0526
CWNU_3493,0.2951,0.0423788363132195,0.9148099999999999,0.13137439257098046,1.86,,0.46635,0.00226506350946107,0.2151,0.00510000000000001,0.3751,0.00510000000000001,0.5801,0.0301,0.9826,0.1476
CWNU_3495,0.12135,0.00659519052838329,0.376185,0.0204450906379882,0.507996805,0.212003195,0.20885,0.0022650635094611,0.0901,0.0051,0.1726,0.0126,0.2601,0.0151,0.3476,0.0475999999999999
CWNU_3501,0.1976,0.0076,0.61256,0.02356,0.9,,0.34135,0.00226506350946107,0.1301,0.00510000000000001,0.2426,0.0126,0.3876,0.0376,0.5901,0.0201
CWNU_3504,0.5126,0.0115564392373896,1.58906,0.03582496163590776,1.85,,0.66885,0.0139631706330118,0.2626,0.0026,0.5651,0.0551,0.8851,0.0751,1.2676,0.1026
CWNU_3505,0.18385,0.0065951905283833,0.5699350000000001,0.02044509063798823,0.3,,0.27385,0.0022650635094611,0.1326,0.0026,0.2276,0.00759999999999999,0.3501,0.0151,0.5226,0.0276
CWNU_3507,0.30135,0.00970143218483577,0.934185,0.030074439772990885,0.695150595,0.204849405,0.49635,0.00970143218483577,0.1976,0.0026,0.4051,0.0101,0.6051,0.00510000000000001,0.8801,0.0351
CWNU_3509,0.2651,0.0188082869338697,0.82181,0.05830568949499607,0.895745265,0.144254735000001,0.39385,0.0125373429638327,0.2176,0.0026,0.3926,0.00760000000000001,0.5301,0.0151,0.7951,0.00510000000000001
CWNU_3511,0.3916,0.0169745370306862,1.2139600000000002,0.05262106479512722,1.280629385,0.180629384999999,0.45135,0.0416895118990353,0.3051,0.0101,0.5381,0.0481,0.7076,0.0826000000000001,1.1026,0.152599999999999
CWNU_3514,0.26635,0.0156623744974859,0.825685,0.04855336094220629,1.55,,0.0326,0.0189745860881769,0.2426,0.0176,0.2951,0.0801,0.3951,0.1701,0.5851,0.3251
CWNU_3520,0.04385,0.0239156986040721,0.135935,0.07413866567262352,1.5,,0.2151,0.0001,0.0201,0.0001,0.0276,0.0176,0.0826,0.0526,0.1951,0.0651
CWNU_3523,0.27635,0.00749509972887451,0.856685,0.023234809159510983,0.84106453,0.25893547,0.3826,0.0104077640640442,0.2576,0.0026,0.4226,0.0176,0.5951,0.0201,0.8476,0.0326
CWNU_3531,0.37635,0.00902678553567857,1.1666850000000002,0.02798303516060357,1.069420205,0.090579795,0.5726,0.0193028643696715,0.2926,0.00760000000000001,0.5551,0.0101,0.8026,0.0026,1.1376,0.00760000000000006
CWNU_3534,0.22135,0.0022650635094611,0.686185,0.00702169687932941,0.629750645,0.0897506449999997,0.37385,0.0065951905283833,0.1576,0.0026,0.3051,0.00510000000000001,0.4651,0.0151,0.6601,0.0201
CWNU_3536,0.22635,0.0144069039278245,0.701685,0.04466140217625595,2.15,,0.50885,0.0109253175473055,0.3451,0.00509999999999998,0.5051,0.0201,0.6801,0.0351,0.9676,0.0726
CWNU_3544,0.21635,0.0022650635094611,0.670685,0.00702169687932941,0.71362544,0.17637456,0.3401,0.00363553390593272,0.1976,0.0026,0.3226,0.0026,0.4551,0.0001,0.6576,0.00760000000000001
CWNU_3546,0.3201,0.00945414346693486,0.99231,0.02930784474749807,1.62,,0.4876,0.0044301270189222,0.1276,0.0226,0.3201,0.0351000000000005,0.4926,0.0326,0.7926,0.0176
CWNU_3548,0.1576,0.0044301270189222,0.48856,0.01373339375865882,0.34589002,0.0741099799999999,0.23885,0.00554862367942584,0.1226,0.0026,0.2176,0.0026,0.3076,0.0026,0.4576,0.0026
CWNU_3549,0.3151,0.00510000000000001,0.97681,0.015810000000000032,1.75,,0.48135,0.0114880419739304,0.0601,0.0001,0.2401,0.0201,0.4476,0.0226,0.7476,0.0626
CWNU_3552,0.31385,0.00902678553567857,0.9729350000000001,0.02798303516060357,1.9,,0.70385,0.0301780235387899,0.1976,0.0426,0.4476,0.0976000000000001,0.7326,0.1226,1.1126,0.142600000000001
CWNU_3554,0.19335,0.0124161479367536,0.599385,0.038490058603936166,1.73397976,0.0760202400000001,0.5101,0.10165048005795,0.3401,0.0101,0.5201,0.0251,0.6751,0.0501,0.9176,0.0876
CWNU_3557,0.28885,0.0103316909648405,0.895435,0.032028241991005554,1.5,,0.43385,0.00424578098794425,0.1426,0.00759999999999999,0.3026,0.0126,0.4826,0.0176,0.7851,0.0601
CWNU_356,0.4551,0.0001,1.4108100000000001,0.00031,1.349163065,0.139163065,0.69135,0.0125373429638327,0.3026,0.0226,0.5826,0.0026,0.8676,0.0126,1.2876,0.0176
CWNU_3561,0.1326,0.0202556443707463,0.41106,0.06279249754931354,2.465035205,0.0449647949999998,0.3601,0.0101,0.3151,0.0001,0.4126,0.0326,0.5126,0.0626,0.7026,0.1126
CWNU_3562,0.34135,0.00554862367942582,1.058185,0.017200733406220043,1.732143905,0.00785609499999995,0.50885,0.0125373429638328,0.0001,0.0001,0.1326,0.00760000000000001,0.3326,0.00760000000000001,0.6501,0.0201
CWNU_3565,0.0501,0.0001,0.15531,0.00031,0.29256383,0.19743617,0.11135,0.00659519052838329,0.0126,0.0026,0.0451,0.0151,0.0851,0.0151,0.1451,0.0301
CWNU_3567,0.2376,0.0115564392373896,0.73656,0.03582496163590776,0.72069439,0.01069439,0.38385,0.0171934929139717,0.1951,0.0001,0.3626,0.0126,0.5376,0.00760000000000001,0.7226,0.0426
CWNU_3569,0.28885,0.0125373429638327,0.895435,0.03886576318788137,0.65,,0.2851,0.0001,0.1751,0.0201000000000002,0.3151,0.0600999999999999,0.4776,0.0925999999999999,0.7076,0.1676
CWNU_3574,0.1701,0.00876025403784438,0.5273100000000001,0.02715678751731758,0.55518965,0.38481035,0.1876,0.0189745860881768,0.1176,0.0176,0.1901,0.0151,0.2876,0.0326000000000001,0.4326,0.0825999999999999
CWNU_3589,0.1301,0.00363553390593274,0.40331,0.011270155108391494,0.45,,0.25135,0.0192621371459449,0.1301,0.0001,0.1951,0.0001,0.3176,0.0176,0.4526,0.0326
CWNU_3592,0.7701,0.012847548783982,2.3873100000000003,0.0398274012303442,3.2,,1.06635,0.0264094564748115,0.0001,0.0001,0.4401,0.0201,0.9626,0.0276,1.5126,0.0526
CWNU_3594,0.4726,0.00839156197588848,1.46506,0.02601384212525429,4.4289967,0.1110033,0.88635,0.0195855715851499,0.2426,0.0876000000000001,0.6251,0.1051,1.0626,0.1276,1.4951,0.1201
CWNU_3595,0.3926,0.0266753645318366,1.21706,0.08269363004869346,4.053067135,0.203067135,0.8176,0.0161078105935821,0.0001,0.0001,0.3001,0.0201,0.6201,0.0551000000000001,1.0376,0.1076
CWNU_3597,0.6101,0.0321156211871643,1.89131,0.09955842568020934,4.16791885,0.0679188500000003,0.9676,0.0130903810567666,0.3426,0.00259999999999997,0.8126,0.0176,1.2601,0.0301,1.8401,0.0301
CWNU_3601,0.20135,0.00749509972887452,0.624185,0.02323480915951101,0.61535325,0.0946467500000003,0.33385,0.00554862367942585,0.1776,0.0026,0.2976,0.0026,0.4301,0.00510000000000001,0.6201,0.0201
CWNU_3602,0.2601,0.00622372435695795,0.80631,0.019293545506569646,,,0.42885,0.00902678553567857,0.2076,0.0026,0.3651,0.00510000000000001,0.5451,0.0101,0.7701,0.0201
CWNU_3604,0.5551,0.0128475487839819,1.7208100000000002,0.039827401230343895,2.5,,0.72385,0.0022650635094611,0.1101,0.0651,0.5001,0.1351,0.8176,0.1876,1.2751,0.1851
CWNU_3610,0.38635,0.00554862367942585,1.197685,0.017200733406220133,1.15397218,0.0360278199999999,0.54885,0.0139631706330118,0.2326,0.00259999999999999,0.4701,0.00509999999999998,0.7076,0.0176,1.0426,0.0226
CWNU_3611,0.14635,0.00554862367942584,0.45368500000000006,0.017200733406220105,0.85,,0.2451,0.0001,0.1226,0.0026,0.1951,0.0001,0.2976,0.0126,0.4476,0.00760000000000001
CWNU_3613,0.4201,0.0243383992870816,1.3023099999999999,0.07544903778995296,1.65,,0.6901,0.0001,0.2401,0.0151,0.5276,0.0126,0.7976,0.0126,1.1426,0.0876
CWNU_3615,0.2851,0.00363553390593272,0.8838100000000001,0.011270155108391433,1.6,,0.48635,0.00902678553567857,0.1451,0.0101,0.3326,0.0026,0.5326,0.0026,0.8201,0.00510000000000001
CWNU_3617,0.55135,0.00749509972887453,1.7091850000000002,0.023234809159511045,1.8,,0.8126,0.0126,0.2851,0.0300999999999997,0.6701,0.0251,0.9676,0.0975999999999991,1.5151,0.0451
CWNU_3618,0.39885,0.0109253175473055,1.236435,0.03386848439664705,1.154714025,0.264714025,0.6276,0.0130903810567666,0.3151,0.0151,0.5601,0.00509999999999995,0.8901,0.0001,1.1976,0.0176000000000001
CWNU_362,0.4701,0.0001,1.45731,0.00031,1.429264845,0.010735155,0.2301,0.0001,0.2601,0.0201,0.4326,0.1476,0.6151,0.2301,0.8976,0.3776
CWNU_3625,0.0576,0.0341036762718386,0.17856,0.10572139644269966,2.26255135,0.0525513500000001,1.18435,0.00139903810567671,0.3511,0.2911,0.6401,0.5451,0.9126,0.7626,1.2126,1.1576
CWNU_3627,0.53885,0.0231149407994024,1.6704350000000001,0.07165631647814744,3.61679113,0.23679113,0.9151,0.0283842712474619,0.2901,0.00510000000000001,0.7176,0.00760000000000001,1.0926,0.0276000000000001,1.5776,0.0626
CWNU_3628,0.3376,0.00569016994374946,1.0465600000000002,0.017639526825623326,,,0.50385,0.00970143218483577,0.2501,0.0001,0.4651,0.00509999999999998,0.6826,0.0026,0.9651,0.00510000000000001
CWNU_3629,0.76385,0.0266459507269942,2.367935,0.08260244725368202,2.854030045,0.0340300450000002,1.12635,0.00554862367942582,0.4126,0.0126,0.9726,0.00760000000000001,1.4826,0.0126000000000001,1.9981,0.0921
CWNU_3631,0.4751,0.00945414346693484,1.4728100000000002,0.029307844747498004,2.3,,0.58635,0.00829679815537751,0.0926,0.0726,0.3751,0.1351,0.6451,0.1551,1.0576,0.2376
CWNU_3635,0.14635,0.00424578098794424,0.45368500000000006,0.013161921062627143,0.447950175,0.0479501750000003,0.27635,0.00424578098794425,0.1351,0.00510000000000001,0.2351,0.0151,0.3401,0.0201,0.4801,0.0401
CWNU_3636,0.2301,0.00876025403784438,0.71331,0.02715678751731758,0.954656785,0.215343215,0.35385,0.0065951905283833,0.1726,0.00259999999999999,0.3026,0.0026,0.4751,0.0201,0.6576,0.00760000000000001
CWNU_3639,0.20135,0.0266459507269943,0.624185,0.08260244725368233,2.7,,0.6451,0.0201,0.0576,0.0026,0.2626,0.0526,0.4501,0.1151,0.7901,0.1951
CWNU_364,0.33885,0.0289042965545073,1.050435,0.08960331931897264,1.13858919,0.21141081,0.55135,0.0160589316685046,0.2401,0.0151,0.5026,0.00760000000000001,0.7576,0.0326,0.9751,0.0901
CWNU_3644,0.2626,0.00911387818865998,0.81406,0.02825302238484594,1.45,,0.39885,0.02142340263654,0.0001,0.0001,0.0426,0.0176,0.1951,0.0451,0.4576,0.0875999999999999
CWNU_3645,0.19885,0.00659519052838328,0.6164350000000001,0.02044509063798817,0.64,,0.3426,0.0179535710713571,0.1426,0.00759999999999999,0.2751,0.0101,0.4426,0.0226,0.6251,0.0001
CWNU_3647,0.5751,0.0298909382195324,1.7828099999999998,0.09266190848055045,2.527486795,0.167486795,0.8876,0.0355436171968946,0.0001,0.0001,0.2251,0.0001,0.6451,0.0001,1.0876,0.00759999999999995
CWNU_3651,0.21635,0.0065951905283833,0.670685,0.02044509063798823,0.9,,0.28135,0.0139631706330118,0.1726,0.0426000000000001,0.2626,0.0826000000000001,0.3776,0.0976,0.5576,0.1026
CWNU_3654,0.2301,0.00622372435695794,0.71331,0.019293545506569615,0.12,,0.6626,0.00839156197588851,0.5126,0.3376,0.7051,0.3751,0.8876,0.4026,1.2176,0.4776
CWNU_3655,0.47635,0.0199037243971936,1.476685,0.061701545631300155,1.85,,0.30635,0.00424578098794425,0.2276,0.0426,0.4101,0.1601,0.6451,0.2701,0.9776,0.4126
CWNU_3656,0.3726,0.0306163890393343,1.15506,0.09491080602193633,1.3,,0.56385,0.00659519052838325,0.0376,0.0026,0.2476,0.0126,0.5401,0.0650999999999998,0.9476,0.1476
CWNU_3669,0.61135,0.0109253175473055,1.895185,0.03386848439664705,3.260796455,0.419203544999997,0.9301,0.0087602540378444,0.3726,0.0026,0.8001,0.0001,1.2126,0.0126000000000001,1.7476,0.0126
CWNU_3673,0.1376,0.0076,0.42656,0.02356,0.50325031,0.01674969,0.2751,0.0101,0.1001,0.0101,0.2051,0.0351,0.3176,0.00760000000000001,0.4576,0.0675999999999999
CWNU_3675,0.0001,0.0001,0.00031,0.00031,2.65,,0.2101,0.00876025403784438,0.1201,0.0101,0.1151,0.0251,0.1851,0.0401000000000001,0.2976,0.0576
CWNU_3678,0.61385,0.0109253175473055,1.902935,0.03386848439664705,2.05,,0.93135,0.0205251682979602,0.3451,0.0101,0.7601,0.00510000000000001,1.1876,0.0226,1.6726,0.0176
CWNU_3679,0.05885,0.0022650635094611,0.182435,0.00702169687932941,2.162482745,0.022482745,0.85635,0.0022650635094611,0.2976,0.0476,0.4876,0.2276,0.7026,0.3676,1.0151,0.5551
CWNU_368,0.6376,0.0144614066163451,1.9765599999999999,0.04483036051066981,2.483955035,0.093955035,0.9801,0.0107066017177982,0.0001,0.0001,0.4426,0.0126,0.8801,0.0001,1.4076,0.0276000000000001
CWNU_3680,0.12385,0.0280228848796109,0.383935,0.08687094312679379,2.988557945,0.218557945,0.38635,0.0152554445662277,0.0201,0.0001,0.1401,0.0451,0.2601,0.1101,0.4001,0.1851
CWNU_3685,0.3476,0.00569016994374946,1.07756,0.017639526825623326,1.36062838,0.0393716199999999,0.5976,0.00760000000000001,0.2476,0.0026,0.4726,0.0026,0.7126,0.00760000000000001,1.0451,0.0201
CWNU_3686,0.49885,0.0130301005409858,1.546435,0.04039331167705598,2.7,,0.78385,0.00424578098794425,0.0626,0.0026,0.3901,0.0351,0.7201,0.0401,1.2176,0.0876
CWNU_3695,0.38885,0.00970143218483577,1.205435,0.030074439772990885,1.36448506,0.14551494,0.6301,0.0151,0.2276,0.00759999999999999,0.5026,0.0026,0.7751,0.0001,1.1226,0.0176
CWNU_3697,0.4676,0.0115564392373896,1.4495600000000002,0.03582496163590776,1.860968965,0.179031035,0.7126,0.0130903810567666,0.2951,0.0101,0.6026,0.0176,0.9026,0.0426,1.3276,0.0226000000000001
CWNU_37,0.27385,0.0327678358634299,0.848935,0.10158029117663268,3.321503655,0.208496345,0.67385,0.0022650635094611,0.3201,0.0101,0.5601,0.0451,0.8101,0.110099999999999,1.0926,0.192599999999999
CWNU_3705,0.7401,0.012847548783982,2.29431,0.0398274012303442,2.540376475,0.060376475,1.06635,0.0125373429638327,0.0826,0.0126,0.6126,0.0276,1.1076,0.0376,1.7076,0.0576
CWNU_3706,0.5851,0.00622372435695795,1.81381,0.019293545506569646,2.353084805,0.146915195,0.8651,0.0174205080756888,0.1926,0.00760000000000001,0.5701,0.0301,0.9651,0.00510000000000001,1.4526,0.0576
CWNU_3708,0.4526,0.0183002747232013,1.40306,0.05673085164192403,3.794031575,0.115968425,1.4051,0.00876025403784439,0.7226,0.0426,1.2451,0.225099999999999,1.7376,0.4076,2.2926,0.577600000000001
CWNU_371,0.15635,0.00424578098794425,0.484685,0.013161921062627176,0.342392595,0.207607405,0.2326,0.00759999999999999,0.1201,0.0051,0.1901,0.0101,0.2951,0.0101,0.4351,0.0301
CWNU_3712,0.4276,0.0115564392373896,1.32556,0.03582496163590776,,,0.73135,0.0160589316685046,0.0776,0.0076,0.3801,0.00510000000000001,0.7001,0.0101,1.0876,0.0326000000000001
CWNU_3715,0.23135,0.0175553000547112,0.7171850000000001,0.05442143016960472,2.834648035,0.034648035,0.5451,0.0001,0.3251,0.00510000000000001,0.4951,0.0401,0.7126,0.0725999999999998,0.9676,0.1176
CWNU_3716,0.3526,0.0208665596572952,1.0930600000000001,0.06468633493761512,3.1,,0.75135,0.0185983107336859,0.0451,0.0301,0.3451,0.0851000000000001,0.6201,0.1201,1.0151,0.1801
CWNU_3717,0.4126,0.016493596310755,1.27906,0.051130148563340506,3.25024007,0.0402400700000001,0.71385,0.0933989147846853,0.0551,0.0251,0.3851,0.00510000000000001,0.6501,0.0251,1.0401,0.0151
CWNU_3721,0.5276,0.0104077640640442,1.63556,0.032264068598537025,1.72725523,0.0272552300000001,0.7901,0.0107066017177982,0.3226,0.0026,0.6851,0.0001,1.0201,0.00510000000000001,1.4626,0.0126000000000001
CWNU_3725,0.2776,0.0104077640640441,0.8605600000000001,0.03226406859853671,,,0.3551,0.00622372435695795,0.1776,0.00759999999999999,0.3426,0.0126,0.5026,0.0276,0.7551,0.0651
CWNU_3728,0.2901,0.00945414346693484,0.89931,0.029307844747498004,0.82666336,0.04333664,0.4151,0.0001,0.1801,0.0001,0.3801,0.0101,0.5326,0.0026,0.8001,0.0151
CWNU_3730,0.53385,0.0065951905283833,1.6549350000000003,0.02044509063798823,2.208023555,0.051976445,0.8201,0.0087602540378444,0.0001,0.0001,0.3226,0.0026,0.6926,0.0126,1.1826,0.0426000000000001
CWNU_3731,0.2351,0.0263202212042539,0.7288100000000001,0.08159268573318709,0.85,,0.51135,0.00424578098794425,0.2601,0.00510000000000001,0.4476,0.0376,0.6276,0.0926000000000002,0.8526,0.147599999999999
CWNU_3733,0.20635,0.00424578098794424,0.6396850000000001,0.013161921062627143,0.95,,0.3626,0.0193028643696715,0.1451,0.00509999999999999,0.2726,0.0126,0.4251,0.0201,0.6376,0.0176
CWNU_3737,0.51135,0.0125373429638328,1.585185,0.03886576318788168,1.556945115,0.133054885,0.7576,0.0161078105935821,0.3426,0.00259999999999997,0.6926,0.0026,1.0301,0.0151,1.4301,0.0351
CWNU_3738,0.3406,0.00922414379544732,1.05586,0.02859484576588669,0.82,,0.4051,0.0402559460105225,0.2351,0.0101,0.4076,0.0476000000000002,0.5576,0.1026,0.8791,0.1041
CWNU_3739,0.6901,0.0001,2.13931,0.00031,2.358414345,0.131585655,0.9826,0.0044301270189222,0.3801,0.0950999999999999,0.7926,0.0776,1.1926,0.0976000000000001,1.8251,0.1251
CWNU_3743,0.3426,0.00443012701892217,1.06206,0.013733393758658728,1.4,,0.5601,0.0151,0.1851,0.0101,0.4076,0.00759999999999998,0.6426,0.00760000000000001,0.9651,0.0151
CWNU_3744,0.19885,0.00659519052838328,0.6164350000000001,0.02044509063798817,0.64,,0.3426,0.0179535710713571,0.1426,0.00759999999999999,0.2751,0.0101,0.4426,0.0226,0.6251,0.0001
CWNU_3750,0.3751,0.0438321392113399,1.16281,0.1358796315551537,3.612234935,0.227765065,1.31135,0.0182572988079174,0.5776,0.0326,1.0376,0.142599999999999,1.4551,0.325099999999999,1.9676,0.5326
CWNU_3753,0.5751,0.00800569415042095,1.7828099999999998,0.024817651866304948,1.903391855,0.196608145,0.8251,0.0001,0.3426,0.0126,0.7076,0.0276,1.0651,0.0551000000000001,1.5726,0.0676
CWNU_3755,0.25385,0.0125373429638328,0.786935,0.03886576318788168,1.01077265,0.18922735,0.41635,0.0022650635094611,0.2026,0.00259999999999999,0.3826,0.0026,0.5276,0.0226,0.7751,0.0201
CWNU_3756,0.27885,0.0271127284812179,0.864435,0.0840494582917755,1.9,,0.3326,0.0320178633370093,0.0001,0.0001,0.1276,0.0226,0.2601,0.0550999999999999,0.6126,0.1726
CWNU_3758,0.2826,0.0549292804986535,0.8760600000000001,0.17028076954582586,1.40471662,0.365283380000001,0.44885,0.155598191307809,0.1226,0.1226,0.0001,0.0001,0.0426,0.0376,0.2626,0.1226
CWNU_3761,0.55885,0.0109253175473055,1.732435,0.03386848439664705,3.15,,0.84635,0.00902678553567857,0.0001,0.0001,0.2351,0.00509999999999999,0.6176,0.0026,1.1101,0.0101
CWNU_3762,0.7126,0.0161078105935821,2.20906,0.04993421284010451,3.507812715,0.0721872850000001,1.0501,0.0174205080756888,0.0876,0.0026,0.5876,0.0126,1.1026,0.00259999999999995,1.6951,0.0801
CWNU_3764,0.43885,0.0156623744974859,1.360435,0.04855336094220629,2.25,,0.6551,0.0245948974278318,0.0001,0.0001,0.1101,0.0151,0.3826,0.0026,0.7776,0.0426
CWNU_3771,0.5701,0.00945414346693483,1.7673100000000002,0.029307844747497973,2.6,,0.6751,0.2151,0.0051,0.0051,0.2801,0.1051,0.7526,0.0376,1.2801,0.0301
CWNU_3772,0.48385,0.0109253175473055,1.499935,0.03386848439664705,1.53,,0.7776,0.0130903810567666,0.3126,0.00760000000000001,0.6576,0.0376,0.9476,0.0476,1.3851,0.0951
CWNU_3773,0.23635,0.00554862367942584,0.732685,0.017200733406220105,0.745212515,0.044787485,0.3826,0.0109972473588517,0.1601,0.0001,0.3176,0.00760000000000001,0.5051,0.0151,0.6951,0.0101
CWNU_3775,0.63385,0.0152554445662277,1.964935,0.047291878155305875,1.9182126,0.1482126,0.86385,0.0662792074597453,0.3276,0.0276,0.7701,0.0251,1.1976,0.0576,1.6851,0.0451
CWNU_3778,0.6051,0.014242135623731,1.87581,0.0441506204335661,,,0.89635,0.0282458256229942,0.2701,0.0001,0.6726,0.0276,1.1151,0.0101,1.5726,0.0476000000000001
CWNU_3779,0.4351,0.0309220700148449,1.34881,0.09585841704601919,3.61994669,0.0499466900000001,0.79635,0.0185983107336859,0.2601,0.0001,0.6201,0.0401,0.8901,0.0751,1.3151,0.160100000000001
CWNU_3780,0.16885,0.00424578098794424,0.523435,0.013161921062627143,0.42430205,0.03569795,0.24885,0.0022650635094611,0.1076,0.0026,0.2076,0.00759999999999999,0.3151,0.00510000000000001,0.4676,0.0176
CWNU_3781,0.0651,0.00363553390593274,0.20181000000000002,0.011270155108391494,0.294356895,0.185643105,0.1026,0.00443012701892219,0.0326,0.0026,0.0601,0.0001,0.1051,0.0051,0.1601,0.0001
CWNU_3782,0.2076,0.0109972473588517,0.64356,0.03409146681244027,,,0.37385,0.0022650635094611,0.1076,0.0026,0.2576,0.0176,0.4126,0.0176,0.6076,0.0476
CWNU_3783,0.32885,0.00749509972887453,1.0194349999999999,0.023234809159511045,1.1293491,0.2806509,0.5451,0.0184711730708738,0.1826,0.00760000000000001,0.4076,0.0126,0.6626,0.0326,0.9251,0.0351
CWNU_3786,0.43635,0.0120242400177118,1.3526850000000001,0.03727514405490658,1.898914185,0.0889141849999999,0.63885,0.0022650635094611,0.1651,0.00510000000000001,0.4401,0.0151,0.7226,0.0476,1.1201,0.0551000000000001
CWNU_3788,0.31385,0.0144069039278245,0.9729350000000001,0.04466140217625595,1.099493825,0.239493825,0.45885,0.0384038836151114,0.0001,0.0001,0.0151,0.0151,0.1876,0.0576,0.5001,0.0850999999999999
CWNU_379,0.38885,0.00749509972887453,1.205435,0.023234809159511045,1.195449095,0.105449095,0.5276,0.0370966214673718,0.3226,0.0026,0.5801,0.0101,0.8176,0.0476,1.1051,0.0601000000000001
CWNU_3795,0.55135,0.0222852991866235,1.7091850000000002,0.06908442747853286,2.2,,0.92135,0.0598259365770015,0.0776,0.0076,0.5851,0.1301,1.0276,0.127599999999999,1.5276,0.1326
CWNU_3797,0.55885,0.00902678553567854,1.732435,0.027983035160603475,2.00876874,0.12876874,0.84885,0.0182572988079175,0.1976,0.00759999999999999,0.5801,0.0301,0.9976,0.0026,1.4451,0.0551000000000001
CWNU_3798,0.2601,0.00622372435695795,0.80631,0.019293545506569646,0.82,,0.41885,0.0022650635094611,0.2026,0.00259999999999999,0.3751,0.0151,0.5301,0.0151,0.7901,0.0101
CWNU_3801,0.5351,0.0204100960115899,1.6588100000000001,0.06327129763592869,1.8,,0.88385,0.00902678553567857,0.2451,0.0001,0.6301,0.00510000000000001,1.0276,0.0226000000000001,1.4801,0.0450999999999999
CWNU_3807,0.5001,0.012847548783982,1.55031,0.0398274012303442,1.8,,0.7576,0.0109972473588517,0.0301,0.0001,0.3651,0.0001,0.7176,0.0126,1.1301,0.0100999999999999
CWNU_3808,0.25885,0.00970143218483577,0.8024350000000001,0.030074439772990885,0.9,,0.41135,0.0152554445662277,0.1826,0.0026,0.3551,0.0151,0.5301,0.0001,0.7876,0.0026
CWNU_3810,0.1176,0.0026,0.36456,0.00806,,,0.25135,0.0152554445662277,0.0526,0.0026,0.1401,0.0101,0.2351,0.0251,0.3726,0.0426000000000001
CWNU_3816,0.27135,0.0228417567483253,0.841185,0.07080944591980842,1.2,,0.31885,0.0244349029174147,0.2251,0.0151,0.3401,0.0201,0.4951,0.0501000000000003,0.8101,0.140099999999999
CWNU_3817,0.5426,0.0115564392373896,1.6820599999999999,0.03582496163590776,2.35,,0.81385,0.0160589316685046,0.2126,0.0026,0.6076,0.0026,0.9651,0.0151,1.4526,0.0326000000000001
CWNU_3827,0.4751,0.0107066017177982,1.4728100000000002,0.033190465325174424,1.9,,0.67885,0.0182572988079174,0.2151,0.00510000000000001,0.5251,0.0301,0.8651,0.0351,1.2151,0.0500999999999999
CWNU_3834,0.5851,0.00622372435695795,1.81381,0.019293545506569646,1.521786165,0.251786165,0.9126,0.0109972473588517,0.2726,0.0226,0.6801,0.0401,1.0651,0.0351,1.5826,0.0526
CWNU_3835,0.5051,0.00800569415042095,1.56581,0.024817651866304948,1.989304625,0.000695374999999943,0.8126,0.0476,0.0001,0.0001,0.2426,0.0176,0.6476,0.0176,1.0351,0.0451
CWNU_3836,0.3026,0.00760000000000001,0.93806,0.023560000000000032,0.507822715,0.307822715,0.3976,0.0161078105935821,0.1826,0.00760000000000001,0.3726,0.0126,0.5476,0.0675999999999999,0.8026,0.0276
CWNU_3841,0.1976,0.0076,0.61256,0.02356,0.9,,0.34135,0.00226506350946107,0.1301,0.00510000000000001,0.2426,0.0126,0.3876,0.0376,0.5901,0.0201
CWNU_3844,0.02635,0.0195855715851499,0.081685,0.06071527191396469,2.372050885,0.00794911499999995,0.9276,0.0179535710713571,0.0776,0.0776,0.2801,0.2801,0.4926,0.4926,0.7626,0.7226
CWNU_3847,0.2701,0.00363553390593274,0.83731,0.011270155108391494,1.063689085,0.156310915,0.4351,0.0184711730708738,0.1876,0.0126,0.3826,0.0026,0.5726,0.0226,0.8176,0.0176
CWNU_3850,0.34135,0.0130301005409857,1.058185,0.04039331167705567,1.408024245,0.108024245,0.5151,0.0184711730708739,0.2901,0.00510000000000001,0.5026,0.0026,0.6851,0.00509999999999995,1.0251,0.00510000000000001
CWNU_3851,0.4901,0.012847548783982,1.51931,0.0398274012303442,2.165620295,0.105620295,0.2651,0.00622372435695795,0.2526,0.0126,0.4376,0.1226,0.6651,0.2451,0.9851,0.4001
CWNU_3852,0.4126,0.016493596310755,1.27906,0.051130148563340506,3.25024007,0.0402400700000001,0.71385,0.0933989147846853,0.0551,0.0251,0.3851,0.00510000000000001,0.6501,0.0251,1.0401,0.0151
CWNU_3853,0.31135,0.00902678553567857,0.9651850000000001,0.02798303516060357,1.33386569,0.32613431,0.4901,0.00800569415042095,0.2426,0.0176,0.4526,0.0026,0.6976,0.0026,0.9626,0.0276
CWNU_3854,0.1451,0.00363553390593273,0.44981000000000004,0.011270155108391463,0.445682685,0.00568268499999999,0.2551,0.00363553390593274,0.1351,0.0001,0.2176,0.0026,0.3201,0.0001,0.4701,0.00509999999999998
CWNU_3864,0.0926,0.0026,0.28706000000000004,0.00806,0.2,,0.11385,0.0152554445662278,0.0651,0.0001,0.0976,0.0126,0.1451,0.0200999999999999,0.2176,0.0226
CWNU_3866,0.6901,0.0270258240356725,2.13931,0.08378005451058475,5.02170746,0.31829254,1.10635,0.0152554445662276,0.4101,0.0101,1.0101,0.0251,1.5101,0.0701000000000001,2.0526,0.0975999999999999
CWNU_3867,0.38635,0.00749509972887453,1.197685,0.023234809159511045,1.60632658,0.203673419999999,0.5401,0.0087602540378444,0.1626,0.0126,0.3851,0.0151,0.6501,0.0251,0.9826,0.0776
CWNU_3868,0.3476,0.00569016994374946,1.07756,0.017639526825623326,1.36062838,0.0393716199999999,0.5976,0.00760000000000001,0.2476,0.0026,0.4726,0.0026,0.7126,0.00760000000000001,1.0451,0.0201
CWNU_3870,0.25385,0.0307950728945219,0.786935,0.09546472597301789,3.315276755,0.084723245,0.60385,0.0022650635094611,0.5076,0.0176,0.7201,0.0451,0.9501,0.1051,1.1851,0.1851
CWNU_3871,0.10635,0.00749509972887452,0.329685,0.02323480915951101,0.681070035,0.428929965,0.2076,0.0076,0.0576,0.0076,0.1476,0.00759999999999999,0.2676,0.0176,0.3476,0.0126
CWNU_3874,0.37385,0.0340806930476705,1.158935,0.10565014844777856,0.25,,0.53135,0.0171934929139717,0.1151,0.0101,0.3001,0.0350999999999999,0.6726,0.1276,1.0151,0.2351
CWNU_3877,0.18385,0.0065951905283833,0.5699350000000001,0.02044509063798823,0.35,,0.2226,0.0130903810567666,0.0826,0.0126,0.1726,0.0176000000000001,0.2876,0.0226,0.4276,0.0576000000000001
CWNU_3878,0.24135,0.0114880419739304,0.7481850000000001,0.03561293011918425,0.888141735,0.141858265,0.36635,0.0239156986040721,0.1676,0.0026,0.3151,0.0001,0.4601,0.0501000000000003,0.7026,0.00760000000000001
CWNU_3879,0.09385,0.0022650635094611,0.290935,0.00702169687932941,0.17118089,0.09881911,0.1401,0.0001,0.0676,0.0026,0.1151,0.0051,0.1801,0.0101,0.2576,0.00760000000000001
CWNU_3884,0.16135,0.0256868618630733,0.500185,0.07962927177552723,2.114338735,0.0956612649999999,0.42635,0.0109253175473055,0.3776,0.0026,0.5001,0.0151,0.6551,0.0551,0.8601,0.1401
CWNU_3893,0.1851,0.0146773797371133,0.5738099999999999,0.04549987718505123,0.25,,0.16635,0.0168238602003246,0.1026,0.0026,0.1626,0.0475999999999999,0.2676,0.0726,0.4151,0.1451
CWNU_3894,0.40385,0.0109253175473055,1.251935,0.03386848439664705,1.35,,0.65885,0.0109253175473055,0.2651,0.0001,0.5426,0.0226,0.8101,0.00509999999999995,1.1726,0.0576
CWNU_3896,0.12635,0.0239156986040721,0.391685,0.07413866567262352,2.741972825,0.0480271750000001,0.4726,0.0026,0.1576,0.0376,0.2776,0.0676,0.4101,0.1451,0.6251,0.2001
CWNU_3899,0.28385,0.0074950997288745,0.879935,0.023234809159510948,1.4,,0.43135,0.0022650635094611,0.1976,0.0026,0.3676,0.0026,0.5576,0.00759999999999995,0.8201,0.0251
CWNU_39,0.38635,0.00554862367942585,1.197685,0.017200733406220133,1.15397218,0.0360278199999999,0.54885,0.0139631706330118,0.2326,0.00259999999999999,0.4701,0.00509999999999998,0.7076,0.0176,1.0426,0.0226
CWNU_3903,0.23135,0.0182572988079174,0.7171850000000001,0.056597626304543944,1.02658367,0.15341633,0.35135,0.0022650635094611,0.1801,0.0001,0.3151,0.0001,0.4676,0.00259999999999997,0.6351,0.0301
CWNU_3905,0.08135,0.0152554445662277,0.25218500000000005,0.047291878155305875,2.55,,0.32885,0.00970143218483574,0.2001,0.0250999999999999,0.2501,0.0451,0.3351,0.1001,0.5451,0.0800999999999998
CWNU_3907,0.2926,0.00839156197588851,0.9070600000000001,0.02601384212525438,4.39,,0.4801,0.0204100960115899,0.2151,0.0001,0.4026,0.0026,0.6226,0.0126,0.8601,0.0101
CWNU_3908,0.20385,0.00554862367942584,0.631935,0.017200733406220105,0.690949705,0.010949705,0.3426,0.00443012701892217,0.1526,0.0026,0.2876,0.0026,0.4301,0.0001,0.6126,0.0176
CWNU_3909,0.3476,0.00569016994374946,1.07756,0.017639526825623326,1.36062838,0.0393716199999999,0.5976,0.00760000000000001,0.2476,0.0026,0.4726,0.0026,0.7126,0.00760000000000001,1.0451,0.0201
CWNU_391,0.3101,0.00363553390593274,0.96131,0.011270155108391494,0.78,,0.4851,0.0107066017177982,0.2226,0.00760000000000001,0.4226,0.0026,0.6251,0.0001,0.8926,0.00760000000000001
CWNU_3911,0.1801,0.0001,0.5583100000000001,0.00031,0.540223845,0.179776155,0.2751,0.00510000000000001,0.1176,0.0076,0.2301,0.0201,0.3501,0.0151,0.5201,0.0151
CWNU_3913,0.2526,0.00569016994374948,0.78306,0.017639526825623388,0.733835995,0.106164005,0.40135,0.00902678553567855,0.1701,0.0001,0.3376,0.0026,0.5101,0.00510000000000001,0.7301,0.00510000000000001
CWNU_3920,0.3826,0.00569016994374948,1.1860600000000001,0.017639526825623388,1.597357285,0.182642715,0.61385,0.0195855715851499,0.2876,0.0026,0.5626,0.0126,0.8101,0.0251,1.1551,0.0450999999999999
CWNU_3921,0.28635,0.00659519052838327,0.8876850000000001,0.020445090637988137,1.3,,0.3676,0.0577085931090147,0.2451,0.00510000000000001,0.3551,0.0401000000000002,0.5176,0.1126,0.7951,0.1301
CWNU_3922,0.20885,0.0125373429638328,0.6474350000000001,0.03886576318788168,1.5,,0.2951,0.0204100960115899,0.1876,0.0026,0.2901,0.0201,0.4326,0.0525999999999999,0.6376,0.0826000000000001
CWNU_3923,0.2751,0.0184711730708738,0.8528100000000001,0.05726063651970878,1.22262999,0.01737001,0.3926,0.0226,0.2351,0.0001,0.4026,0.0126,0.5651,0.0401,0.8726,0.0676
CWNU_3924,0.30635,0.032575952641916,0.9496850000000001,0.1009854531899396,0.85,,0.50385,0.0663735807090581,0.2251,0.00510000000000001,0.4476,0.0176,0.6051,0.0101,0.9276,0.0726
CWNU_3932,0.6726,0.00839156197588851,2.08506,0.02601384212525438,1.91,,1.0351,0.10165048005795,0.3576,0.0126,0.8351,0.00510000000000001,1.5251,0.245100000000001,1.8101,0.00510000000000001
CWNU_3936,0.89885,0.0065951905283833,2.786435,0.02044509063798823,2.971591985,0.151591985,1.2476,0.021750635094611,0.4576,0.0725999999999999,1.0976,0.0276,1.6551,0.0651,2.3701,0.0350999999999999
CWNU_3937,0.6901,0.0001,2.13931,0.00031,2.276227735,0.143772265,0.57885,0.0195855715851498,0.4201,0.0351,0.8001,0.1551,1.1326,0.2676,1.5976,0.3626
CWNU_3938,0.4976,0.00760000000000001,1.54256,0.023560000000000032,1.62682615,0.0231738499999999,0.76635,0.0171934929139717,0.3501,0.0001,0.6876,0.00259999999999995,1.0236,0.0216,1.4526,0.00759999999999995
CWNU_3939,0.65135,0.0205251682979603,2.0191850000000002,0.06362802172367693,2.4471954,0.0971953999999999,0.9801,0.0323102468168129,0.3126,0.00760000000000001,0.7726,0.00760000000000001,1.3051,0.0101,1.7501,0.00509999999999989
CWNU_3941,0.55385,0.0125373429638327,1.7169349999999999,0.03886576318788137,2.05,,0.83885,0.0152554445662277,0.0101,0.0101,0.2801,0.0151,0.6176,0.00760000000000001,1.1351,0.0101
CWNU_3949,0.2451,0.00622372435695795,0.7598100000000001,0.019293545506569646,0.74772209,0.0,0.4126,0.0109972473588517,0.1776,0.00759999999999999,0.3326,0.0026,0.5201,0.0101,0.7276,0.0126
CWNU_395,0.39885,0.00554862367942585,1.236435,0.017200733406220133,1.316774925,0.163225075,0.6151,0.00363553390593274,0.2776,0.0026,0.5326,0.0026,0.7826,0.0026,1.1501,0.0001
CWNU_3950,0.27135,0.0228417567483253,0.841185,0.07080944591980842,1.2,,0.31885,0.0244349029174147,0.2251,0.0151,0.3401,0.0201,0.4951,0.0501000000000003,0.8101,0.140099999999999
CWNU_3956,0.2301,0.0255950975679642,0.71331,0.07934480246068902,2.79090208,0.16090208,0.54135,0.0022650635094611,0.3276,0.0026,0.5001,0.0201,0.7001,0.0751000000000007,0.9401,0.1201
CWNU_3960,0.2251,0.0263202212042535,0.69781,0.08159268573318586,0.8,,0.34135,0.0168238602003246,0.0601,0.0301,0.1826,0.0376000000000001,0.4451,0.1051,0.5351,0.0750999999999999
CWNU_3962,0.2501,0.0294683503111771,0.7753099999999999,0.09135188596464901,1.4279979,0.0279979,0.4776,0.0026,0.2401,0.00510000000000001,0.4151,0.0151,0.5876,0.0476,0.8176,0.0976000000000003
CWNU_3965,0.21635,0.0130301005409857,0.670685,0.04039331167705567,0.55,,0.3276,0.0161078105935821,0.1601,0.0001,0.2826,0.00259999999999997,0.3951,0.0201,0.6601,0.0451
CWNU_3968,0.1376,0.0126,0.42656,0.039060000000000004,2.920625625,0.329374375,0.34885,0.0022650635094611,0.1826,0.0026,0.2726,0.0126,0.4026,0.0376,0.5826,0.0526
CWNU_3970,0.35885,0.0244349029174147,1.112435,0.07574819904398558,4.15,,0.7576,0.00839156197588851,0.0801,0.0101,0.3676,0.0176,0.6651,0.0651,1.0351,0.120099999999999
CWNU_3971,0.5226,0.0173699160391706,1.6200599999999998,0.05384673972142886,1.717924955,0.042075045,0.79385,0.0374120288914983,0.3626,0.0126,0.7726,0.0176,1.0761,0.0741,1.4926,0.1076
CWNU_3973,0.44385,0.0135047566184545,1.3759350000000001,0.04186474551720895,2.166165625,0.0338343750000001,0.7026,0.00760000000000001,0.2676,0.0026,0.5576,0.0026,0.8601,0.0151,1.2751,0.0101
CWNU_3975,0.06885,0.0022650635094611,0.21343499999999999,0.00702169687932941,0.225068755,0.104931245,0.11135,0.0022650635094611,0.0426,0.00760000000000001,0.0751,0.0001,0.1226,0.0026,0.1851,0.0001
CWNU_3980,0.4001,0.0438321392113393,1.24031,0.13587963155515184,2.70249271,0.21249271,0.6651,0.00510000000000001,0.0001,0.0001,0.2451,0.0101,0.5026,0.0026,0.9176,0.0126
CWNU_3981,0.5401,0.0107066017177982,1.6743100000000002,0.033190465325174424,1.95,,0.12385,0.0114880419739304,0.1776,0.1376,0.3701,0.3301,0.5676,0.4976,0.8151,0.6551
CWNU_3982,0.6026,0.0109972473588517,1.86806,0.03409146681244027,,,0.91385,0.0715470958122162,0.3351,0.0101,0.7426,0.0176,1.3301,0.150099999999999,1.6426,0.0326
CWNU_3983,0.68635,0.00970143218483572,2.127685,0.030074439772990735,1.733458795,0.283458795000001,0.6126,0.0026,0.3751,0.00510000000000001,0.7551,0.1201,1.1351,0.2151,1.5726,0.3176
CWNU_3985,0.72135,0.0125373429638328,2.2361850000000003,0.03886576318788168,2.63330563,0.03669437,1.0476,0.021750635094611,0.2426,0.00760000000000001,0.8026,0.0026,1.2251,0.0101,1.8701,0.0100999999999999
CWNU_3989,0.21135,0.0443118479595685,0.655185,0.13736672867466238,1.80469887,0.16530113,0.55385,0.0152554445662276,0.4026,0.0026,0.5801,0.0351,0.7801,0.0800999999999991,0.9776,0.2426
CWNU_3991,0.57635,0.00902678553567857,1.786685,0.02798303516060357,2.01939096,0.15060904,0.88135,0.00970143218483577,0.2451,0.00510000000000001,0.6426,0.0026,1.0251,0.0201,1.5351,0.0101
CWNU_3993,0.27885,0.0271127284812179,0.864435,0.0840494582917755,1.9,,0.3326,0.0320178633370093,0.0001,0.0001,0.1276,0.0226,0.2601,0.0550999999999999,0.6126,0.1726
CWNU_3994,0.73135,0.0152554445662277,2.267185,0.047291878155305875,2.151769575,0.031769575,1.00135,0.00902678553567853,0.5051,0.0101,1.0076,0.0226,1.4626,0.0276,2.0676,0.0825999999999999
CWNU_3995,0.50135,0.0109253175473055,1.554185,0.03386848439664705,2.5,,0.76885,0.0502715806009737,0.0001,0.0001,0.1926,0.0476,0.5276,0.0776,1.0401,0.1601
CWNU_3999,0.4451,0.0151,1.37981,0.046810000000000004,1.9,,0.73635,0.0160589316685046,0.2826,0.00759999999999998,0.5801,0.00510000000000001,0.8951,0.0151,1.2726,0.0476
CWNU_4002,0.12135,0.00659519052838329,0.376185,0.0204450906379882,0.425206845,0.214793155,0.21135,0.0022650635094611,0.0826,0.0026,0.1601,0.00510000000000001,0.2426,0.0176,0.3551,0.0251
CWNU_4003,0.6601,0.0107066017177982,2.04631,0.033190465325174424,4.5690115,0.0409885000000001,1.0926,0.0130903810567666,0.3976,0.0426000000000004,0.9701,0.0951,1.4901,0.1101,2.0401,0.1251
CWNU_4006,0.70885,0.0130301005409858,2.197435,0.04039331167705598,3.359559655,0.109559655,0.9826,0.17533198908875,0.0526,0.0026,0.5651,0.0001,0.8801,0.1901,1.6951,0.0351
CWNU_4009,0.3101,0.00622372435695795,0.96131,0.019293545506569646,1.75,,0.50135,0.0109253175473055,0.0001,0.0001,0.1251,0.0101,0.3226,0.0325999999999999,0.6526,0.0376
CWNU_401,0.32885,0.0065951905283833,1.0194349999999999,0.02044509063798823,1.433004485,0.333004485,0.50635,0.0022650635094611,0.2351,0.0001,0.4276,0.00760000000000001,0.6426,0.0126,0.9576,0.0326
CWNU_4010,0.2101,0.0373491610643783,0.6513100000000001,0.11578239929957274,2.96411424,0.01588576,0.91385,0.0268803566070357,0.0001,0.0001,0.1701,0.1401,0.4301,0.2851,0.7476,0.4526
CWNU_4011,0.2826,0.00443012701892217,0.8760600000000001,0.013733393758658728,0.95,,0.62135,0.0130301005409858,0.2901,0.1351,0.5301,0.1901,0.7451,0.2251,1.0851,0.2601
CWNU_4014,0.2651,0.00622372435695795,0.82181,0.019293545506569646,1.08781595,0.0621840499999999,0.4601,0.00363553390593274,0.1976,0.0026,0.3626,0.00760000000000001,0.5476,0.00760000000000001,0.8076,0.0226
CWNU_4028,0.32885,0.0239156986040721,1.0194349999999999,0.07413866567262352,1.161234535,0.081234535,0.5451,0.112849722837797,0.1826,0.1826,0.0001,0.0001,0.1476,0.0276,0.4701,0.0451
CWNU_4029,0.55135,0.00749509972887453,1.7091850000000002,0.023234809159511045,1.8,,0.8126,0.0126,0.2851,0.0300999999999997,0.6701,0.0251,0.9676,0.0975999999999991,1.5151,0.0451
CWNU_403,0.34885,0.00424578098794425,1.081435,0.013161921062627176,0.96,,0.5676,0.00759999999999996,0.2201,0.0001,0.4526,0.0126,0.6776,0.0176,1.0076,0.0276
CWNU_4030,0.45635,0.00749509972887453,1.414685,0.023234809159511045,2.9,,0.7101,0.014242135623731,0.2876,0.0026,0.6001,0.00510000000000001,0.9101,0.0101,1.3101,0.00510000000000001
CWNU_4031,0.58135,0.0152554445662277,1.8021850000000001,0.047291878155305875,2.801480585,0.061480585,0.93885,0.0231149407994024,0.1301,0.00510000000000001,0.5701,0.00510000000000001,0.9751,0.0451,1.5426,0.00760000000000006
CWNU_4036,0.34385,0.0074950997288745,1.065935,0.023234809159510948,0.65,,0.5351,0.0087602540378444,0.2176,0.0026,0.4351,0.00510000000000001,0.6551,0.0151,0.9801,0.0001
CWNU_4039,0.3051,0.00800569415042095,0.9458099999999999,0.024817651866304948,1.5,,0.4726,0.0044301270189222,0.0051,0.0001,0.1826,0.0126,0.3826,0.0376,0.6876,0.0526
CWNU_4044,0.3126,0.0179535710713571,0.96906,0.05565607032120701,1.16360637,0.11360637,0.4876,0.0226,0.2451,0.0151,0.4676,0.0126,0.7201,0.00510000000000001,0.9776,0.0376
CWNU_4045,0.2501,0.00363553390593274,0.7753099999999999,0.011270155108391494,0.912728585,0.037271415,0.41885,0.0171934929139717,0.1901,0.00510000000000001,0.3526,0.0026,0.5251,0.00510000000000001,0.7776,0.0026
CWNU_4048,0.0876,0.0076,0.27156,0.02356,0.261955225,0.121955225,0.17385,0.00659519052838328,0.0726,0.0076,0.1251,0.0001,0.2151,0.0151,0.2801,0.0151
CWNU_4062,0.54635,0.00424578098794425,1.693685,0.013161921062627176,1.601636615,0.0416366149999999,0.8376,0.0109972473588517,0.3376,0.0226,0.7101,0.0401,1.0476,0.0476,1.5501,0.0401
CWNU_4067,0.04385,0.00554862367942584,0.135935,0.017200733406220105,0.216750275,0.023249725,0.11385,0.0022650635094611,0.0626,0.0026,0.0901,0.0001,0.1226,0.0076,0.1751,0.0301
CWNU_4072,0.4251,0.00717106781186548,1.31781,0.022230310216782987,1.371030275,0.00896972499999993,0.6726,0.0044301270189222,0.1801,0.0001,0.4601,0.00510000000000001,0.7276,0.0226,1.1376,0.00760000000000006
CWNU_4079,0.11635,0.00424578098794425,0.360685,0.013161921062627176,0.41835744,0.11835744,0.2076,0.0076,0.0701,0.0051,0.1426,0.00259999999999999,0.2251,0.00510000000000001,0.3551,0.0101
CWNU_4082,0.1001,0.00622372435695795,0.31031,0.019293545506569646,0.52158291,0.03158291,0.17885,0.0022650635094611,0.0376,0.0026,0.0951,0.0001,0.1626,0.0026,0.2626,0.0126
CWNU_4083,0.0501,0.0001,0.15531,0.00031,0.29256383,0.19743617,0.11135,0.00659519052838329,0.0126,0.0026,0.0451,0.0151,0.0851,0.0151,0.1451,0.0301
CWNU_4085,0.50635,0.00749509972887453,1.569685,0.023234809159511045,1.704151905,0.064151905,0.77385,0.0022650635094611,0.2976,0.0126,0.6351,0.00510000000000001,0.9551,0.0251,1.4251,0.0201
CWNU_4089,0.60385,0.00554862367942585,1.8719350000000001,0.017200733406220133,3.886958455,0.313041545,0.5726,0.0226,0.2126,0.00760000000000001,0.5516,0.0715999999999999,0.8526,0.1676,1.3016,0.2266
CWNU_409,0.4451,0.00363553390593274,1.37981,0.011270155108391494,1.400785255,0.139214745,0.6676,0.0026,0.3251,0.00510000000000001,0.6176,0.00760000000000001,0.8801,0.0001,1.2776,0.00260000000000006
CWNU_4092,0.5501,0.0290395922569755,1.70531,0.09002273599662405,3.82289701,0.03710299,0.84635,0.0195855715851499,0.6001,0.0101,1.0151,0.0001,1.3976,0.0426,1.7851,0.0651000000000001
CWNU_4094,0.3126,0.0130903810567666,0.96906,0.040580181275976464,1.313849865,0.193849865,0.5651,0.107861310311261,0.3581,0.0121,0.6026,0.0126,0.7851,0.0201,1.1051,0.0250999999999999
CWNU_4098,0.32885,0.0239156986040721,1.0194349999999999,0.07413866567262352,1.161234535,0.081234535,0.5451,0.112849722837797,0.1826,0.1826,0.0001,0.0001,0.1476,0.0276,0.4701,0.0451
CWNU_4100,0.2826,0.00443012701892217,0.8760600000000001,0.013733393758658728,0.95,,0.62135,0.0130301005409858,0.2901,0.1351,0.5301,0.1901,0.7451,0.2251,1.0851,0.2601
CWNU_4103,0.1701,0.00945414346693485,0.5273100000000001,0.029307844747498035,0.65266182,0.04733818,0.2651,0.0001,0.1251,0.0001,0.2301,0.00509999999999999,0.3351,0.00510000000000001,0.4776,0.0176
CWNU_4104,0.3976,0.00911387818865996,1.23256,0.028253022384845877,2.0,,0.6226,0.0259602010819715,0.1826,0.0026,0.4476,0.0026,0.7251,0.0251,1.0576,0.00260000000000006
CWNU_4107,0.37135,0.00902678553567857,1.1511850000000001,0.02798303516060357,1.574939505,0.145060495,0.54885,0.0022650635094611,0.2651,0.00510000000000001,0.5076,0.0026,0.7551,0.00510000000000001,1.0626,0.00760000000000006
CWNU_4109,0.6951,0.00717106781186544,2.1548100000000003,0.022230310216782866,2.39080869,0.04080869,1.03885,0.0130301005409858,0.2726,0.0176,0.7526,0.00760000000000001,1.2251,0.0351,1.7826,0.0126
CWNU_4110,0.7176,0.0126,2.2245600000000003,0.039060000000000004,2.855331,0.134669,1.1126,0.0409503365959204,0.2976,0.00760000000000001,0.8251,0.0101,1.3851,0.0450999999999999,1.9326,0.00260000000000006
CWNU_4112,0.1451,0.00363553390593273,0.44981000000000004,0.011270155108391463,0.445682685,0.00568268499999999,0.2551,0.00363553390593274,0.1351,0.0001,0.2176,0.0026,0.3201,0.0001,0.4701,0.00509999999999998
CWNU_4115,0.4826,0.0304108891324554,1.49606,0.09427375631061174,3.3580939,0.0180939,0.80135,0.0022650635094611,0.2801,0.0101,0.6426,0.0026,0.9701,0.0751,1.4426,0.00260000000000006
CWNU_4117,0.0156,0.0145308696896618,0.04836,0.04504569603795158,1.862395965,0.247604035,0.3826,0.240165095338743,0.0001,0.0001,0.1076,0.1076,0.0001,0.0001,0.0526,0.0226
CWNU_4118,0.49885,0.0148372826531895,1.546435,0.04599557622488745,2.01040343,0.0604034299999999,0.7401,0.0001,0.2926,0.0226,0.6426,0.0026,0.9426,0.0126,1.3751,0.0150999999999999
CWNU_4124,0.4901,0.0001,1.51931,0.00031,1.55,,0.7826,0.00839156197588851,0.3151,0.0151,0.6201,0.0101,0.9451,0.0301,1.3876,0.0176
CWNU_4125,0.33885,0.0022650635094611,1.050435,0.00702169687932941,1.35,,0.4326,0.137235881519025,0.2626,0.00760000000000001,0.4776,0.00760000000000001,0.5076,0.1676,0.9901,0.0151
CWNU_4135,0.34885,0.00554862367942582,1.081435,0.017200733406220043,1.6,,0.53135,0.0156623744974859,0.2551,0.0001,0.4926,0.0026,0.7226,0.0126,1.0226,0.00760000000000006
CWNU_4139,0.32385,0.0139631706330118,1.003935,0.04328582896233658,3.54761505,0.20238495,0.62635,0.0152554445662277,0.4076,0.0126,0.6551,0.0251,0.8951,0.0251,1.2401,0.0751
CWNU_4141,0.33635,0.0109253175473055,1.042685,0.03386848439664705,0.934571305,0.224571305,0.55135,0.0273431183971292,0.2651,0.00510000000000001,0.5026,0.00760000000000001,0.7751,0.0251,1.0351,0.0201
CWNU_4142,0.9226,0.0161078105935821,2.86006,0.04993421284010451,3.90426926,0.05573074,1.37385,0.0231149407994024,0.1851,0.00510000000000001,0.9201,0.00510000000000001,1.5876,0.0126000000000001,2.2801,0.0201
CWNU_4143,0.0676,0.00839156197588846,0.20956,0.02601384212525423,0.55354742,0.02645258,0.0901,0.0118260393995585,0.0551,0.0051,0.0726,0.0026,0.1251,0.0101,0.1951,0.0401
CWNU_4147,0.22635,0.00424578098794425,0.701685,0.013161921062627176,0.8,,0.3801,0.00945414346693486,0.1626,0.0026,0.2851,0.0101,0.4451,0.00510000000000001,0.7151,0.0151
CWNU_4152,0.52385,0.00970143218483577,1.6239350000000001,0.030074439772990885,1.759760055,0.180239944999999,0.8401,0.014242135623731,0.3401,0.0101,0.7451,0.0251,1.1051,0.0401,1.5251,0.0851000000000001
CWNU_4154,0.4026,0.00569016994374946,1.2480600000000002,0.017639526825623326,1.7662729,0.1037271,0.59885,0.0065951905283833,0.0851,0.0051,0.3351,0.0001,0.6001,0.00510000000000001,0.9526,0.0226
CWNU_4156,0.2001,0.00622372435695794,0.62031,0.019293545506569615,0.338586015,0.171413985,0.26385,0.00554862367942585,0.1351,0.00510000000000001,0.2476,0.0026,0.3601,0.0151,0.5401,0.0301
CWNU_4157,0.24385,0.00554862367942585,0.755935,0.017200733406220133,0.77342013,0.01657987,0.37385,0.0103316909648406,0.1776,0.0026,0.3201,0.0101,0.4901,0.00510000000000001,0.7126,0.0176
CWNU_416,0.41885,0.0175553000547112,1.298435,0.05442143016960472,1.4639825,0.0560175000000001,0.6626,0.0214600093632938,0.2701,0.00510000000000001,0.5726,0.00760000000000001,0.8651,0.0251,1.1726,0.0676
CWNU_4169,0.3376,0.00569016994374946,1.0465600000000002,0.017639526825623326,1.15,,0.5276,0.0044301270189222,0.2601,0.0001,0.4551,0.0151,0.6726,0.0126,0.9876,0.0226
CWNU_4171,0.3326,0.0044301270189222,1.03106,0.01373339375865882,0.85,,0.50385,0.0103316909648406,0.2276,0.00759999999999999,0.4201,0.0101,0.6551,0.0001,0.9351,0.00509999999999995
CWNU_4173,0.31635,0.0065951905283833,0.9806850000000001,0.02044509063798823,1.14455628,0.0,0.5076,0.0044301270189222,0.2551,0.00510000000000001,0.4451,0.00510000000000001,0.6626,0.0026,0.9626,0.00760000000000001
CWNU_4184,0.22135,0.00424578098794425,0.686185,0.013161921062627176,0.88509468,0.0949053200000006,0.32635,0.0022650635094611,0.1526,0.0026,0.3051,0.0001,0.4376,0.0026,0.6226,0.00760000000000001
CWNU_4191,0.5906,0.0149408220796558,1.8308600000000002,0.04631654844693298,,,1.1751,0.0001,0.3376,0.0176,0.8111,0.109100000000001,1.3451,0.1951,1.9376,0.1576
CWNU_4196,0.15635,0.00424578098794425,0.484685,0.013161921062627176,0.427994195,0.017994195,0.26135,0.00424578098794425,0.1251,0.0251,0.2426,0.0026,0.3351,0.0001,0.4876,0.0226
CWNU_4197,0.13585,0.00693282518435822,0.421135,0.02149175807151048,2.252769795,0.057230205,0.45135,0.196262400831556,0.3276,0.0026,0.4326,0.0426,0.5001,0.0001,0.7251,0.1201
CWNU_4199,0.1016,0.00675206734782504,0.31496,0.020931408778257624,0.26728181,0.11728181,0.2201,0.0001,0.0581,0.0121,0.1351,0.0201,0.2151,0.0301000000000001,0.3126,0.0676
CWNU_42,0.35385,0.00749509972887453,1.096935,0.023234809159511045,1.551830515,0.108169485,0.50885,0.0572593168258683,0.2951,0.0001,0.4926,0.0326,0.7726,0.0176,0.9876,0.0726
CWNU_4200,0.0026,0.00443012701892219,0.00806,0.01373339375865879,0.68169058,0.46830942,0.0851,0.0123474487139158,0.0226,0.0076,0.0076,0.0076,0.0601,0.0251,0.0876,0.0276
CWNU_4201,0.1701,0.0001,0.5273100000000001,0.00031,0.32537602,0.02537602,0.2551,0.00622372435695795,0.1026,0.0026,0.2101,0.0101,0.3326,0.0176,0.4776,0.0276
CWNU_4202,0.45385,0.0065951905283833,1.406935,0.02044509063798823,1.83900001,0.0809999899999999,0.76635,0.0152554445662277,0.3126,0.0026,0.6401,0.0151,0.9426,0.0276,1.3726,0.0576
CWNU_4206,0.75635,0.0109253175473055,2.344685,0.03386848439664705,2.95,,1.1001,0.0107066017177982,0.5251,0.0001,1.0726,0.00760000000000006,1.5801,0.0151,2.1926,0.0226
CWNU_4208,0.27635,0.0241767003553228,0.856685,0.0749477711015007,2.76244194,0.12244194,0.66635,0.0195855715851499,0.2726,0.0126,0.5201,0.0351,0.7301,0.0501,1.0876,0.142600000000001
CWNU_4210,0.4951,0.00717106781186548,1.53481,0.022230310216782987,2.81,,0.7551,0.00717106781186548,0.3151,0.00510000000000001,0.6501,0.00510000000000001,0.9701,0.0001,1.4026,0.00759999999999995
CWNU_4212,0.3751,0.00510000000000001,1.16281,0.015810000000000032,1.14441422,0.01441422,0.5601,0.0001,0.1151,0.0201,0.3301,0.0301,0.5576,0.0526,0.9301,0.0651
CWNU_4215,0.2701,0.0112803398874989,0.83731,0.03496905365124659,1.0,,0.4201,0.0001,0.1576,0.0175999999999999,0.3026,0.0376000000000002,0.4851,0.0701000000000003,0.7526,0.0676
CWNU_4216,0.1026,0.0125999999999999,0.31806,0.03905999999999969,2.72094986,0.0990501399999999,0.3201,0.0001,0.1351,0.00510000000000001,0.2001,0.00509999999999999,0.2976,0.0226,0.4776,0.0476
CWNU_4218,0.35885,0.00970143218483577,1.112435,0.030074439772990885,1.5,,0.01635,0.0125373429638327,0.1976,0.00759999999999999,0.2651,0.1651,0.4151,0.2651,0.5876,0.4726
CWNU_4219,0.4626,0.0104077640640441,1.4340600000000001,0.03226406859853671,0.15,,0.6751,0.0001,0.0951,0.00510000000000001,0.3776,0.0276,0.6851,0.0551,1.1276,0.0976000000000001
CWNU_4220,0.4151,0.00945414346693485,1.28681,0.029307844747498035,1.521658485,0.0716584850000001,0.65885,0.0125373429638328,0.2976,0.0026,0.5776,0.0026,0.8701,0.0001,1.2226,0.0176
CWNU_4221,0.3901,0.00945414346693486,1.20931,0.02930784474749807,1.05883332,0.32883332,0.62635,0.0171934929139717,0.2476,0.00760000000000001,0.5201,0.0101,0.8126,0.0226,1.1201,0.0300999999999999
CWNU_4222,0.2201,0.0001,0.68231,0.00031,0.571116895,0.028883105,0.3026,0.0161078105935821,0.1626,0.0026,0.3001,0.00510000000000001,0.4126,0.0526000000000004,0.6201,0.0151
CWNU_4223,0.5216,0.00675206734782504,1.61696,0.020931408778257624,2.112185445,0.067814555,0.7076,0.186295461813655,0.2851,0.0001,0.6426,0.0226,0.7266,0.2616,1.4326,0.00260000000000006
CWNU_4224,0.43885,0.0473195669188102,1.360435,0.14669065744831164,1.40083076,0.000830760000000042,0.65135,0.0273431183971292,0.2851,0.00509999999999998,0.5826,0.0026,0.9451,0.0351,1.2051,0.0251
CWNU_4226,0.29385,0.0182572988079174,0.910935,0.056597626304543944,2.65,,0.4626,0.0026,0.1201,0.0001,0.2926,0.00760000000000001,0.4951,0.0201,0.7401,0.0001
CWNU_4228,0.3501,0.00622372435695795,1.08531,0.019293545506569646,1.23860204,0.19139796,0.5401,0.0174205080756887,0.2151,0.0001,0.4376,0.0026,0.6876,0.00759999999999995,0.9726,0.00760000000000001
CWNU_4230,0.3051,0.0151,0.9458099999999999,0.046810000000000004,0.86700328,0.107003279999999,0.5176,0.0226,0.1851,0.00510000000000001,0.3976,0.0126,0.6301,0.0251,0.8701,0.0301
CWNU_4231,0.39135,0.00424578098794425,1.213185,0.013161921062627176,1.33605807,0.0839419299999999,0.42135,0.100435375117652,0.2326,0.00259999999999999,0.4351,0.0451,0.6351,0.0801000000000001,0.9326,0.1726
CWNU_4235,0.08885,0.00970143218483568,0.275435,0.030074439772990607,2.339066735,0.020933265,0.28385,0.00424578098794423,0.3201,0.00510000000000001,0.3701,0.0151,0.4701,0.0351,0.6126,0.0725999999999998
CWNU_4236,0.0001,0.0001,0.00031,0.00031,2.65,,0.2101,0.00876025403784438,0.1201,0.0101,0.1151,0.0251,0.1851,0.0401000000000001,0.2976,0.0576
CWNU_4237,0.3651,0.00510000000000001,1.13181,0.015810000000000032,1.17962269,0.09037731,0.5776,0.00760000000000001,0.2351,0.0001,0.4801,0.00510000000000001,0.7001,0.0101,1.0376,0.0276
CWNU_4239,0.1776,0.00569016994374947,0.55056,0.017639526825623357,0.59195999,0.04804001,0.24135,0.0152554445662277,0.1526,0.00760000000000001,0.2526,0.0026,0.3326,0.0226,0.5201,0.0151
CWNU_4240,0.28135,0.00226506350946107,0.872185,0.007021696879329317,0.887867345,0.082132655,0.43635,0.00424578098794425,0.2201,0.0001,0.4001,0.00510000000000001,0.5776,0.0026,0.8426,0.0026
CWNU_4241,0.31385,0.00902678553567857,0.9729350000000001,0.02798303516060357,1.9,,0.70385,0.0301780235387899,0.1976,0.0426,0.4476,0.0976000000000001,0.7326,0.1226,1.1126,0.142600000000001
CWNU_4244,0.47635,0.00829679815537751,1.476685,0.025720074281670283,1.679090155,0.149090155,0.7026,0.0130903810567666,0.0526,0.0326,0.3426,0.0576,0.6676,0.0675999999999999,1.0476,0.0676
CWNU_425,0.29885,0.00424578098794425,0.926435,0.013161921062627176,0.84,,0.46135,0.0109253175473055,0.2176,0.00760000000000001,0.3901,0.0001,0.5926,0.0126,0.8376,0.00760000000000001
CWNU_4253,0.1876,0.0026,0.58156,0.00806,0.58066246,0.02066246,0.3051,0.00622372435695795,0.1476,0.0026,0.2626,0.00760000000000001,0.4026,0.0026,0.5701,0.0151
CWNU_4255,0.42885,0.0199037243971936,1.3294350000000001,0.061701545631300155,3.670820205,0.0091797950000001,0.7401,0.0151,0.3826,0.0026,0.7151,0.0151,1.0201,0.0451,1.4176,0.0875999999999999
CWNU_4259,0.8301,0.0267926956300783,2.5733099999999998,0.08305735645324273,2.84500523,0.06499477,0.6901,0.0184711730708738,0.4651,0.0101,0.9126,0.1426,1.3776,0.2976,1.8526,0.3976
CWNU_4267,0.32135,0.0109253175473055,0.9961850000000001,0.03386848439664705,1.15,,0.45385,0.0022650635094611,0.1576,0.0276,0.3451,0.0601000000000003,0.5376,0.0826000000000004,0.8676,0.1276
CWNU_4268,0.3101,0.011280339887499,0.96131,0.034969053651246904,,,0.4526,0.0161078105935821,0.2401,0.00510000000000001,0.4276,0.0026,0.5976,0.0126,0.9151,0.0251
CWNU_4270,0.26385,0.00749509972887453,0.817935,0.023234809159511045,1.18278238,0.0627823799999999,0.42385,0.0195855715851499,0.2976,0.0026,0.4701,0.00509999999999998,0.6351,0.0101,0.8926,0.0176
CWNU_4271,0.75885,0.00902678553567857,2.3524350000000003,0.02798303516060357,2.722092115,0.0779078849999999,1.17635,0.0082967981553775,0.4851,0.0251,1.0301,0.0151,1.5576,0.0426000000000001,2.1701,0.0450999999999999
CWNU_4272,0.14885,0.00424578098794425,0.46143500000000004,0.013161921062627176,0.25,,0.24885,0.00554862367942585,0.1326,0.0026,0.2001,0.00509999999999999,0.3026,0.0226,0.4651,0.0201
CWNU_4277,0.51385,0.0065951905283833,1.5929350000000002,0.02044509063798823,2.1,,0.76135,0.0109253175473055,0.0001,0.0001,0.3151,0.0301,0.6576,0.0226,1.1051,0.0651
CWNU_4280,0.53885,0.00902678553567857,1.6704350000000001,0.02798303516060357,2.16444623,0.0755537700000002,0.79885,0.0065951905283833,0.2026,0.0225999999999998,0.5601,0.0451,0.8876,0.0326,1.3926,0.0826
CWNU_4281,0.59135,0.0168238602003246,1.8331850000000003,0.05215396662100626,2.19791512,0.10791512,0.89885,0.0022650635094611,0.0151,0.0101,0.4151,0.0001,0.8126,0.0526,1.3576,0.0426
CWNU_4285,0.4326,0.0115564392373896,1.34106,0.03582496163590776,2.039447355,0.069447355,0.6826,0.0130903810567665,0.0076,0.0026,0.2926,0.00760000000000001,0.6026,0.0226,1.0151,0.0251
CWNU_4290,0.52135,0.0022650635094611,1.616185,0.00702169687932941,1.926460625,0.133539375,0.7801,0.014242135623731,0.3026,0.0176,0.6376,0.0126,0.9776,0.0126,1.4351,0.0301
CWNU_4293,0.3276,0.00569016994374948,1.01556,0.017639526825623388,0.870695335,0.029304665,0.5101,0.0151,0.2351,0.00509999999999999,0.4551,0.00510000000000001,0.6676,0.0126,0.9601,0.0151
CWNU_4294,0.1026,0.00443012701892219,0.31806,0.01373339375865879,0.48817871,0.25182129,0.1551,0.0001,0.0626,0.0026,0.1226,0.0026,0.1851,0.00510000000000001,0.2701,0.00510000000000001
CWNU_4296,0.3276,0.0135629120178363,1.01556,0.04204502725529253,1.05,,0.54635,0.0205251682979602,0.1226,0.0026,0.3551,0.0101,0.6051,0.0301,0.9401,0.0301
CWNU_4297,0.52135,0.0022650635094611,1.616185,0.00702169687932941,1.926460625,0.133539375,0.7801,0.014242135623731,0.3026,0.0176,0.6376,0.0126,0.9776,0.0126,1.4351,0.0301
CWNU_4298,0.50385,0.0277981497577005,1.561935,0.08617426424887155,4.24102234,0.0110223399999998,1.5876,0.0214600093632939,0.4501,0.0650999999999998,1.0726,0.2926,1.6351,0.5451,2.2376,0.7126
CWNU_4305,0.2876,0.0183002747232013,0.8915600000000001,0.05673085164192403,2.4,,0.6276,0.0284945417290014,0.2776,0.0026,0.4976,0.0026,0.7226,0.0176,1.0751,0.0550999999999999
CWNU_4309,0.3651,0.0260807621135332,1.13181,0.08085036255195292,3.50051583,0.14948417,0.68135,0.0271127284812179,0.2101,0.00510000000000001,0.5051,0.0401,0.7201,0.0251,1.0801,0.0901
CWNU_4310,0.2926,0.00839156197588851,0.9070600000000001,0.02601384212525438,1.029408305,0.029408305,0.44885,0.0022650635094611,0.2501,0.00510000000000001,0.4401,0.0101,0.6476,0.0026,0.8626,0.0376
CWNU_4311,0.38885,0.00554862367942585,1.205435,0.017200733406220133,4.9,,0.8576,0.0044301270189222,0.0976,0.0926,0.4326,0.1626,0.8626,0.1526,1.2676,0.1876
CWNU_4322,0.29885,0.00424578098794425,0.926435,0.013161921062627176,1.07166234,0.05833766,0.48385,0.00902678553567857,0.2301,0.0001,0.4276,0.00760000000000001,0.6226,0.0126,0.9001,0.0201
CWNU_4323,0.32135,0.0125373429638328,0.9961850000000001,0.03886576318788168,2.29,,0.5126,0.0376,0.2776,0.00759999999999998,0.4451,0.0101,0.7201,0.0101,0.9801,0.0701
CWNU_4329,0.4376,0.0183002747232013,1.35656,0.05673085164192403,2.2,,0.7001,0.0174205080756887,0.1601,0.0301,0.4076,0.00759999999999998,0.7426,0.00760000000000001,1.2101,0.0301
CWNU_4331,0.2676,0.0262007662722764,0.8295600000000001,0.08122237544405685,1.7,,0.5426,0.0320178633370093,0.0126,0.0126,0.1551,0.0401,0.4401,0.0451,0.6801,0.0351
CWNU_434,0.11385,0.0231149407994024,0.35293500000000005,0.07165631647814744,0.585362635,0.164637365,0.2501,0.00363553390593274,0.1476,0.0026,0.2101,0.00510000000000001,0.2976,0.0126,0.4001,0.0650999999999998
CWNU_4341,0.55885,0.0189331489666492,1.732435,0.058692761796612515,2.53,,0.8551,0.0118260393995586,0.3201,0.0001,0.7201,0.0101,1.0826,0.0126,1.5426,0.0276000000000001
CWNU_4342,0.32385,0.0139631706330118,1.003935,0.04328582896233658,3.54761505,0.20238495,0.62635,0.0152554445662277,0.4076,0.0126,0.6551,0.0251,0.8951,0.0251,1.2401,0.0751
CWNU_4345,0.55385,0.00554862367942585,1.7169349999999999,0.017200733406220133,2.0,,0.82885,0.0195855715851498,0.3151,0.00510000000000001,0.7126,0.0226,1.0351,0.0151,1.5401,0.0351
CWNU_4346,0.0876,0.0026,0.27156,0.00806,0.31531793,0.21468207,0.14385,0.00226506350946109,0.0451,0.0001,0.0976,0.0026,0.1501,0.0001,0.2351,0.0101
CWNU_4347,0.0651,0.00945414346693485,0.20181000000000002,0.029307844747498035,0.080173615,0.070173615,0.1551,0.0001,0.0176,0.0026,0.0626,0.0026,0.1201,0.0101,0.1801,0.0401000000000001
CWNU_4351,0.19635,0.00424578098794425,0.608685,0.013161921062627176,0.58344412,0.11344412,0.3101,0.00622372435695795,0.1476,0.0026,0.2726,0.0026,0.4001,0.0001,0.5776,0.0026
CWNU_4353,1.1101,0.0001,3.4413100000000005,0.00031,3.8,,1.6676,0.021750635094611,0.6926,0.0376,1.6051,0.0801000000000001,2.3201,0.1051,3.2551,0.1101
CWNU_4358,0.07385,0.0164458710382775,0.228935,0.050982200218660255,0.419337815,0.150662185,0.17385,0.0082967981553775,0.0376,0.0126,0.1176,0.0176,0.1676,0.0326,0.2201,0.0951
CWNU_4363,0.2626,0.00911387818865998,0.81406,0.02825302238484594,1.45,,0.39885,0.02142340263654,0.0001,0.0001,0.0426,0.0176,0.1951,0.0451,0.4576,0.0875999999999999
CWNU_4364,0.36135,0.0164458710382775,1.120185,0.050982200218660255,1.2,,0.56885,0.0055486236794258,0.2551,0.00510000000000001,0.5076,0.0026,0.7276,0.0026,1.0251,0.0451
CWNU_4365,0.75385,0.0144069039278245,2.336935,0.04466140217625595,2.878985815,0.148985815,1.1401,0.0248487373415292,0.0876,0.0026,0.6551,0.00510000000000001,1.1901,0.0151,1.7726,0.0276
CWNU_4366,0.3276,0.00839156197588851,1.01556,0.02601384212525438,0.999790375,0.119790375,0.51635,0.0152554445662277,0.2451,0.0001,0.4876,0.0176,0.7226,0.0126,0.9826,0.0576
CWNU_4367,0.3526,0.00569016994374948,1.0930600000000001,0.017639526825623388,1.45,,0.5826,0.0217506350946109,0.2251,0.0001,0.4726,0.0276,0.7101,0.0301,1.0551,0.0451
CWNU_4370,0.44885,0.0315990079208854,1.3914350000000002,0.09795692455474475,2.063369385,0.476630615,0.84135,0.067216968793294,0.2526,0.0126,0.6551,0.0700999999999997,0.9851,0.0901,1.3651,0.2401
CWNU_4371,0.35885,0.00424578098794425,1.112435,0.013161921062627176,1.42308393,0.01691607,0.5651,0.0303076149339864,0.3001,0.0001,0.5551,0.00510000000000001,0.8176,0.0476,1.1026,0.0526
CWNU_4373,0.6426,0.00569016994374948,1.99206,0.017639526825623388,2.1,,0.9451,0.00363553390593274,0.2801,0.0350999999999999,0.7251,0.0251,1.1351,0.0350999999999999,1.6951,0.0551000000000001
CWNU_4374,0.3676,0.00839156197588851,1.13956,0.02601384212525438,1.728448755,0.221551244999999,0.62385,0.00554862367942585,0.2626,0.0026,0.5076,0.0026,0.7626,0.0026,1.1176,0.0176
CWNU_4375,0.23635,0.00749509972887452,0.732685,0.02323480915951101,0.796664195,0.136664195,0.39385,0.0022650635094611,0.2176,0.0026,0.3676,0.0026,0.5276,0.0026,0.7451,0.0201
CWNU_4379,0.1026,0.0026,0.31806,0.00806,0.38,,0.1701,0.0001,0.0826,0.0026,0.1351,0.00510000000000001,0.2101,0.00510000000000001,0.3126,0.0026
CWNU_4383,0.3476,0.00569016994374946,1.07756,0.017639526825623326,0.952653515,0.017346485,0.5676,0.0259602010819715,0.2126,0.0026,0.4476,0.00760000000000001,0.6926,0.0376,1.0151,0.0451
CWNU_4387,0.25635,0.0139631706330118,0.7946850000000001,0.04328582896233658,0.844754745,0.255245255,0.33635,0.0065951905283833,0.1876,0.0026,0.3376,0.00759999999999998,0.4876,0.0226,0.7276,0.0576
CWNU_4388,0.5101,0.0107066017177982,1.58131,0.033190465325174424,1.796298125,0.0937018749999999,0.7001,0.0146773797371133,0.3276,0.0026,0.6501,0.0251,0.9726,0.0226,1.3576,0.0426
CWNU_4389,0.3201,0.00510000000000001,0.99231,0.015810000000000032,0.97314024,0.16314024,0.54385,0.0125373429638328,0.2151,0.0001,0.4301,0.0001,0.6526,0.00760000000000001,0.9601,0.0151
CWNU_439,0.58135,0.0144069039278245,1.8021850000000001,0.04466140217625595,2.196346105,0.183653895,0.8976,0.0179535710713571,0.3201,0.00510000000000001,0.7301,0.0001,1.1451,0.00510000000000001,1.6301,0.00510000000000001
CWNU_4391,0.14635,0.0022650635094611,0.45368500000000006,0.00702169687932941,0.466571005,0.083428995,0.2401,0.0001,0.1451,0.00509999999999999,0.2276,0.0026,0.3251,0.0001,0.4626,0.0026
CWNU_4392,0.27635,0.00902678553567855,0.856685,0.02798303516060351,0.8,,0.45135,0.0484961517065147,0.1701,0.00509999999999999,0.3451,0.0151,0.6476,0.0576,0.7726,0.0176
CWNU_4402,0.1051,0.0001,0.32581,0.00031,0.476504745,0.273495255,0.1876,0.0044301270189222,0.0526,0.0026,0.1226,0.0126000000000001,0.2026,0.00759999999999999,0.3051,0.0201
CWNU_4404,0.40135,0.0130301005409857,1.244185,0.04039331167705567,1.64435563,0.36564437,0.6351,0.0151,0.2801,0.0001,0.5551,0.00510000000000001,0.8351,0.0101,1.1526,0.0376
CWNU_4409,0.0901,0.00876025403784439,0.27931,0.027156787517317607,0.45,,0.13635,0.00424578098794425,0.0626,0.0076,0.1151,0.0151,0.1651,0.0201000000000001,0.2651,0.0201
CWNU_4413,0.2001,0.00717106781186547,0.62031,0.02223031021678296,0.36971797,0.0,0.3276,0.0144614066163451,0.1401,0.0001,0.2826,0.00759999999999998,0.4476,0.0176,0.6051,0.0101
CWNU_4414,0.23635,0.0164458710382775,0.732685,0.050982200218660255,0.846504565,0.203495435,0.3501,0.0151,0.1901,0.00510000000000001,0.3201,0.00510000000000001,0.4551,0.0001,0.7126,0.0526
CWNU_4424,0.10885,0.00554862367942584,0.33743500000000004,0.017200733406220105,0.356718865,0.073281135,0.2101,0.0001,0.0776,0.0076,0.1576,0.0126,0.2351,0.0201,0.3351,0.0451000000000002
CWNU_4427,0.44635,0.0109253175473055,1.383685,0.03386848439664705,3.68500981,0.504990189999997,0.66635,0.0301780235387899,0.3701,0.0201,0.6726,0.00760000000000001,0.9826,0.0026,1.3526,0.0226
CWNU_4431,0.34385,0.00659519052838327,1.065935,0.020445090637988137,0.74,,0.57135,0.00829679815537751,0.2451,0.00510000000000001,0.4576,0.0026,0.7051,0.0101,1.0401,0.0351
CWNU_4432,0.6901,0.0270258240356725,2.13931,0.08378005451058475,5.02170746,0.31829254,1.10635,0.0152554445662276,0.4101,0.0101,1.0101,0.0251,1.5101,0.0701000000000001,2.0526,0.0975999999999999
CWNU_4435,0.2301,0.0255950975679642,0.71331,0.07934480246068902,2.79090208,0.16090208,0.54135,0.0022650635094611,0.3276,0.0026,0.5001,0.0201,0.7001,0.0751000000000007,0.9401,0.1201
CWNU_4436,0.6051,0.0001,1.87581,0.00031,2.01,,0.9501,0.0174205080756887,0.2601,0.00510000000000001,0.6876,0.0126,1.0826,0.0126,1.6501,0.0101
CWNU_4437,0.2176,0.0104077640640441,0.6745599999999999,0.03226406859853671,0.545056185,0.274943815,0.2451,0.014242135623731,0.1526,0.00760000000000001,0.2601,0.0151,0.3726,0.0426000000000001,0.5676,0.0776000000000003
CWNU_4440,0.6451,0.0281624304008046,1.99981,0.08730353424249426,4.697512325,0.0775123249999998,1.7326,0.0459938993767145,0.4901,0.1151,1.2426,0.3676,1.9026,0.6126,2.5676,0.7926
CWNU_4442,0.7076,0.0044301270189222,2.19356,0.01373339375865882,2.24093916,0.17906084,0.99385,0.0109253175473055,0.4951,0.0201,0.9751,0.00510000000000001,1.4001,0.0151,1.9726,0.00759999999999995
CWNU_4443,0.0676,0.0026,0.20956,0.00806,0.234012155,0.125987845,0.10885,0.0022650635094611,0.0376,0.00759999999999999,0.0751,0.0051,0.1201,0.0001,0.1751,0.0151
CWNU_4444,1.14635,0.0144069039278245,3.553685,0.04466140217625595,3.894661235,0.044661235,1.6501,0.0345601218802256,0.5726,0.0026,1.4876,0.00259999999999995,2.3426,0.0375999999999999,3.1201,0.0201
CWNU_4449,0.21635,0.00554862367942585,0.670685,0.017200733406220133,1.13,,0.37885,0.0674957528335428,0.1326,0.1226,0.1001,0.0451,0.2176,0.0926,0.4676,0.0626
CWNU_4452,0.7701,0.012847548783982,2.3873100000000003,0.0398274012303442,3.2,,1.06635,0.0264094564748115,0.0001,0.0001,0.4401,0.0201,0.9626,0.0276,1.5126,0.0526
CWNU_4453,0.2276,0.0287138078556491,0.70556,0.08901280435251221,2.08,,0.6901,0.0456521678957215,0.2726,0.0276000000000003,0.5026,0.0426,0.6901,0.1901,0.9876,0.2026
CWNU_4456,0.45135,0.00970143218483577,1.399185,0.030074439772990885,,,0.68385,0.0182572988079174,0.2201,0.0001,0.4876,0.0126,0.8026,0.0026,1.2176,0.0676
CWNU_4457,0.73135,0.0195855715851499,2.267185,0.06071527191396469,2.49032363,0.06967637,1.0676,0.0179535710713571,0.3376,0.0026,0.8501,0.0001,1.3626,0.0126,1.9701,0.0550999999999999
CWNU_4459,0.0876,0.0026,0.27156,0.00806,3.4842701,0.0,0.2626,0.0026,0.2176,0.0176,0.2601,0.0151,0.3776,0.0126,0.5001,0.0251
CWNU_446,0.57885,0.0065951905283833,1.794435,0.02044509063798823,1.767133295,0.0171332950000001,0.94885,0.0268803566070357,0.4051,0.00509999999999998,0.8251,0.0451,1.2351,0.1151,1.7326,0.0826
CWNU_4476,0.16135,0.0152554445662277,0.500185,0.047291878155305875,0.519957705,0.160042295,0.25635,0.0022650635094611,0.0876,0.0026,0.2026,0.00259999999999999,0.2776,0.0326000000000004,0.4626,0.00759999999999998
CWNU_4490,0.3601,0.0281624304008046,1.11631,0.08730353424249426,2.37298123,0.20701877,0.6126,0.021750635094611,0.4476,0.00760000000000001,0.7076,0.00760000000000001,0.9601,0.0601,1.2401,0.0751
CWNU_4493,0.3351,0.00800569415042094,1.03881,0.024817651866304916,0.05,,0.5201,0.0087602540378444,0.2801,0.00509999999999998,0.4951,0.00510000000000001,0.7176,0.00760000000000001,0.9826,0.0276
CWNU_4499,0.4076,0.0104077640640441,1.26356,0.03226406859853671,1.45378801,0.0237880100000001,0.5776,0.0304108891324553,0.0001,0.0001,0.1251,0.0351,0.3876,0.0876000000000002,0.7776,0.1226
CWNU_4501,0.74385,0.0282458256229943,2.3059350000000003,0.08756205943128234,1.8,,1.11385,0.0225652509445143,0.2876,0.0026,0.8301,0.0201,1.3876,0.0476,1.9651,0.0101
CWNU_4502,0.3276,0.00839156197588851,1.01556,0.02601384212525438,1.126009425,0.163990575000001,0.53635,0.00970143218483577,0.2351,0.0001,0.4476,0.0026,0.6701,0.00510000000000001,0.9726,0.0226
CWNU_4504,0.0001,0.0001,0.00031,0.00031,2.65,,0.2101,0.00876025403784438,0.1201,0.0101,0.1151,0.0251,0.1851,0.0401000000000001,0.2976,0.0576
CWNU_4505,0.3401,0.00363553390593272,1.05431,0.011270155108391433,1.2,,0.52635,0.00554862367942585,0.2476,0.0026,0.4526,0.0026,0.6676,0.0026,0.9901,0.0151
CWNU_4506,0.30635,0.0065951905283833,0.9496850000000001,0.02044509063798823,1.19,,0.4751,0.0207155281280883,0.2251,0.0101,0.4326,0.00760000000000001,0.6176,0.0126,0.8876,0.0226
CWNU_4508,0.4701,0.0118260393995586,1.45731,0.03666072213863166,2.210448045,0.199551955,0.6801,0.0001,0.2376,0.00759999999999999,0.5151,0.0151,0.8201,0.0551,1.2551,0.0751000000000001
CWNU_4509,0.68135,0.0065951905283833,2.112185,0.02044509063798823,2.067056245,0.0729437550000001,1.04385,0.00226506350946105,0.4626,0.0475999999999996,0.9176,0.0476,1.3101,0.0701,1.9326,0.0775999999999999
CWNU_4510,0.2301,0.00363553390593273,0.71331,0.011270155108391463,0.83609453,0.04390547,0.38885,0.00829679815537751,0.1951,0.0001,0.3601,0.0251,0.5276,0.0326,0.7251,0.0601
CWNU_4511,0.4726,0.00759999999999999,1.46506,0.02355999999999997,1.5275451,0.0175451,0.6876,0.00443012701892215,0.1801,0.00510000000000001,0.4676,0.0226,0.7526,0.0226,1.1976,0.0676
CWNU_4516,0.4076,0.0104077640640441,1.26356,0.03226406859853671,1.45378801,0.0237880100000001,0.5776,0.0304108891324553,0.0001,0.0001,0.1251,0.0351,0.3876,0.0876000000000002,0.7776,0.1226
CWNU_4521,0.42135,0.00554862367942585,1.3061850000000002,0.017200733406220133,1.3,,0.65135,0.00554862367942585,0.2826,0.00259999999999997,0.5426,0.0026,0.8201,0.0101,1.2026,0.0126000000000001
CWNU_4527,0.55635,0.0114880419739303,1.724685,0.035612930119183935,1.925410465,0.0154104650000001,0.83885,0.0103316909648406,0.2351,0.0101,0.5851,0.0301,0.9776,0.0475999999999999,1.4401,0.0551000000000001
CWNU_4529,0.28385,0.0074950997288745,0.879935,0.023234809159510948,1.4,,0.43135,0.0022650635094611,0.1976,0.0026,0.3676,0.0026,0.5576,0.00759999999999995,0.8201,0.0251
CWNU_453,0.28135,0.00424578098794423,0.872185,0.013161921062627114,3.17,,0.4976,0.0193028643696715,0.1626,0.0026,0.3676,0.0026,0.5701,0.00510000000000001,0.8601,0.0151
CWNU_4531,0.4726,0.0284945417290014,1.46506,0.08833307935990434,1.77508224,0.12508224,0.70385,0.0529411534696206,0.0051,0.0051,0.0726,0.0076,0.3651,0.0201,0.7926,0.0576
CWNU_4534,0.20885,0.0022650635094611,0.6474350000000001,0.00702169687932941,0.902591305,0.197408695,0.3551,0.00717106781186548,0.1501,0.0001,0.2876,0.00759999999999998,0.4351,0.0151,0.6276,0.0226
CWNU_4535,0.18385,0.0731902695302186,0.5699350000000001,0.22688983554367764,1.568982255,0.0810177449999999,0.56635,0.0205251682979602,0.2801,0.0201,0.4426,0.1126,0.6526,0.2226,0.8526,0.2626
CWNU_4536,0.57635,0.00902678553567857,1.786685,0.02798303516060357,2.01939096,0.15060904,0.88135,0.00970143218483577,0.2451,0.00510000000000001,0.6426,0.0026,1.0251,0.0201,1.5351,0.0101
CWNU_4541,0.44135,0.00749509972887453,1.3681850000000002,0.023234809159511045,,,0.67135,0.00554862367942585,0.2801,0.0101,0.5651,0.0001,0.8551,0.0101,1.2501,0.0150999999999999
CWNU_4543,0.3951,0.0155110350074224,1.22481,0.048084208523009445,1.640074295,0.0500742949999999,0.13885,0.021128254801576,0.2226,0.0226,0.3051,0.1251,0.4661,0.2361,0.7851,0.3651
CWNU_4544,0.75635,0.0109253175473055,2.344685,0.03386848439664705,2.95,,1.1001,0.0107066017177982,0.5251,0.0001,1.0726,0.00760000000000006,1.5801,0.0151,2.1926,0.0226
CWNU_4545,0.4901,0.0001,1.51931,0.00031,1.55,,0.7826,0.00839156197588851,0.3151,0.0151,0.6201,0.0101,0.9451,0.0301,1.3876,0.0176
CWNU_455,0.84135,0.0563777709224521,2.608185,0.17477108985960152,3.32795587,0.01795587,1.24635,0.051380478741915,0.5751,0.0101,1.3126,0.00760000000000006,1.9626,0.0176,2.4351,0.1501
CWNU_4550,0.4886,0.00636498204307084,1.51466,0.019731444333519605,1.74100272,0.02899728,0.66885,0.115500119150719,0.3801,0.0001,0.7401,0.0201,0.9001,0.1301,1.4501,0.0550999999999999
CWNU_4552,0.30635,0.00902678553567857,0.9496850000000001,0.02798303516060357,1.15,,0.48635,0.0139631706330118,0.2101,0.0001,0.3951,0.00510000000000001,0.6201,0.0001,0.8776,0.00760000000000001
CWNU_4553,0.32385,0.00424578098794425,1.003935,0.013161921062627176,1.05,,0.53885,0.0065951905283833,0.2726,0.0276000000000003,0.4626,0.0176,0.6826,0.0276,0.9826,0.0326
CWNU_4554,0.5451,0.0352781181986757,1.68981,0.10936216641589466,1.68489061,0.09510939,0.8126,0.0461298815988049,0.3551,0.0001,0.7876,0.0176,1.1876,0.0376000000000001,1.5151,0.0600999999999999
CWNU_4555,0.4051,0.0281624304008046,1.25581,0.08730353424249426,3.83592415,0.04407585,0.9151,0.0174205080756888,0.0676,0.0326,0.4576,0.1126,0.7826,0.2026,1.1951,0.3051
CWNU_4558,0.26635,0.00554862367942585,0.825685,0.017200733406220133,0.858096375,0.018096375,0.4076,0.00759999999999998,0.2101,0.00510000000000001,0.3776,0.0026,0.5526,0.0126,0.7851,0.0001
CWNU_4559,0.3926,0.0044301270189222,1.21706,0.01373339375865882,1.21860942,0.24139058,0.6401,0.0087602540378444,0.2251,0.0001,0.4801,0.00510000000000001,0.7351,0.00510000000000001,1.1201,0.0100999999999999
CWNU_4563,0.2601,0.0227384628453435,0.80631,0.07048923482056485,3.55,,0.61635,0.0022650635094611,0.0076,0.0076,0.2226,0.0276,0.4501,0.0951,0.7551,0.1001
CWNU_4564,0.55385,0.0195855715851498,1.7169349999999999,0.06071527191396438,2.008501595,0.00149840499999998,0.8576,0.0739664335134708,0.0101,0.0051,0.4526,0.0626,0.9876,0.1426,1.3001,0.0901
CWNU_4567,0.14135,0.00554862367942584,0.43818500000000005,0.017200733406220105,0.43134537,0.16865463,0.2351,0.0001,0.1351,0.0001,0.2126,0.0026,0.3176,0.00760000000000001,0.4476,0.0026
CWNU_4576,0.19885,0.00424578098794424,0.6164350000000001,0.013161921062627143,0.85,,0.3151,0.0001,0.1451,0.0001,0.2651,0.0001,0.4026,0.0026,0.5701,0.0151
CWNU_4579,0.2501,0.0107066017177982,0.7753099999999999,0.033190465325174424,1.13976513,0.14023487,0.41885,0.0022650635094611,0.1776,0.00759999999999999,0.3601,0.0201,0.5201,0.0351,0.7376,0.0626
CWNU_4580,0.3001,0.0155110350074225,0.93031,0.04808420852300975,1.780571015,0.030571015,0.56635,0.0152554445662276,0.3001,0.0151,0.5401,0.0401,0.7401,0.0501000000000001,1.0451,0.110100000000001
CWNU_4583,0.17885,0.00424578098794425,0.554435,0.013161921062627176,0.14590126,0.00409874,0.21635,0.0109253175473055,0.1226,0.0026,0.2176,0.0275999999999999,0.3226,0.0276,0.4526,0.0476000000000002
CWNU_4585,0.28635,0.0135047566184545,0.8876850000000001,0.04186474551720895,1.07030469,0.07030469,0.5376,0.021750635094611,0.2051,0.00509999999999999,0.4351,0.0301,0.6351,0.0650999999999998,0.8951,0.120099999999999
CWNU_4590,0.17135,0.00424578098794424,0.531185,0.013161921062627143,0.67,,0.28635,0.0022650635094611,0.1751,0.0001,0.2701,0.0001,0.3851,0.00510000000000001,0.5526,0.0026
CWNU_4593,0.4726,0.00759999999999999,1.46506,0.02355999999999997,1.5275451,0.0175451,0.6876,0.00443012701892215,0.1801,0.00510000000000001,0.4676,0.0226,0.7526,0.0226,1.1976,0.0676
CWNU_4594,0.37635,0.00970143218483577,1.1666850000000002,0.030074439772990885,1.215516505,0.094483495,0.5526,0.0214600093632938,0.2651,0.00510000000000001,0.5476,0.00760000000000001,0.8151,0.0251,1.0801,0.0301
CWNU_4595,0.2651,0.00622372435695795,0.82181,0.019293545506569646,1.108228225,0.181771775000001,0.3951,0.0001,0.2276,0.0026,0.3976,0.00760000000000001,0.5776,0.0026,0.7851,0.0151
CWNU_4596,0.25135,0.0538790619107476,0.7791850000000001,0.16702509192331758,0.3,,0.3751,0.0204100960115899,0.2201,0.00510000000000001,0.3226,0.0226,0.4976,0.0575999999999994,0.7926,0.0826000000000001
CWNU_4597,0.4401,0.0349209706929603,1.36431,0.10825500914817694,1.27,,0.8326,0.0044301270189222,0.2761,0.1761,0.6751,0.1801,0.9751,0.1751,1.4501,0.235099999999999
CWNU_4605,0.1351,0.00622372435695795,0.41881,0.019293545506569646,0.413445745,0.0665542550000001,0.27135,0.0109253175473055,0.1051,0.0001,0.2101,0.0201,0.3176,0.0276,0.4401,0.0551
CWNU_4606,0.4001,0.0112803398874989,1.24031,0.03496905365124659,1.550491945,0.229508055,0.6276,0.0179535710713571,0.3301,0.0251,0.6301,0.00510000000000001,0.8926,0.00760000000000001,1.2301,0.0350999999999999
CWNU_4611,0.0701,0.00622372435695795,0.21731,0.019293545506569646,0.267274435,0.112725565,0.1451,0.0001,0.0251,0.0051,0.0801,0.0001,0.1326,0.0175999999999999,0.2076,0.0176
CWNU_4612,0.2426,0.00569016994374948,0.7520600000000001,0.017639526825623388,0.836135175,0.216135175,0.4151,0.0001,0.2201,0.00510000000000001,0.3676,0.0126,0.5276,0.00760000000000001,0.7851,0.0101
CWNU_4614,0.2451,0.00510000000000001,0.7598100000000001,0.015810000000000032,0.752746755,0.042746755,0.3976,0.00760000000000001,0.1751,0.0001,0.3251,0.0001,0.4976,0.00760000000000001,0.7301,0.0201
CWNU_4617,0.60135,0.0148372826531895,1.8641850000000002,0.04599557622488745,2.28930065,0.09930065,0.8776,0.0044301270189222,0.2501,0.00510000000000001,0.6476,0.0226,1.0401,0.0401,1.5751,0.0701000000000001
CWNU_4619,0.3501,0.0260807621135332,1.08531,0.08085036255195292,3.6,,0.35635,0.0398452827389617,0.2501,0.0251,0.3726,0.0626,0.5451,0.1001,0.8751,0.2301
CWNU_4624,0.2751,0.00717106781186546,0.8528100000000001,0.022230310216782928,1.09,,0.30385,0.0211282548015759,0.1801,0.0201000000000001,0.2976,0.0726,0.4276,0.1176,0.6451,0.1451
CWNU_4626,0.3551,0.0258390753524675,1.10081,0.08010113359264925,3.65,,0.4251,0.0283842712474619,0.2226,0.0226,0.3876,0.0525999999999999,0.5301,0.0650999999999998,0.9526,0.177600000000001
CWNU_4629,0.43885,0.00554862367942585,1.360435,0.017200733406220133,0.96,,0.68885,0.0042457809879442,0.0276,0.0026,0.3026,0.0376000000000002,0.5701,0.0600999999999995,1.0176,0.0476
CWNU_463,0.25385,0.0109253175473055,0.786935,0.03386848439664705,1.05,,0.4801,0.0118260393995586,0.2101,0.0001,0.3901,0.0251,0.5801,0.0301,0.8276,0.0726
CWNU_4631,0.33885,0.00659519052838327,1.050435,0.020445090637988137,1.400660205,0.479339795,0.75385,0.00902678553567857,0.3311,0.1811,0.6051,0.2451,0.8626,0.2676,1.3001,0.3401
CWNU_4634,0.2651,0.0184711730708738,0.82181,0.05726063651970878,1.2,,0.4276,0.0130903810567666,0.1726,0.0226000000000001,0.3626,0.00760000000000001,0.5576,0.0276,0.7526,0.0226
CWNU_4638,0.10885,0.0022650635094611,0.33743500000000004,0.00702169687932941,0.51023317,0.20976683,0.2001,0.0107066017177982,0.0901,0.0101000000000001,0.1776,0.0325999999999999,0.2401,0.0201,0.3426,0.0526
CWNU_464,0.4676,0.00443012701892217,1.4495600000000002,0.013733393758658728,1.438069785,0.0519302149999999,0.6926,0.0130903810567665,0.2776,0.0026,0.5751,0.00510000000000001,0.8751,0.00510000000000001,1.2651,0.0101
CWNU_4643,0.3276,0.00760000000000001,1.01556,0.023560000000000032,1.269300565,0.140699435,0.48385,0.0022650635094611,0.2501,0.0001,0.4676,0.00759999999999998,0.6676,0.00760000000000001,0.9451,0.00510000000000001
CWNU_4645,0.40635,0.0239156986040721,1.259685,0.07413866567262352,1.35,,0.6151,0.0253487623459052,0.1851,0.0251,0.5226,0.0276,0.8001,0.0151,1.1476,0.0376
CWNU_4647,0.1326,0.0044301270189222,0.41106,0.01373339375865882,0.430366865,0.209633135,0.1901,0.0001,0.1001,0.0101,0.1801,0.00510000000000001,0.2501,0.00510000000000001,0.3701,0.00510000000000001
CWNU_4648,0.33635,0.0109253175473055,1.042685,0.03386848439664705,0.934571305,0.224571305,0.55135,0.0273431183971292,0.2651,0.00510000000000001,0.5026,0.00760000000000001,0.7751,0.0251,1.0351,0.0201
CWNU_4653,0.39285,0.0133358414919491,1.217835,0.041341108625042214,3.788167405,0.181832595,1.31135,0.0164458710382776,0.5216,0.0736000000000004,1.0276,0.2476,1.4651,0.415100000000001,1.9951,0.5951
CWNU_4654,0.5726,0.00760000000000001,1.77506,0.023560000000000032,2.45314255,0.35685745,0.9226,0.0409503365959205,0.2151,0.0101,0.6551,0.0401,1.0901,0.0751000000000001,1.5776,0.0576
CWNU_4657,0.3076,0.021750635094611,0.95356,0.0674269687932941,1.45935711,0.10064289,0.4026,0.0193028643696715,0.2476,0.00760000000000001,0.4326,0.0376,0.5876,0.0326,0.8951,0.1051
CWNU_4658,0.4776,0.0168705098312484,1.48056,0.05229858047687004,4.19942565,0.450574350000001,0.7776,0.0252246890528023,0.1976,0.0276,0.5976,0.0226,0.9651,0.0451,1.3801,0.0801
CWNU_4660,0.8976,0.0144614066163451,2.78256,0.04483036051066981,6.2,,1.4501,0.0323102468168128,0.4251,0.0201,1.1401,0.0351,1.8426,0.0676,2.5201,0.1001
CWNU_4661,0.61135,0.0109253175473055,1.895185,0.03386848439664705,3.260796455,0.419203544999997,0.9301,0.0087602540378444,0.3726,0.0026,0.8001,0.0001,1.2126,0.0126000000000001,1.7476,0.0126
CWNU_4662,0.08135,0.0022650635094611,0.25218500000000005,0.00702169687932941,0.306033925,0.073966075,0.11885,0.00554862367942584,0.0826,0.0026,0.1176,0.0026,0.1626,0.0126,0.2476,0.0126
CWNU_4665,0.59135,0.036564880364537,1.8331850000000003,0.1133511291300647,2.088025885,0.0480258849999999,0.9956,0.00096602540378444,0.3051,0.0801,0.7751,0.0151,1.1801,0.0201,1.6301,0.1001
CWNU_4667,0.33385,0.0164458710382775,1.034935,0.050982200218660255,1.339752555,0.0302474450000001,0.4926,0.0327917420765551,0.2776,0.0026,0.5051,0.0001,0.6801,0.00510000000000001,0.9801,0.0101
CWNU_4668,0.2351,0.0315245127249415,0.7288100000000001,0.09772598944731865,3.26163599,0.29836401,1.1551,0.014242135623731,0.4601,0.0201,0.8101,0.2251,1.1776,0.3876,1.5351,0.6551
CWNU_4670,0.48385,0.00970143218483577,1.499935,0.030074439772990885,2.1,,0.7451,0.0118260393995586,0.1151,0.0051,0.4276,0.0026,0.7551,0.00510000000000001,1.1951,0.0301
CWNU_4673,0.2676,0.00839156197588851,0.8295600000000001,0.02601384212525438,0.79680889,0.15680889,0.4651,0.0213132034355964,0.1726,0.00259999999999999,0.3776,0.0176,0.5876,0.0326,0.8001,0.0551
CWNU_4674,0.3801,0.00800569415042095,1.17831,0.024817651866304948,1.22674838,0.216748379999999,0.62135,0.0195855715851499,0.2501,0.00510000000000001,0.5151,0.00510000000000001,0.7851,0.0351,1.1076,0.0326
CWNU_4675,0.45135,0.00424578098794425,1.399185,0.013161921062627176,1.65,,0.7901,0.0001,0.3351,0.1201,0.6376,0.1276,0.9226,0.1426,1.3876,0.1676
CWNU_4677,0.28135,0.0168238602003246,0.872185,0.05215396662100626,3.55441886,0.19558114,0.7501,0.244512561052005,0.1326,0.0226,0.3776,0.0376,0.5751,0.0301,0.9226,0.127599999999999
CWNU_4681,0.1376,0.0126,0.42656,0.039060000000000004,2.920625625,0.329374375,0.34885,0.0022650635094611,0.1826,0.0026,0.2726,0.0126,0.4026,0.0376,0.5826,0.0526
CWNU_4685,0.5726,0.00760000000000001,1.77506,0.023560000000000032,2.45314255,0.35685745,0.9226,0.0409503365959205,0.2151,0.0101,0.6551,0.0401,1.0901,0.0751000000000001,1.5776,0.0576
CWNU_4687,0.2301,0.0255950975679642,0.71331,0.07934480246068902,2.79090208,0.16090208,0.54135,0.0022650635094611,0.3276,0.0026,0.5001,0.0201,0.7001,0.0751000000000007,0.9401,0.1201
CWNU_4689,0.1651,0.0290395922569755,0.51181,0.09002273599662405,3.2,,0.53385,0.0313999600638723,0.3001,0.0151,0.4851,0.0800999999999999,0.6151,0.1001,0.8901,0.2451
CWNU_4690,0.7476,0.0327917420765551,2.3175600000000003,0.10165440043732081,2.15315802,0.00315802000000009,1.03885,0.0305907772941262,0.4751,0.0001,1.0801,0.0600999999999999,1.5651,0.0151,2.0101,0.0600999999999999
CWNU_4691,0.42885,0.0171934929139717,1.3294350000000001,0.05329982803331228,1.532106695,0.042106695,0.6201,0.0001,0.3001,0.00510000000000001,0.5751,0.00510000000000001,0.8451,0.0201,1.2326,0.0376
CWNU_4701,0.18885,0.00970143218483576,0.585435,0.03007443977299086,0.853989125,0.056010875,0.33885,0.0144069039278245,0.1326,0.00760000000000001,0.2826,0.0276,0.4251,0.0001,0.6076,0.0526
CWNU_4702,0.4026,0.0115564392373896,1.2480600000000002,0.03582496163590776,1.25713329,0.0228667100000001,0.62635,0.00970143218483577,0.2701,0.00510000000000001,0.5451,0.0101,0.8051,0.00510000000000001,1.1551,0.0350999999999999
CWNU_4704,0.19885,0.00659519052838328,0.6164350000000001,0.02044509063798817,0.54731476,0.12268524,0.2626,0.0044301270189222,0.1676,0.0026,0.2876,0.0026,0.4001,0.00510000000000001,0.5726,0.0176
CWNU_4706,0.34885,0.0103316909648405,1.081435,0.032028241991005554,1.00246515,0.02246515,0.58635,0.0152554445662276,0.2426,0.0026,0.4801,0.00510000000000001,0.7226,0.00760000000000001,1.0476,0.0276
CWNU_4707,0.5126,0.0183002747232013,1.58906,0.05673085164192403,1.589627535,0.089627535,0.7876,0.0130903810567666,0.3601,0.0001,0.7201,0.00510000000000001,1.0851,0.0101,1.4801,0.0301
CWNU_4708,0.2501,0.0107066017177982,0.7753099999999999,0.033190465325174424,1.13976513,0.14023487,0.41885,0.0022650635094611,0.1776,0.00759999999999999,0.3601,0.0201,0.5201,0.0351,0.7376,0.0626
CWNU_4710,0.3026,0.00760000000000001,0.93806,0.023560000000000032,0.820113225,0.299886775,0.43385,0.0477149923868525,0.2251,0.0001,0.4101,0.0101,0.5751,0.0601000000000004,0.8826,0.0176
CWNU_4711,0.39385,0.0225652509445143,1.2209349999999999,0.06995227792799433,3.322536645,0.297463355,0.43485,0.00053301270189222,0.3291,0.2411,0.6101,0.2401,0.8376,0.2476,1.1126,0.3026
CWNU_4713,0.2826,0.00443012701892217,0.8760600000000001,0.013733393758658728,0.95,,0.62135,0.0130301005409858,0.2901,0.1351,0.5301,0.1901,0.7451,0.2251,1.0851,0.2601
CWNU_4714,0.1326,0.0104077640640442,0.41106,0.032264068598537025,0.55,,0.21385,0.0022650635094611,0.1401,0.0001,0.2051,0.0001,0.3001,0.0151,0.4451,0.0251
CWNU_4717,0.2551,0.0151,0.79081,0.046810000000000004,2.37628447,0.14628447,0.48385,0.0585567147554499,0.2276,0.0326,0.3651,0.00510000000000001,0.5376,0.0476,0.8076,0.0226
CWNU_4718,0.28635,0.00554862367942583,0.8876850000000001,0.017200733406220074,0.733636215,0.073636215,0.4451,0.0260807621135332,0.1826,0.0026,0.3476,0.0126,0.5576,0.0026,0.7951,0.0251
CWNU_4719,0.28885,0.0022650635094611,0.895435,0.00702169687932941,1.45,,0.5026,0.016493596310755,0.2226,0.0276,0.4001,0.0251,0.6176,0.0776000000000003,0.8726,0.0426
CWNU_4720,0.1601,0.012847548783982,0.49631,0.0398274012303442,1.717866345,0.122133655,0.3501,0.00800569415042094,0.2276,0.0126,0.3326,0.0026,0.4526,0.0226,0.6401,0.0651000000000007
CWNU_4721,0.5226,0.021750635094611,1.6200599999999998,0.0674269687932941,1.706476965,0.00352303499999995,0.8251,0.0334541601603158,0.3251,0.0101,0.7101,0.00510000000000001,1.0951,0.0601000000000001,1.5276,0.00759999999999995
CWNU_4724,0.19885,0.0103316909648406,0.6164350000000001,0.03202824199100587,0.892820225,0.327179775,0.3376,0.0044301270189222,0.1726,0.00759999999999999,0.3026,0.0126,0.4501,0.00510000000000001,0.6201,0.0351
CWNU_4725,0.31135,0.0065951905283833,0.9651850000000001,0.02044509063798823,1.160985905,0.249014095,0.4901,0.00622372435695795,0.2326,0.00759999999999999,0.4301,0.0001,0.6301,0.00510000000000001,0.8976,0.0176
CWNU_4726,0.39385,0.0225652509445143,1.2209349999999999,0.06995227792799433,3.322536645,0.297463355,0.43485,0.00053301270189222,0.3291,0.2411,0.6101,0.2401,0.8376,0.2476,1.1126,0.3026
CWNU_4727,0.0376,0.0026,0.11656000000000001,0.00806,0.122087235,0.037912765,0.0876,0.0026,0.0276,0.00759999999999999,0.0501,0.0101,0.0826,0.0126,0.1226,0.0276
CWNU_4728,0.06885,0.00659519052838329,0.21343499999999999,0.0204450906379882,0.4,,0.14135,0.00659519052838328,0.0451,0.0201,0.1026,0.0476,0.1676,0.0576,0.2551,0.0400999999999999
CWNU_4730,0.60135,0.0109253175473055,1.8641850000000002,0.03386848439664705,2.49379868,0.10379868,0.90885,0.00970143218483577,0.0176,0.0076,0.4401,0.00510000000000001,0.8476,0.0126,1.3626,0.0226
CWNU_4732,0.0826,0.00443012701892219,0.25606,0.01373339375865879,0.31472109,0.0,0.1626,0.0044301270189222,0.0076,0.0076,0.0651,0.0001,0.1276,0.0176,0.2126,0.0176
CWNU_4734,0.22885,0.0114880419739304,0.709435,0.03561293011918425,1.11272386,0.32727614,0.3826,0.0144614066163451,0.1751,0.00509999999999999,0.3226,0.0026,0.4876,0.0126,0.6676,0.0326
CWNU_4736,0.2451,0.012847548783982,0.7598100000000001,0.0398274012303442,3.16703601,0.11296399,0.5226,0.00760000000000001,0.3476,0.0026,0.5201,0.0101,0.7101,0.0401,0.9951,0.0701
CWNU_4739,0.5851,0.00945414346693486,1.81381,0.02930784474749807,3.043026205,0.0530262049999999,0.9501,0.00510000000000001,0.1276,0.0026,0.5301,0.00510000000000001,0.9526,0.0276,1.5076,0.0276
CWNU_4740,0.5126,0.0115564392373896,1.58906,0.03582496163590776,1.85,,0.66885,0.0139631706330118,0.2626,0.0026,0.5651,0.0551,0.8851,0.0751,1.2676,0.1026
CWNU_4742,0.22635,0.0109253175473055,0.701685,0.03386848439664705,0.702397655,0.307602345,0.36885,0.0022650635094611,0.2101,0.0001,0.3451,0.0001,0.4901,0.0101,0.6901,0.0251
CWNU_4750,0.0826,0.00443012701892219,0.25606,0.01373339375865879,0.31472109,0.0,0.1626,0.0044301270189222,0.0076,0.0076,0.0651,0.0001,0.1276,0.0176,0.2126,0.0176
CWNU_4753,0.26635,0.0156623744974859,0.825685,0.04855336094220629,1.55,,0.0326,0.0189745860881769,0.2426,0.0176,0.2951,0.0801,0.3951,0.1701,0.5851,0.3251
CWNU_4754,0.07635,0.0168238602003246,0.236685,0.05215396662100626,0.38933643,0.25066357,0.10385,0.00226506350946109,0.0276,0.0026,0.0526,0.0026,0.1026,0.0125999999999999,0.2276,0.0676
CWNU_4759,0.5426,0.0115564392373896,1.6820599999999999,0.03582496163590776,2.35,,0.81385,0.0160589316685046,0.2126,0.0026,0.6076,0.0026,0.9651,0.0151,1.4526,0.0326000000000001
CWNU_4760,0.3101,0.011280339887499,0.96131,0.034969053651246904,1.1,,0.4026,0.0249746859276655,0.0951,0.0151,0.2451,0.0501,0.4076,0.1026,0.7326,0.132600000000001
CWNU_4767,0.2701,0.00717106781186548,0.83731,0.022230310216782987,1.22207309,0.13207309,0.41635,0.0854210847329076,0.2901,0.0151,0.5151,0.0501,0.5101,0.1001,0.9501,0.0951
CWNU_477,0.37885,0.00749509972887453,1.1744350000000001,0.023234809159511045,1.44459888,0.04540112,0.59885,0.0125373429638328,0.2476,0.0026,0.5051,0.0001,0.7576,0.0026,1.0926,0.00259999999999995
CWNU_4771,0.8751,0.00363553390593274,2.71281,0.011270155108391494,3.6,,1.2901,0.0151,0.5051,0.0451,1.0376,0.0526000000000001,1.5076,0.1126,2.3301,0.0501000000000001
CWNU_4772,0.5376,0.0161078105935821,1.66656,0.04993421284010451,,,0.82635,0.0412362066797608,0.3026,0.0026,0.7226,0.0126,1.0451,0.0101,1.5501,0.0351
CWNU_4773,0.44635,0.0065951905283833,1.383685,0.02044509063798823,1.534396345,0.0156036550000001,0.7026,0.00760000000000001,0.2951,0.0101,0.5901,0.00510000000000001,0.8776,0.0126,1.2676,0.0276
CWNU_4779,0.5751,0.0298909382195324,1.7828099999999998,0.09266190848055045,2.527486795,0.167486795,0.8876,0.0355436171968946,0.0001,0.0001,0.2251,0.0001,0.6451,0.0001,1.0876,0.00759999999999995
CWNU_4789,0.06635,0.00659519052838329,0.20568500000000003,0.0204450906379882,1.82,,0.1551,0.0001,0.0601,0.0051,0.1026,0.0125999999999999,0.1651,0.0201000000000001,0.2251,0.0451
CWNU_4795,0.52135,0.0120242400177118,1.616185,0.03727514405490658,1.78326699,0.27673301,0.80135,0.0065951905283833,0.3551,0.00510000000000001,0.7251,0.0101,1.0526,0.0326,1.5126,0.00760000000000006
CWNU_480,0.24635,0.022001769334919,0.7636850000000001,0.0682054849382489,3.61523775,0.08476225,1.3826,0.0044301270189222,0.1976,0.1976,0.5926,0.4326,1.0001,0.6651,1.5026,0.9026
CWNU_4800,0.55635,0.00749509972887449,1.724685,0.02323480915951092,1.86045841,0.0304584099999999,0.82885,0.0130301005409858,0.3751,0.00510000000000001,0.7501,0.0001,1.1176,0.00759999999999995,1.5776,0.00260000000000006
CWNU_4801,0.17885,0.0156623744974859,0.554435,0.04855336094220629,1.328052655,0.048052655,0.63635,0.00554862367942585,0.3026,0.0176,0.4776,0.0525999999999999,0.6726,0.1226,0.9851,0.1801
CWNU_4806,0.48635,0.0301780235387899,1.5076850000000002,0.0935518729702487,2.09185193,0.11814807,0.71135,0.0144069039278245,0.1926,0.00760000000000001,0.5351,0.0351,0.8501,0.0401,1.2951,0.1001
CWNU_4809,0.1601,0.00945414346693485,0.49631,0.029307844747498035,0.6,,0.2551,0.0151,0.1376,0.0026,0.2376,0.0026,0.3651,0.0001,0.4826,0.00760000000000001
CWNU_4811,0.3751,0.00800569415042095,1.16281,0.024817651866304948,2.25,,0.38135,0.042286342576716,0.2051,0.0501,0.3776,0.1076,0.5576,0.1776,0.8826,0.2426
CWNU_4817,0.1301,0.0151,0.40331,0.046810000000000004,2.78413843,0.19586157,0.4501,0.0201,0.2101,0.00510000000000001,0.3376,0.0425999999999998,0.4676,0.0626,0.7176,0.1326
CWNU_4830,0.1126,0.0026,0.34906000000000004,0.00806,0.64996026,0.34003974,0.2176,0.0130903810567666,0.0676,0.0026,0.1526,0.0226,0.2376,0.0176,0.3651,0.0351
CWNU_4832,0.32135,0.0109253175473055,0.9961850000000001,0.03386848439664705,1.15,,0.45385,0.0022650635094611,0.1576,0.0276,0.3451,0.0601000000000003,0.5376,0.0826000000000004,0.8676,0.1276
CWNU_484,0.29385,0.0192621371459449,0.910935,0.05971262515242919,,,0.4851,0.00363553390593274,0.2451,0.00510000000000001,0.4551,0.00510000000000001,0.6451,0.0251,0.8876,0.0576
CWNU_4844,0.2151,0.00510000000000001,0.66681,0.015810000000000032,0.729584705,0.040415295,0.34135,0.00659519052838327,0.1451,0.0001,0.2751,0.0001,0.4176,0.0026,0.6226,0.0126
CWNU_4849,0.12385,0.0022650635094611,0.383935,0.00702169687932941,0.34614461,0.15385539,0.1851,0.00717106781186548,0.1001,0.0001,0.1701,0.00509999999999999,0.2451,0.0101,0.3601,0.00510000000000001
CWNU_4858,0.1926,0.00569016994374948,0.59706,0.017639526825623388,0.82466888,0.29533112,0.31385,0.00554862367942585,0.1376,0.0026,0.2626,0.0126,0.3976,0.00760000000000001,0.5701,0.0201
CWNU_4862,0.36635,0.0135047566184545,1.135685,0.04186474551720895,1.651544475,0.148455525,0.5726,0.0130903810567665,0.2676,0.0026,0.5151,0.0001,0.7301,0.00510000000000001,1.0551,0.0401
CWNU_4865,0.5301,0.0107066017177982,1.64331,0.033190465325174424,1.952746895,0.167253105,0.79885,0.0171934929139717,0.2851,0.0101,0.6551,0.00510000000000001,0.9901,0.0101,1.4426,0.0126000000000001
CWNU_4873,0.23135,0.0182572988079174,0.7171850000000001,0.056597626304543944,1.02658367,0.15341633,0.35135,0.0022650635094611,0.1801,0.0001,0.3151,0.0001,0.4676,0.00259999999999997,0.6351,0.0301
CWNU_4877,0.40885,0.00554862367942582,1.267435,0.017200733406220043,1.57522782,0.164772180000002,0.65385,0.0168238602003246,0.2801,0.0001,0.5851,0.0351,0.8501,0.0351,1.2376,0.0426
CWNU_488,0.5726,0.00760000000000001,1.77506,0.023560000000000032,2.45314255,0.35685745,0.9226,0.0409503365959205,0.2151,0.0101,0.6551,0.0401,1.0901,0.0751000000000001,1.5776,0.0576
CWNU_4884,0.3601,0.011280339887499,1.11631,0.034969053651246904,1.46,,0.5251,0.0118260393995586,0.2601,0.0001,0.4851,0.00510000000000001,0.7226,0.0126,1.0251,0.0251
CWNU_4887,0.11135,0.00424578098794425,0.345185,0.013161921062627176,0.744281885,0.495718115,0.2076,0.0044301270189222,0.0626,0.0076,0.1426,0.00259999999999999,0.2226,0.0126,0.3401,0.00509999999999998
CWNU_4888,0.1351,0.00622372435695795,0.41881,0.019293545506569646,0.413445745,0.0665542550000001,0.27135,0.0109253175473055,0.1051,0.0001,0.2101,0.0201,0.3176,0.0276,0.4401,0.0551
CWNU_489,0.2026,0.00569016994374947,0.6280600000000001,0.017639526825623357,2.687987055,0.137987055,1.06385,0.00970143218483579,0.4651,0.0351,0.7651,0.2201,1.1001,0.370099999999999,1.5126,0.5376
CWNU_4896,0.1451,0.00363553390593273,0.44981000000000004,0.011270155108391463,0.50126213,0.13873787,0.2426,0.0044301270189222,0.1351,0.00510000000000001,0.2301,0.0201,0.3276,0.0176,0.4676,0.0276
CWNU_490,0.3151,0.00717106781186548,0.97681,0.022230310216782987,0.95854871,0.04145129,0.49885,0.00554862367942585,0.2226,0.0026,0.4376,0.0026,0.6501,0.00510000000000001,0.9326,0.00759999999999995
CWNU_50,0.28135,0.0168238602003246,0.872185,0.05215396662100626,3.55441886,0.19558114,0.7501,0.244512561052005,0.1326,0.0226,0.3776,0.0376,0.5751,0.0301,0.9226,0.127599999999999
CWNU_501,0.2676,0.0322130814466632,0.8295600000000001,0.09986055248465592,1.253614555,0.076385445,0.45635,0.0125373429638328,0.1901,0.0101,0.4001,0.0001,0.5176,0.0876000000000002,0.8901,0.0151
CWNU_503,0.0701,0.0170558249578132,0.21731,0.052873057369220926,1.70057656,0.0405765600000001,0.65385,0.00970143218483577,0.2701,0.0151,0.4051,0.1051,0.5801,0.2101,0.7951,0.3651
CWNU_523,0.12885,0.0022650635094611,0.399435,0.00702169687932941,0.5603487,0.1496513,0.2026,0.00259999999999999,0.1026,0.0076,0.1726,0.00759999999999999,0.2701,0.0001,0.3826,0.0126
CWNU_528,0.05635,0.0022650635094611,0.174685,0.00702169687932941,0.29487927,0.13512073,0.1101,0.0001,0.0151,0.0001,0.0451,0.0001,0.0901,0.0101000000000001,0.1476,0.0126
CWNU_59,0.1776,0.00569016994374947,0.55056,0.017639526825623357,0.42,,0.3126,0.0193028643696715,0.1551,0.00510000000000001,0.2676,0.00760000000000001,0.4201,0.0201,0.5551,0.0101
CWNU_62,0.7076,0.00760000000000001,2.19356,0.023560000000000032,2.74330652,0.00669348000000003,1.0926,0.0130903810567666,0.3876,0.00760000000000001,0.8751,0.0251,1.3901,0.00510000000000001,1.9576,0.0276000000000001
CWNU_65,0.64635,0.0573685559447765,2.003685,0.17784252342880716,2.21800343,0.11199657,0.9501,0.0137930639376291,0.4076,0.0226,0.8176,0.0126,1.3676,0.0876,1.7926,0.0226
CWNU_66,0.09635,0.0356975771647454,0.29868500000000003,0.11066248921071074,2.97354853,0.02645147,1.3201,0.00876025403784439,0.2451,0.2451,0.5501,0.5451,0.8676,0.8526,1.2401,1.1751
CWNU_72,0.6076,0.0026,1.8835600000000001,0.00806,2.39325015,0.0667498499999999,0.96635,0.00902678553567857,0.3501,0.0001,0.7751,0.0001,1.1601,0.0301,1.7426,0.00260000000000006
CWNU_73,0.0701,0.00622372435695795,0.21731,0.019293545506569646,0.267274435,0.112725565,0.1451,0.0001,0.0251,0.0051,0.0801,0.0001,0.1326,0.0175999999999999,0.2076,0.0176
CWNU_79,0.5951,0.0001,1.8448099999999998,0.00031,1.72286741,0.04713259,0.87135,0.0273431183971292,0.3901,0.00510000000000001,0.8026,0.00760000000000001,1.2051,0.0151,1.6751,0.0151
CWNU_86,0.1326,0.0202556443707463,0.41106,0.06279249754931354,2.465035205,0.0449647949999998,0.3601,0.0101,0.3151,0.0001,0.4126,0.0326,0.5126,0.0626,0.7026,0.1126
CWNU_87,0.39885,0.0189331489666492,1.236435,0.058692761796612515,1.435526845,0.0544731550000001,0.6376,0.0249746859276655,0.2201,0.00510000000000001,0.4951,0.0001,0.7901,0.00510000000000001,1.1101,0.0300999999999999
CWNU_95,0.3151,0.00717106781186548,0.97681,0.022230310216782987,1.11492817,0.0350718299999999,0.4901,0.00717106781186548,0.2076,0.00759999999999999,0.4201,0.0001,0.6351,0.0001,0.9076,0.0026
CWNU_98,0.81385,0.00902678553567853,2.522935,0.027983035160603444,2.896822835,0.153177165,1.1851,0.0352781181986757,0.5276,0.0026,1.1201,0.0001,1.6726,0.00260000000000006,2.3176,0.00259999999999995
CWNU_J0641+11,0.34135,0.00554862367942582,1.058185,0.017200733406220043,1.732143905,0.00785609499999995,0.50885,0.0125373429638328,0.0001,0.0001,0.1326,0.00760000000000001,0.3326,0.00760000000000001,0.6501,0.0201
CWWDL_10030,0.5551,0.0128475487839819,1.7208100000000002,0.039827401230343895,2.5,,0.72385,0.0022650635094611,0.1101,0.0651,0.5001,0.1351,0.8176,0.1876,1.2751,0.1851
CWWDL_10415,0.39885,0.0065951905283833,1.236435,0.02044509063798823,,,0.74885,0.0843151263135071,0.2226,0.0026,0.5576,0.0875999999999999,0.8776,0.1376,1.2876,0.142599999999999
CWWDL_10471,0.7476,0.00569016994374948,2.3175600000000003,0.017639526825623388,2.5728393,0.00716070000000002,1.0451,0.00876025403784439,0.2876,0.0226,0.7701,0.0501,1.2251,0.0801,1.8476,0.0876
CWWDL_10480,0.5726,0.00911387818865994,1.77506,0.028253022384845818,,,0.85385,0.0152554445662277,0.2826,0.00259999999999997,0.6451,0.0151,1.0351,0.0151,1.5126,0.0376
CWWDL_10495,0.48385,0.0109253175473055,1.499935,0.03386848439664705,1.53,,0.7776,0.0130903810567666,0.3126,0.00760000000000001,0.6576,0.0376,0.9476,0.0476,1.3851,0.0951
CWWDL_10553,0.61385,0.00554862367942585,1.902935,0.017200733406220133,2.11151387,0.07151387,0.9001,0.0001,0.3301,0.00510000000000001,0.7226,0.0226,1.0826,0.0326,1.6276,0.0226
CWWDL_10575,0.5126,0.0026,1.58906,0.00806,1.88229065,0.09770935,0.8001,0.00876025403784435,0.3101,0.00510000000000001,0.6526,0.00760000000000001,0.9751,0.0351,1.4276,0.0276000000000001
CWWDL_10585,0.45385,0.0380761438274083,1.406935,0.11803604586496574,1.68582539,0.02417461,0.5926,0.0302039864469807,0.3776,0.00760000000000001,0.6726,0.00760000000000001,0.8951,0.0201,1.3626,0.1076
CWWDL_10613,0.68885,0.0125373429638327,2.1354349999999998,0.03886576318788137,,,0.95635,0.0109253175473055,0.0826,0.0076,0.5526,0.0326,0.9976,0.0476,1.5676,0.0976000000000001
CWWDL_10782,0.3401,0.00363553390593272,1.05431,0.011270155108391433,1.2,,0.52635,0.00554862367942585,0.2476,0.0026,0.4526,0.0026,0.6676,0.0026,0.9901,0.0151
CWWDL_10831,0.20135,0.00424578098794424,0.624185,0.013161921062627143,0.64149247,0.04850753,0.33135,0.0022650635094611,0.1501,0.00510000000000001,0.2876,0.00759999999999998,0.4251,0.0101,0.6001,0.0251
CWWDL_10879,0.4701,0.0142421356237309,1.45731,0.04415062043356579,1.39936048,0.23063952,0.67385,0.0152554445662276,0.3126,0.0026,0.6101,0.0201,0.9276,0.0226,1.2976,0.0426000000000001
CWWDL_10920,0.14885,0.0022650635094611,0.46143500000000004,0.00702169687932941,0.39384902,0.28615098,0.24135,0.0114880419739304,0.1401,0.0001,0.2151,0.0101,0.3151,0.00510000000000001,0.4676,0.00259999999999997
CWWDL_11420,1.0401,0.01812775637732,3.22431,0.056196044769692,,,1.57635,0.0606573075689466,0.3201,0.0001,1.1526,0.00260000000000006,2.0526,0.1126,2.6976,0.0126
CWWDL_11599,0.05885,0.0022650635094611,0.182435,0.00702169687932941,2.162482745,0.022482745,0.85635,0.0022650635094611,0.2976,0.0476,0.4876,0.2276,0.7026,0.3676,1.0151,0.5551
CWWDL_11962,0.23635,0.00902678553567856,0.732685,0.027983035160603534,0.57,,0.36385,0.0580196641910153,0.0951,0.0001,0.2726,0.0026,0.3226,0.0975999999999999,0.6551,0.0201
CWWDL_11978,0.37385,0.0120242400177118,1.158935,0.03727514405490658,0.9654402,0.0645598,0.5451,0.00622372435695795,0.2376,0.00759999999999999,0.4551,0.0101,0.7026,0.0276,1.0626,0.0776
CWWDL_11991,0.19885,0.00424578098794424,0.6164350000000001,0.013161921062627143,,,0.3051,0.0001,0.1651,0.0001,0.2651,0.00510000000000001,0.3901,0.0101,0.6001,0.0301
CWWDL_12787,0.12385,0.0065951905283833,0.383935,0.02044509063798823,0.400319275,0.00031927499999998,0.2151,0.0087602540378444,0.1051,0.0051,0.1726,0.00259999999999999,0.2751,0.00510000000000001,0.3851,0.0101
CWWDL_12788,0.15385,0.00970143218483576,0.476935,0.03007443977299086,0.2,,0.2126,0.0115564392373896,0.1126,0.0026,0.1826,0.0226,0.2751,0.0350999999999999,0.4226,0.0326
CWWDL_12814,0.11385,0.0022650635094611,0.35293500000000005,0.00702169687932941,,,0.1726,0.00839156197588849,0.0976,0.0026,0.1426,0.0175999999999998,0.2251,0.0101,0.3301,0.0351000000000003
CWWDL_12836,0.1376,0.0083915619758885,0.42656,0.026013842125254354,,,0.1926,0.0161078105935821,0.1476,0.0026,0.1876,0.0176,0.2801,0.0350999999999999,0.4176,0.0626
CWWDL_13327,0.4951,0.0155110350074225,1.53481,0.04808420852300975,1.646743275,0.113256725,0.77635,0.0239156986040721,0.2876,0.0026,0.6326,0.0276,0.9751,0.0101,1.4026,0.0476
CWWDL_13362,0.2526,0.00569016994374948,0.78306,0.017639526825623388,0.78046045,0.12953955,0.4026,0.0333603367391252,0.1526,0.0326,0.3201,0.0201,0.3976,0.0426000000000004,0.7301,0.0301
CWWDL_13374,0.6301,0.0001,1.95331,0.00031,,,0.90385,0.051380478741915,0.3351,0.0401000000000002,0.7626,0.0326,1.2351,0.0851000000000001,1.6601,0.0400999999999999
CWWDL_13376,0.6351,0.00363553390593274,1.96881,0.011270155108391494,2.305708195,0.124291805,0.95135,0.0125373429638327,0.3376,0.0026,0.7776,0.0126,1.1926,0.0376,1.7226,0.0176
CWWDL_13462,0.4501,0.0307186217847897,1.39531,0.09522772753284807,4.387278545,0.0827214549999997,0.84885,0.0195855715851499,0.1476,0.0026,0.4951,0.0151,0.8126,0.0626,1.3101,0.0501000000000001
CWWDL_13483,0.2301,0.0255950975679642,0.71331,0.07934480246068902,2.79090208,0.16090208,0.54135,0.0022650635094611,0.3276,0.0026,0.5001,0.0201,0.7001,0.0751000000000007,0.9401,0.1201
CWWDL_13511,0.21635,0.0217145205822382,0.670685,0.06731501380493841,,,0.4476,0.00569016994374948,0.1201,0.0051,0.2776,0.00759999999999998,0.4351,0.0500999999999998,0.6576,0.0976000000000006
CWWDL_13519,0.5626,0.00911387818865994,1.74406,0.028253022384845818,2.004622745,0.034622745,0.8426,0.0193028643696715,0.2976,0.0026,0.6751,0.00510000000000001,1.0551,0.00510000000000001,1.5226,0.0176000000000001
CWWDL_13548,0.6201,0.0151,1.92231,0.046810000000000004,2.06437096,0.00437095999999992,0.9551,0.0204100960115899,0.3551,0.0351,0.7851,0.00510000000000001,1.2201,0.0501000000000001,1.7176,0.0176000000000001
CWWDL_13627,0.6251,0.0001,1.93781,0.00031,1.63,,0.93885,0.0109253175473054,0.3176,0.0376000000000002,0.7401,0.0101,1.1076,0.00260000000000006,1.6926,0.00260000000000006
CWWDL_13630,0.39285,0.0133358414919491,1.217835,0.041341108625042214,3.788167405,0.181832595,1.31135,0.0164458710382776,0.5216,0.0736000000000004,1.0276,0.2476,1.4651,0.415100000000001,1.9951,0.5951
CWWDL_13932,0.5626,0.0176,1.74406,0.054560000000000004,1.74304554,0.00695446,0.86385,0.0266459507269942,0.3801,0.0201,0.8101,0.0201,1.1851,0.0701,1.5951,0.1001
CWWDL_14099,0.08635,0.00659519052838329,0.267685,0.0204450906379882,,,0.1801,0.0146773797371132,0.0526,0.00760000000000002,0.1001,0.0051,0.2026,0.0375999999999999,0.2426,0.0326
CWWDL_2104,0.22135,0.027343118397129,0.686185,0.0847636670310999,1.13,,0.3151,0.0347410161513776,0.1901,0.0101,0.3126,0.0126,0.4576,0.0276,0.6101,0.0251
CWWDL_2109,0.22135,0.027343118397129,0.686185,0.0847636670310999,1.13,,0.3151,0.0347410161513776,0.1901,0.0101,0.3126,0.0126,0.4576,0.0276,0.6101,0.0251
CWWDL_2698,0.3101,0.0170558249578132,0.96131,0.052873057369220926,1.4,,0.5226,0.0327917420765551,0.1476,0.00759999999999999,0.3701,0.00510000000000001,0.6026,0.0176,0.8476,0.0576
CWWDL_2703,0.2751,0.00510000000000001,0.8528100000000001,0.015810000000000032,,,0.4151,0.0101,0.1901,0.00510000000000001,0.3476,0.0276,0.5476,0.0026,0.8026,0.00760000000000001
CWWDL_300,0.32135,0.0109253175473055,0.9961850000000001,0.03386848439664705,1.15,,0.45385,0.0022650635094611,0.1576,0.0276,0.3451,0.0601000000000003,0.5376,0.0826000000000004,0.8676,0.1276
CWWDL_3343,0.23635,0.0103316909648406,0.732685,0.03202824199100587,,,0.25135,0.0022650635094611,0.1326,0.0175999999999999,0.2476,0.0176,0.3901,0.0551,0.5801,0.0950999999999997
CWWDL_3655,0.2076,0.0161078105935821,0.64356,0.04993421284010451,1.28954628,0.02045372,0.39635,0.0195855715851499,0.3276,0.00760000000000001,0.4676,0.00259999999999997,0.6201,0.0201,0.8126,0.0426
CWWDL_3887,0.3651,0.0107066017177982,1.13181,0.033190465325174424,1.662754325,0.292754325000001,0.6051,0.0001,0.1751,0.00509999999999999,0.4101,0.00509999999999998,0.6526,0.0026,1.0301,0.00510000000000001
CWWDL_4199,0.2701,0.00622372435695795,0.83731,0.019293545506569646,1.67474566,0.16525434,0.45635,0.0205251682979602,0.0001,0.0001,0.1001,0.0250999999999999,0.2926,0.0276,0.5826,0.0675999999999999
CWWDL_444,0.02635,0.0192621371459449,0.081685,0.05971262515242919,2.192712695,0.117287305,0.27385,0.0022650635094611,0.1926,0.0026,0.2076,0.0276,0.2826,0.0726000000000001,0.4051,0.1101
CWWDL_4607,0.5176,0.00911387818865998,1.60456,0.02825302238484594,1.648628645,0.081371355,0.77135,0.0199037243971936,0.3751,0.0001,0.7451,0.0101,1.0826,0.0126,1.4951,0.0351
CWWDL_4726,0.2601,0.00622372435695795,0.80631,0.019293545506569646,,,0.42885,0.00902678553567857,0.2076,0.0026,0.3651,0.00510000000000001,0.5451,0.0101,0.7701,0.0201
CWWDL_5664,0.6251,0.0001,1.93781,0.00031,1.63,,0.93885,0.0109253175473054,0.3176,0.0376000000000002,0.7401,0.0101,1.1076,0.00260000000000006,1.6926,0.00260000000000006
CWWDL_6133,0.5376,0.0161078105935821,1.66656,0.04993421284010451,,,0.82635,0.0412362066797608,0.3026,0.0026,0.7226,0.0126,1.0451,0.0101,1.5501,0.0351
CWWDL_6156,0.4201,0.0123474487139159,1.3023099999999999,0.038277091013139294,1.359022395,0.0509776049999999,0.6501,0.0235520787991171,0.2526,0.0026,0.5251,0.0001,0.8351,0.0201,1.1476,0.0176000000000001
CWWDL_6160,0.2651,0.0188082869338697,0.82181,0.05830568949499607,0.895745265,0.144254735000001,0.39385,0.0125373429638327,0.2176,0.0026,0.3926,0.00760000000000001,0.5301,0.0151,0.7951,0.00510000000000001
CWWDL_6645,0.15135,0.0103316909648406,0.4691850000000001,0.03202824199100587,0.416692855,0.013307145,0.27385,0.0022650635094611,0.1476,0.0026,0.2501,0.0101,0.3551,0.0151,0.4801,0.0551
CWWDL_807,0.3601,0.0290395922569756,1.11631,0.09002273599662436,1.65,,0.58885,0.0152554445662277,0.0876,0.0026,0.3001,0.0101,0.5826,0.00760000000000001,1.0126,0.1426
CWWDL_826,0.3851,0.00363553390593274,1.19381,0.011270155108391494,1.573641455,0.0663585449999999,0.60885,0.0022650635094611,0.1601,0.0201,0.4051,0.0251,0.6376,0.0426,1.0276,0.0476
CWWDL_8403,0.6326,0.00911387818865998,1.9610600000000002,0.02825302238484594,,,0.9251,0.00876025403784435,0.2676,0.00760000000000001,0.6951,0.00510000000000001,1.1076,0.00260000000000006,1.6176,0.00759999999999995
CWWDL_8417,0.55385,0.0273431183971292,1.7169349999999999,0.08476366703110053,1.643742705,0.213742705000001,0.87385,0.0307950728945217,0.2976,0.0226,0.7376,0.0426,1.1301,0.0551000000000001,1.5326,0.1276
CWWDL_8449,0.71385,0.03276783586343,2.212935,0.10158029117663302,2.2,,1.08135,0.0152554445662277,0.3151,0.0301,0.8601,0.0101,1.3326,0.0526,1.8926,0.0476
CWWDL_8467,0.4201,0.0123474487139159,1.3023099999999999,0.038277091013139294,1.359022395,0.0509776049999999,0.6501,0.0235520787991171,0.2526,0.0026,0.5251,0.0001,0.8351,0.0201,1.1476,0.0176000000000001
CWWDL_8493,0.6051,0.014242135623731,1.87581,0.0441506204335661,,,0.89635,0.0282458256229942,0.2701,0.0001,0.6726,0.0276,1.1151,0.0101,1.5726,0.0476000000000001
CWWDL_8509,0.6801,0.0290395922569755,2.1083100000000004,0.09002273599662405,2.371635925,0.101635925,0.9326,0.0217506350946109,0.2651,0.0300999999999997,0.7026,0.0626,1.2426,0.1226,1.6476,0.0876
CWWDL_8551,0.3276,0.00839156197588851,1.01556,0.02601384212525438,1.148188665,0.251811335,0.52635,0.00902678553567857,0.2326,0.00259999999999999,0.4526,0.00760000000000001,0.6801,0.0101,0.9551,0.0301
CWWDL_8747,0.19885,0.0022650635094611,0.6164350000000001,0.00702169687932941,,,0.4026,0.0310232921921325,0.1076,0.0076,0.2576,0.0325999999999999,0.4126,0.0676000000000001,0.6351,0.0700999999999997
CWWDL_8761,0.33635,0.00554862367942582,1.042685,0.017200733406220043,,,0.56135,0.00902678553567853,0.2751,0.0001,0.4976,0.00760000000000001,0.7276,0.0176,1.0301,0.0351
CWWDL_8822,0.28885,0.0114880419739304,0.895435,0.03561293011918425,,,0.3976,0.0249746859276655,0.1801,0.0001,0.3251,0.0401000000000002,0.4676,0.0426,0.7501,0.0701
CWWL_27,0.42135,0.00902678553567857,1.3061850000000002,0.02798303516060357,1.69226067,0.09773933,0.6451,0.0101,0.0076,0.0026,0.2426,0.00760000000000001,0.5376,0.0226,0.9326,0.0626
Cam_R1,0.61385,0.0109253175473055,1.902935,0.03386848439664705,1.38,,0.92135,0.0130301005409858,0.3826,0.0026,0.8376,0.00760000000000001,1.2576,0.0326,1.7426,0.00759999999999995
Camargo_240,0.2201,0.00510000000000001,0.68231,0.015810000000000032,1.134393785,0.065606215,0.38385,0.0109253175473055,0.1476,0.0026,0.3101,0.0001,0.4451,0.0101,0.6926,0.00759999999999995
Camargo_251,0.11135,0.0254414186658915,0.345185,0.07886839786426365,0.21316735,0.01683265,0.1751,0.00876025403784438,0.0651,0.0001,0.1426,0.0175999999999998,0.2126,0.0226,0.3926,0.0476000000000002
Camargo_286,0.1501,0.0107066017177982,0.46531000000000006,0.033190465325174424,2.768587625,0.061412375,0.4181,0.0225053565024081,0.0626,0.0026,0.1951,0.0401,0.2876,0.0176,0.5576,0.1176
Camargo_358,0.14135,0.00659519052838328,0.43818500000000005,0.02044509063798817,0.27242186,0.0275781399999997,0.2376,0.00443012701892219,0.1101,0.0001,0.1976,0.0026,0.2876,0.0026,0.4201,0.0201
Camargo_425,0.3851,0.012847548783982,1.19381,0.0398274012303442,1.74855504,0.04855504,0.75885,0.0065951905283833,0.0651,0.0651,0.3501,0.1051,0.6451,0.0951,1.1001,0.115099999999999
Camargo_604,0.51135,0.0315990079208854,1.585185,0.09795692455474475,2.263923485,0.146076515,0.7601,0.0001,0.1001,0.0051,0.4301,0.0301,0.7751,0.0401,1.3276,0.1676
Camargo_681,0.5026,0.0104077640640442,1.5580600000000002,0.032264068598537025,1.474887095,0.244887094999999,0.7701,0.0204100960115899,0.3626,0.0176,0.7501,0.0351,1.0701,0.0401,1.4601,0.1051
Camargo_695,0.4126,0.016493596310755,1.27906,0.051130148563340506,3.25024007,0.0402400700000001,0.71385,0.0933989147846853,0.0551,0.0251,0.3851,0.00510000000000001,0.6501,0.0251,1.0401,0.0151
Camargo_755,0.7076,0.00760000000000001,2.19356,0.023560000000000032,2.848927145,0.0410728550000001,1.06135,0.00902678553567853,0.1426,0.00259999999999999,0.6526,0.0176,1.1251,0.0201,1.7351,0.0400999999999999
Camargo_992,0.60885,0.0109253175473055,1.887435,0.03386848439664705,2.117451975,0.212548025,0.9401,0.0393109678533953,0.3076,0.0026,0.7401,0.0151,1.2126,0.0426,1.6726,0.0176
Carpenter_14,0.2626,0.00569016994374948,0.81406,0.017639526825623388,1.59240239,0.01759761,0.4376,0.00760000000000001,0.2101,0.0001,0.3876,0.00760000000000001,0.5676,0.0026,0.8001,0.0401
Carpenter_9,0.2726,0.0559457697592216,0.84506,0.17343188625358696,2.965632305,0.374367695000004,0.8701,0.0087602540378444,0.0126,0.0026,0.3176,0.0826000000000001,0.6476,0.2176,0.9151,0.3651
Casado_10,0.4976,0.00569016994374948,1.54256,0.017639526825623388,2.15558612,0.0355861200000001,0.72385,0.0022650635094611,0.2726,0.0126,0.5901,0.0201,0.8851,0.0501000000000001,1.3351,0.0401
Casado_12,0.5526,0.00839156197588851,1.71306,0.02601384212525438,1.925323395,0.115323395,0.84135,0.0325759526419164,0.1926,0.0126,0.6251,0.0501000000000001,0.9651,0.0400999999999999,1.4951,0.0451
Casado_18,0.3701,0.0224606797749979,1.14731,0.0696281073024935,3.023129705,0.143129705,0.78385,0.0256868618630734,0.0401,0.0051,0.3426,0.0226,0.6276,0.0526000000000001,1.0601,0.1051
Casado_19,0.55385,0.0114880419739304,1.7169349999999999,0.03561293011918425,2.18116679,0.0111667900000001,0.84885,0.00970143218483577,0.0901,0.0051,0.4676,0.0276,0.8451,0.0251,1.3376,0.0476
Casado_2,0.36135,0.0125373429638328,1.120185,0.03886576318788168,,,0.5826,0.0278263412660235,0.0426,0.0126,0.2576,0.0276,0.5601,0.0351,0.8776,0.0926000000000008
Casado_24,0.3576,0.0104077640640442,1.10856,0.032264068598537025,1.62584254,0.12415746,0.5676,0.00443012701892215,0.0426,0.0026,0.2676,0.0176,0.5451,0.0451,0.8801,0.0601
Casado_26,0.8151,0.0001,2.5268100000000002,0.00031,2.52799035,0.11200965,1.22135,0.0168238602003246,0.5351,0.00510000000000001,1.0951,0.00510000000000001,1.6501,0.0500999999999999,2.3001,0.0001
Casado_29,0.5001,0.0001,1.55031,0.00031,1.28,,0.7851,0.0174205080756888,0.2951,0.0101,0.6351,0.0201,0.9276,0.0126,1.4226,0.0276
Casado_34,0.30635,0.0022650635094611,0.9496850000000001,0.00702169687932941,1.6,,0.44135,0.0022650635094611,0.1426,0.00759999999999999,0.3051,0.0251,0.4976,0.0326,0.7751,0.0401
Casado_35,0.51635,0.0205251682979603,1.600685,0.06362802172367693,2.05,,0.7301,0.014242135623731,0.3101,0.0001,0.6226,0.00760000000000001,0.9926,0.0576,1.3901,0.0400999999999999
Casado_36,0.2301,0.00363553390593273,0.71331,0.011270155108391463,0.80595645,0.0940435499999998,0.38385,0.0022650635094611,0.1676,0.00759999999999999,0.3001,0.0001,0.4426,0.00760000000000001,0.6876,0.00259999999999995
Casado_4,0.22385,0.00554862367942585,0.693935,0.017200733406220133,0.68750289,0.20249711,0.32135,0.00554862367942585,0.1701,0.00509999999999999,0.3076,0.0126,0.4476,0.0126,0.6576,0.0226
Casado_44,0.1751,0.00363553390593273,0.54281,0.011270155108391463,0.43035151,0.07964849,0.2976,0.0109972473588517,0.1351,0.0001,0.2476,0.00760000000000001,0.3726,0.00760000000000001,0.5426,0.0126
Casado_46,0.5876,0.0176,1.82156,0.054560000000000004,2.074818545,0.334818545000001,0.8701,0.0201,0.0001,0.0001,0.3151,0.0451,0.7526,0.0776000000000007,1.2701,0.150100000000001
Casado_48,0.43885,0.00554862367942585,1.360435,0.017200733406220133,0.96,,0.68885,0.0042457809879442,0.0276,0.0026,0.3026,0.0376000000000002,0.5701,0.0600999999999995,1.0176,0.0476
Casado_49,0.2726,0.00569016994374948,0.84506,0.017639526825623388,0.912575655,0.067424345,0.44885,0.0152554445662277,0.1776,0.00759999999999999,0.3426,0.00759999999999998,0.5401,0.0201,0.7926,0.0026
Casado_50,0.77385,0.0130301005409858,2.3989350000000003,0.04039331167705598,3.501047655,0.161047655,1.19385,0.0125373429638327,0.2951,0.00510000000000001,0.8651,0.00510000000000001,1.4276,0.00760000000000006,2.0801,0.0151000000000001
Casado_51,0.11135,0.0404693881548879,0.345185,0.1254551032801525,2.74518183,0.0748181699999999,0.45385,0.0125373429638328,0.2301,0.0001,0.3201,0.0450999999999998,0.4776,0.0776000000000001,0.6351,0.1951
Casado_55,0.2301,0.0101,0.71331,0.03131,0.8999355,0.2600645,0.3301,0.0001,0.2126,0.0026,0.3326,0.0026,0.4776,0.0226,0.7001,0.0401
Casado_56,0.9526,0.0115564392373896,2.9530600000000002,0.03582496163590776,3.600519,0.100519,1.36635,0.0372441448952591,0.1826,0.0026,0.9026,0.0026,1.6001,0.0500999999999999,2.2801,0.0101
Casado_57,0.2801,0.00363553390593272,0.86831,0.011270155108391433,0.95,,0.4426,0.0044301270189222,0.2551,0.0001,0.4201,0.00510000000000001,0.5976,0.00760000000000001,0.8676,0.00760000000000001
Casado_58,0.5876,0.0176,1.82156,0.054560000000000004,2.074818545,0.334818545000001,0.8701,0.0201,0.0001,0.0001,0.3151,0.0451,0.7526,0.0776000000000007,1.2701,0.150100000000001
Casado_59,0.13385,0.0268803566070358,0.414935,0.08332910548181098,2.43490112,0.0,0.8701,0.00510000000000001,0.0776,0.0176,0.3051,0.1451,0.5101,0.2901,0.8326,0.4826
Casado_60,0.20635,0.0382403657559809,0.6396850000000001,0.1185451338435408,2.36257201,0.00742799000000005,0.6126,0.0176,0.0076,0.0076,0.2001,0.0301,0.3926,0.0926000000000001,0.6501,0.2101
Casado_61,0.49135,0.051744820650284,1.523185,0.1604089440158804,3.53124645,0.01875355,0.85385,0.0231149407994025,0.2576,0.0026,0.6701,0.0251,1.0076,0.117599999999999,1.4126,0.1376
Casado_7,0.56635,0.00659519052838324,1.7556850000000002,0.020445090637988043,2.3001458,0.4398542,0.8501,0.00876025403784439,0.3826,0.0026,0.7701,0.0101,1.1326,0.00260000000000006,1.5976,0.00759999999999995
Casado_70,0.45385,0.00970143218483577,1.406935,0.030074439772990885,1.90859436,0.17859436,0.7851,0.0347410161513776,0.2951,0.0151,0.6551,0.0351,0.9776,0.0026,1.4676,0.0276000000000001
Casado_8,0.2376,0.0026,0.73656,0.00806,0.861176755,0.061176755,0.40385,0.0022650635094611,0.2076,0.0026,0.3551,0.00510000000000001,0.5051,0.0151,0.7476,0.0276
Casado_82,0.43135,0.0109253175473055,1.337185,0.03386848439664705,1.48488426,0.13511574,0.7051,0.0347410161513775,0.2901,0.0001,0.6301,0.0501000000000001,0.9126,0.0426,1.3226,0.0826
Casado_9,0.4976,0.00569016994374948,1.54256,0.017639526825623388,2.15558612,0.0355861200000001,0.72385,0.0022650635094611,0.2726,0.0126,0.5901,0.0201,0.8851,0.0501000000000001,1.3351,0.0401
Cep_OB3,0.7826,0.0161078105935821,2.42606,0.04993421284010451,2.19,,1.19135,0.0438856997203425,0.7676,0.0026,1.3701,0.00510000000000001,1.9701,0.0400999999999999,2.5176,0.0326
Cep_R1,0.49885,0.00829679815537751,1.546435,0.025720074281670283,1.795638485,0.0443615150000001,0.7951,0.0267926956300783,0.4576,0.0026,0.8176,0.0026,1.1626,0.0276,1.5701,0.0551000000000001
Cir_R2,0.5976,0.0161078105935821,1.8525600000000002,0.04993421284010451,,,0.8901,0.0001,0.0726,0.0226,0.4851,0.0101,0.8801,0.0651,1.4626,0.0976000000000001
Collinder_104,0.3501,0.0184711730708738,1.08531,0.05726063651970878,0.86878663,0.19121337,0.5376,0.0202556443707464,0.2351,0.0001,0.4976,0.0026,0.7526,0.0026,1.0026,0.0426
Collinder_106,0.2351,0.00717106781186547,0.7288100000000001,0.02223031021678296,0.765931045,0.00593104499999997,0.3726,0.00760000000000001,0.1726,0.00259999999999999,0.3326,0.00760000000000001,0.5026,0.0026,0.7051,0.0101
Collinder_107,0.44385,0.00749509972887453,1.3759350000000001,0.023234809159511045,1.41521146,0.00478853999999995,0.6776,0.0249746859276655,0.3301,0.00510000000000001,0.6251,0.00510000000000001,0.9276,0.0226,1.2901,0.0201
Collinder_115,0.33885,0.00749509972887451,1.050435,0.023234809159510983,0.904850105,0.085149895,0.53385,0.0022650635094611,0.2301,0.00509999999999999,0.4476,0.00760000000000001,0.6576,0.0026,0.9626,0.0276
Collinder_121,0.02385,0.00749509972887452,0.073935,0.02323480915951101,0.34560416,0.18439584,0.08635,0.0125373429638327,0.0251,0.0001,0.0351,0.0101,0.0851,0.0151,0.1026,0.0326
Collinder_132,0.0301,0.0051,0.09331,0.01581,0.291423875,0.168576125,0.09635,0.0152554445662277,0.0126,0.0026,0.0426,0.0176,0.0826,0.0226,0.1226,0.0526
Collinder_135,0.0551,0.0051,0.17081000000000002,0.01581,0.3386984,0.2313016,0.1076,0.0044301270189222,0.0176,0.0026,0.0476,0.0026,0.0976,0.0026,0.1501,0.0251
Collinder_140,0.0501,0.0001,0.15531,0.00031,0.29256383,0.19743617,0.11135,0.00659519052838329,0.0126,0.0026,0.0451,0.0151,0.0851,0.0151,0.1451,0.0301
Collinder_185,0.1726,0.00569016994374947,0.53506,0.017639526825623357,0.6017889,0.0682110999999995,0.2876,0.0044301270189222,0.1401,0.0001,0.2451,0.0001,0.3726,0.0026,0.5176,0.0126
Collinder_197,0.11135,0.0254414186658915,0.345185,0.07886839786426365,0.21316735,0.01683265,0.1751,0.00876025403784438,0.0651,0.0001,0.1426,0.0175999999999998,0.2126,0.0226,0.3926,0.0476000000000002
Collinder_205,0.4751,0.0159113883008419,1.4728100000000002,0.04932530373260989,1.528015485,0.108015485,0.72885,0.02142340263654,0.2776,0.00759999999999998,0.6251,0.00510000000000001,0.9576,0.0126,1.2976,0.0426000000000001
Collinder_220,0.22385,0.00424578098794425,0.693935,0.013161921062627176,0.814242555,0.00424255499999998,0.3901,0.00717106781186548,0.1826,0.0026,0.3226,0.0026,0.4826,0.00760000000000001,0.6976,0.0176
Collinder_223,0.4001,0.0207155281280883,1.24031,0.06421813719707374,1.84569945,0.0743005499999999,0.6601,0.00510000000000001,0.0501,0.0101,0.2926,0.0126,0.5926,0.0476,1.0426,0.1076
Collinder_228,0.2076,0.0144614066163451,0.64356,0.04483036051066981,0.770347485,0.190347485,0.3951,0.00510000000000001,0.0076,0.0076,0.1026,0.0026,0.2726,0.0176,0.5651,0.0751000000000003
Collinder_232,0.38885,0.00970143218483577,1.205435,0.030074439772990885,1.28,,0.66385,0.00902678553567857,0.0526,0.00760000000000002,0.2951,0.0151,0.5926,0.0276,0.9926,0.0026
Collinder_261,0.2751,0.0184711730708738,0.8528100000000001,0.05726063651970878,1.22262999,0.01737001,0.3926,0.0226,0.2351,0.0001,0.4026,0.0126,0.5651,0.0401,0.8726,0.0676
Collinder_269,0.2126,0.00569016994374948,0.6590600000000001,0.017639526825623388,0.68697924,0.07302076,0.3376,0.00569016994374946,0.1601,0.0001,0.2876,0.00759999999999998,0.4301,0.0101,0.6276,0.00760000000000001
Collinder_271,0.35135,0.00424578098794425,1.089185,0.013161921062627176,1.30084864,0.0891513599999999,0.6051,0.0151,0.2251,0.0001,0.4776,0.0126,0.7101,0.0351,1.0676,0.0326000000000001
Collinder_272,0.4151,0.00945414346693485,1.28681,0.029307844747498035,1.396102305,0.033897695,0.6676,0.014461406616345,0.2551,0.0001,0.5401,0.00510000000000001,0.8301,0.0101,1.1901,0.0201
Collinder_277,0.25635,0.0139631706330118,0.7946850000000001,0.04328582896233658,0.844754745,0.255245255,0.33635,0.0065951905283833,0.1876,0.0026,0.3376,0.00759999999999998,0.4876,0.0226,0.7276,0.0576
Collinder_292,0.4151,0.00717106781186546,1.28681,0.022230310216782928,1.523016815,0.106983185,0.64385,0.0160589316685046,0.2776,0.0026,0.5626,0.00759999999999995,0.8376,0.0126,1.2026,0.0126000000000001
Collinder_307,0.7651,0.0184711730708739,2.37181,0.05726063651970909,2.71286826,0.00713174000000016,1.1476,0.0161078105935822,0.4651,0.00509999999999998,1.0126,0.0176,1.5551,0.0101,2.1801,0.0451000000000002
Collinder_333,0.6901,0.0270258240356725,2.13931,0.08378005451058475,5.02170746,0.31829254,1.10635,0.0152554445662276,0.4101,0.0101,1.0101,0.0251,1.5101,0.0701000000000001,2.0526,0.0975999999999999
Collinder_34,0.6051,0.0001,1.87581,0.00031,2.01,,0.9501,0.0174205080756887,0.2601,0.00510000000000001,0.6876,0.0126,1.0826,0.0126,1.6501,0.0101
Collinder_347,1.0871,0.0163634559672906,3.37001,0.05072671349860086,4.397813455,0.132186545,1.6776,0.0293617497767991,0.4611,0.0011,1.3601,0.0551000000000001,2.1576,0.1026,2.9401,0.1601
Collinder_350,0.30385,0.00970143218483577,0.9419350000000001,0.030074439772990885,1.35654974,0.14345026,0.44135,0.00902678553567857,0.2251,0.00510000000000001,0.4226,0.00760000000000001,0.6101,0.0101,0.8976,0.0426
Collinder_351,0.47135,0.0130301005409857,1.461185,0.04039331167705567,1.37,,0.73135,0.0152554445662277,0.3776,0.0026,0.7026,0.00760000000000001,1.0151,0.0101,1.3976,0.0576
Collinder_367,0.2926,0.0044301270189222,0.9070600000000001,0.01373339375865882,1.7269591,0.0630409000000001,0.54385,0.00424578098794425,0.1976,0.0026,0.3751,0.00510000000000001,0.5701,0.0251,0.8676,0.0526000000000001
Collinder_371,0.37385,0.0065951905283833,1.158935,0.02044509063798823,1.763546635,0.156453365,0.41385,0.00554862367942582,0.1276,0.0676,0.3026,0.1326,0.4826,0.2126,0.8501,0.2651
Collinder_394,0.2026,0.00569016994374947,0.6280600000000001,0.017639526825623357,0.78061569,0.15938431,0.3676,0.0109972473588517,0.1551,0.00510000000000001,0.3026,0.0176,0.4701,0.0351,0.6351,0.0501000000000001
Collinder_404,0.07135,0.0400022242487809,0.221185,0.1240068951712208,2.63106579,0.25106579,0.35885,0.0282458256229943,0.0001,0.0001,0.0026,0.0026,0.0501,0.0501,0.1676,0.1576
Collinder_419,0.3476,0.0176,1.07756,0.054560000000000004,2.18227869,0.19227869,0.5751,0.00510000000000001,0.3226,0.0026,0.5626,0.0176,0.7851,0.0451,1.0826,0.0726
Collinder_421,0.32885,0.0233849200127465,1.0194349999999999,0.07249325203951415,,,0.42135,0.0398452827389616,0.2926,0.0126,0.4726,0.0276,0.6626,0.0376,0.9751,0.1251
Collinder_463,0.29135,0.00902678553567855,0.903185,0.02798303516060351,1.1240627,0.0259372999999999,0.4251,0.00717106781186548,0.2326,0.00259999999999999,0.4276,0.0026,0.5901,0.0101,0.8351,0.0151
Collinder_469,0.3651,0.00945414346693486,1.13181,0.02930784474749807,2.481834835,0.408165165000001,0.6026,0.0130903810567666,0.2176,0.0026,0.4526,0.0126,0.7276,0.0176,1.0651,0.0301
Collinder_470,0.17385,0.0125373429638327,0.538935,0.03886576318788137,2.087833345,0.102166655,0.2976,0.0026,0.1351,0.0250999999999999,0.2576,0.0176,0.4101,0.0001,0.5726,0.00760000000000001
Collinder_68,0.3551,0.0101,1.10081,0.03131,2.65,,0.5976,0.0193028643696715,0.2001,0.0101,0.4551,0.0101,0.6751,0.0301,1.0001,0.0751
Collinder_69,0.0551,0.0260807621135332,0.17081000000000002,0.08085036255195292,0.63310087,0.21689913,0.1901,0.0146773797371133,0.0276,0.0226,0.0751,0.0651,0.2001,0.0101,0.2301,0.1101
Collinder_74,0.2651,0.0216058131676066,0.82181,0.06697802081958046,1.326397065,0.256397064999999,0.45135,0.0125373429638328,0.2326,0.00259999999999999,0.4176,0.0026,0.5801,0.0101,0.8176,0.0576
Collinder_84,0.42135,0.0344465791600852,1.3061850000000002,0.10678439539626412,1.60982876,0.12017124,0.7301,0.0520615242270663,0.1201,0.0101,0.4676,0.0876,0.8451,0.00510000000000001,1.2351,0.0851000000000001
Collinder_89,0.5201,0.0307186217847897,1.6123100000000001,0.09522772753284807,2.038953905,0.278953904999999,0.8351,0.0323102468168128,0.1751,0.0001,0.5226,0.0026,0.9576,0.0126,1.3826,0.0276
Collinder_95,0.18635,0.0788698387709408,0.577685,0.24449650018991648,1.521923145,0.208076855000001,0.4601,0.0001,0.2076,0.0026,0.4051,0.0151,0.4151,0.2051,0.6001,0.2851
Czernik_1,0.68135,0.0144069039278245,2.112185,0.04466140217625595,2.28794121,0.0579412100000001,0.9526,0.0304108891324553,0.2276,0.0876,0.6751,0.1351,1.2076,0.0875999999999999,1.6726,0.1976
Czernik_10,0.75385,0.0144069039278245,2.336935,0.04466140217625595,2.878985815,0.148985815,1.1401,0.0248487373415292,0.0876,0.0026,0.6551,0.00510000000000001,1.1901,0.0151,1.7726,0.0276
Czernik_12,0.3776,0.0176,1.17056,0.054560000000000004,1.184452545,0.155547455,0.4676,0.0226,0.3276,0.0176,0.5476,0.00760000000000001,0.7526,0.0326,1.0901,0.0901
Czernik_13,0.57635,0.00902678553567857,1.786685,0.02798303516060357,2.01939096,0.15060904,0.88135,0.00970143218483577,0.2451,0.00510000000000001,0.6426,0.0026,1.0251,0.0201,1.5351,0.0101
Czernik_14,0.90635,0.0208289049397213,2.809685,0.06456960531313603,2.756970125,0.0969701249999999,1.36135,0.0342641259217911,0.5651,0.0201,1.3026,0.00259999999999995,2.0076,0.0176,2.5951,0.0600999999999998
Czernik_15,0.7601,0.00945414346693486,2.35631,0.02930784474749807,2.56341043,0.00341042999999996,1.10135,0.0195855715851498,0.3526,0.0026,0.8951,0.00510000000000001,1.3976,0.00259999999999995,2.0076,0.0176
Czernik_19,0.6126,0.0026,1.8990600000000002,0.00806,2.00534214,0.14465786,0.99135,0.0355215682882619,0.3476,0.00759999999999998,0.8576,0.107600000000001,1.2511,0.129100000000001,1.8251,0.1501
Czernik_2,0.55135,0.0175553000547112,1.7091850000000002,0.05442143016960472,1.708655405,0.021344595,0.8326,0.0193028643696715,0.3776,0.0026,0.7826,0.0176,1.1451,0.0151,1.5676,0.0725999999999999
Czernik_20,0.4776,0.00911387818865996,1.48056,0.028253022384845877,1.785652625,0.314347375000001,0.7451,0.0245948974278318,0.2901,0.00510000000000001,0.5926,0.0176,0.9551,0.0151,1.3701,0.0251
Czernik_21,0.4351,0.0146773797371133,1.34881,0.04549987718505123,1.28359595,0.09640405,0.67385,0.0199037243971935,0.2876,0.00759999999999998,0.5701,0.0151,0.8926,0.0176,1.2201,0.0350999999999999
Czernik_23,0.16185,0.0512779982023526,0.501735,0.15896179442729305,1.635420415,0.125420415,0.3626,0.0344693177121688,0.0001,0.0001,0.0951,0.0001,0.1801,0.0101,0.3446,0.1506
Czernik_25,0.09385,0.00659519052838329,0.290935,0.0204450906379882,1.394926495,0.185073505,0.2801,0.0001,0.3576,0.0026,0.4151,0.0251,0.5101,0.0401,0.6451,0.0750999999999996
Czernik_27,0.1351,0.0001,0.41881,0.00031,0.628043825,0.511956175,0.2401,0.0001,0.1651,0.00510000000000001,0.2376,0.0026,0.3176,0.0126,0.4891,0.00910000000000001
Czernik_29,0.44885,0.00424578098794425,1.3914350000000002,0.013161921062627176,1.52129002,0.198709980000001,1.0151,0.0001,0.6201,0.3951,0.9326,0.4176,1.2551,0.4651,1.7826,0.5826
Czernik_3,0.6076,0.0104077640640442,1.8835600000000001,0.032264068598537025,2.564447465,0.0544474650000002,0.8976,0.0044301270189222,0.0151,0.0151,0.4176,0.0276,0.8301,0.0501,1.3601,0.0701
Czernik_30,0.2526,0.0044301270189222,0.78306,0.01373339375865882,0.85,,0.3801,0.00363553390593274,0.1701,0.00509999999999999,0.3126,0.00760000000000001,0.4676,0.0126,0.6951,0.0101
Czernik_31,0.47635,0.0273431183971292,1.476685,0.08476366703110053,2.88,,0.5526,0.31625858362537,0.1176,0.1176,0.5451,0.00510000000000001,0.8626,0.0026,1.1776,0.0926
Czernik_32,0.17885,0.018933148966649,0.554435,0.058692761796611904,2.13,,0.4176,0.0226,0.2451,0.0101,0.3776,0.0226,0.4926,0.0376,0.7751,0.0701
Czernik_37,0.2701,0.0177776695296637,0.83731,0.05511077554195747,3.511883125,0.458116875000002,0.57885,0.0065951905283833,0.3876,0.0026,0.5951,0.0201,0.8101,0.0651,1.1126,0.0876
Czernik_39,0.7601,0.00717106781186548,2.35631,0.022230310216782987,2.55551538,0.00448461999999994,1.05135,0.00659519052838333,0.3576,0.00760000000000001,0.8701,0.0351,1.3326,0.0526,1.9326,0.0526000000000001
Czernik_4,0.52635,0.00902678553567857,1.631685,0.02798303516060357,1.624469635,0.00446963499999997,0.8026,0.0109972473588516,0.3001,0.00510000000000001,0.6501,0.0101,1.0001,0.0101,1.4451,0.0151
Czernik_40,0.64135,0.0239156986040721,1.988185,0.07413866567262352,2.168458185,0.251541815,0.96135,0.0412362066797608,0.3826,0.0126,0.8476,0.00760000000000001,1.3151,0.0551000000000001,1.8101,0.0151
Czernik_41,0.7101,0.0326960120260132,2.20131,0.10135763728064093,4.86032974,0.12032974,1.15885,0.0225652509445142,0.6201,0.0001,1.2226,0.0426,1.7251,0.0751000000000001,2.3151,0.1251
Czernik_43,0.5476,0.00911387818865998,1.69756,0.02825302238484594,2.030482645,0.149517355,0.83885,0.0164458710382775,0.2476,0.0026,0.6151,0.00510000000000001,1.0001,0.00509999999999995,1.4626,0.0176
Czernik_44,0.3701,0.0224606797749979,1.14731,0.0696281073024935,3.023129705,0.143129705,0.78385,0.0256868618630734,0.0401,0.0051,0.3426,0.0226,0.6276,0.0526000000000001,1.0601,0.1051
Czernik_45,0.1876,0.0176,0.58156,0.054560000000000004,2.51,,0.5426,0.0026,0.1326,0.0026,0.2951,0.0350999999999999,0.4826,0.1076,0.7301,0.1451
Czernik_5,0.6326,0.00911387818865998,1.9610600000000002,0.02825302238484594,,,0.9251,0.00876025403784435,0.2676,0.00760000000000001,0.6951,0.00510000000000001,1.1076,0.00260000000000006,1.6176,0.00759999999999995
Czernik_6,0.4951,0.0001,1.53481,0.00031,1.641394255,0.0386057449999999,0.7526,0.0130903810567666,0.2776,0.00759999999999998,0.6151,0.0201,0.9051,0.0151,1.3676,0.0276
Czernik_8,0.6801,0.0290395922569755,2.1083100000000004,0.09002273599662405,2.371635925,0.101635925,0.9326,0.0217506350946109,0.2651,0.0300999999999997,0.7026,0.0626,1.2426,0.1226,1.6476,0.0876
Czernik_9,0.75385,0.0144069039278245,2.336935,0.04466140217625595,2.878985815,0.148985815,1.1401,0.0248487373415292,0.0876,0.0026,0.6551,0.00510000000000001,1.1901,0.0151,1.7726,0.0276
DBSB_114,0.4801,0.0213132034355964,1.48831,0.06607093065034884,3.7,,0.7451,0.0174205080756888,0.1751,0.0201000000000002,0.5076,0.0476,0.9001,0.0751,1.3351,0.1251
DBSB_18,0.4376,0.021750635094611,1.35656,0.0674269687932941,1.54952448,0.13047552,0.64635,0.0152554445662277,0.2976,0.00760000000000001,0.6176,0.0176,0.8776,0.0226,1.2851,0.0301
DBSB_19,0.19635,0.0175553000547112,0.608685,0.05442143016960472,2.19612945,0.806129450000001,0.3076,0.0109972473588517,0.0326,0.0026,0.1176,0.0126,0.2426,0.0326,0.5276,0.1126
DBSB_3,0.40885,0.0109253175473055,1.267435,0.03386848439664705,1.39527125,0.18527125,0.65385,0.0109253175473055,0.1826,0.0026,0.4551,0.0151,0.7351,0.0101,1.1201,0.0100999999999999
DBSB_39,0.4576,0.0109972473588517,1.41856,0.03409146681244027,1.42101523,0.18101523,0.70135,0.0195855715851499,0.2301,0.0001,0.5201,0.0201,0.8526,0.0126,1.2251,0.0351
DBSB_43,0.5526,0.0196256241897666,1.71306,0.06083943498827646,2.272787315,0.182787315,0.6651,0.153926200629152,0.0001,0.0001,0.2176,0.0626,0.6476,0.0776000000000003,1.1076,0.132600000000001
DBSB_45,0.0001,0.0001,0.00031,0.00031,,,0.55135,0.0109253175473054,0.2276,0.00759999999999999,0.3051,0.1101,0.4526,0.1926,0.6476,0.3126
DBSB_57,0.1451,0.00363553390593273,0.44981000000000004,0.011270155108391463,0.445682685,0.00568268499999999,0.2551,0.00363553390593274,0.1351,0.0001,0.2176,0.0026,0.3201,0.0001,0.4701,0.00509999999999998
DBSB_6,0.28385,0.0120242400177118,0.879935,0.03727514405490658,1.069322255,0.00932225499999995,0.56135,0.0182572988079174,0.2101,0.00510000000000001,0.4501,0.0401,0.6651,0.0900999999999997,0.9351,0.140099999999999
DBSB_68,0.29385,0.0144069039278245,0.910935,0.04466140217625595,3.17,,0.5651,0.0001,0.1626,0.0225999999999999,0.3651,0.0101,0.6001,0.0101,0.9301,0.0101
DBSB_71,0.23635,0.00970143218483576,0.732685,0.03007443977299086,0.94501254,0.0,0.37885,0.0205251682979603,0.1701,0.0001,0.3301,0.0001,0.4651,0.0151,0.7026,0.0126
DBSB_80,0.39635,0.0132029576813787,1.228685,0.04092916881227397,3.35595242,0.15595242,0.82385,0.153819509171738,0.3211,0.0440999999999999,0.4586,0.0036,0.8151,0.00509999999999995,1.2376,0.00259999999999995
DBSB_89,0.81635,0.0148372826531895,2.530685,0.04599557622488745,2.774328505,0.204328505,1.23385,0.0109253175473054,0.3026,0.0026,0.9101,0.00510000000000001,1.4776,0.0376,2.1601,0.00510000000000012
DC_2,0.27385,0.00554862367942585,0.848935,0.017200733406220133,4.70399277,0.10399277,0.37135,0.0256868618630734,0.2326,0.00259999999999999,0.3876,0.0226,0.5501,0.0401,0.7826,0.0576
DC_4,0.0851,0.0001,0.26381,0.00031,0.255593915,0.114406085,0.13885,0.0022650635094611,0.0401,0.0051,0.0826,0.0076,0.1426,0.00759999999999999,0.2226,0.00760000000000001
Desvoivres_2,0.4276,0.00911387818865998,1.32556,0.02825302238484594,1.347841225,0.072158775,0.6776,0.0109972473588517,0.3351,0.0251,0.6251,0.0201,0.9051,0.0101,1.2801,0.0450999999999999
Dias_1,0.67135,0.0182572988079175,2.081185,0.05659762630454425,2.36551877,0.07551877,0.9576,0.0130903810567666,0.1801,0.0101,0.6601,0.0501,1.0951,0.0350999999999999,1.6351,0.0751
Dias_100,0.54635,0.00902678553567857,1.693685,0.02798303516060357,2.22139251,0.02860749,0.8376,0.00760000000000001,0.1051,0.0051,0.4676,0.0126,0.8376,0.0226,1.3151,0.0301
Dias_101,0.82135,0.0404693881548879,2.5461850000000004,0.1254551032801525,3.180022385,0.130022385,1.2426,0.0130903810567666,0.1401,0.0151,0.7751,0.0351,1.4176,0.0826,1.9691,0.0911000000000001
Dias_102,0.3826,0.0161078105935821,1.1860600000000001,0.04993421284010451,1.935040675,0.0150406750000001,0.57885,0.0195855715851498,0.4351,0.00510000000000001,0.7001,0.0001,0.9276,0.0026,1.2426,0.0376
Dias_103,0.5251,0.0087602540378444,1.62781,0.027156787517317642,1.733346065,0.056653935,0.7601,0.0151,0.3051,0.00510000000000001,0.6451,0.0101,0.9851,0.0201,1.4326,0.00260000000000006
Dias_107,0.5851,0.00622372435695795,1.81381,0.019293545506569646,1.521786165,0.251786165,0.9126,0.0109972473588517,0.2726,0.0226,0.6801,0.0401,1.0651,0.0351,1.5826,0.0526
Dias_108,0.67135,0.00902678553567857,2.081185,0.02798303516060357,2.054626375,0.255373625000003,0.97635,0.0022650635094611,0.4151,0.00510000000000001,0.8601,0.0151,1.2951,0.0351,1.8726,0.0526
Dias_109,0.3976,0.00911387818865996,1.23256,0.028253022384845877,1.554795025,0.00520497500000006,0.6051,0.0001,0.2326,0.00259999999999999,0.4651,0.0151,0.7226,0.0376,1.0926,0.0326
Dias_110,0.23885,0.00424578098794425,0.7404350000000001,0.013161921062627176,0.624907595,0.00490759499999999,0.3701,0.0001,0.1326,0.0026,0.2576,0.0026,0.4126,0.0226,0.6426,0.0176
Dias_111,0.67885,0.0231149407994024,2.104435,0.07165631647814744,2.91842191,0.318421909999999,1.1026,0.0217506350946109,0.3351,0.00510000000000001,0.8051,0.0151,1.3526,0.0126,1.9626,0.0826
Dias_113,0.47385,0.0211282548015759,1.468935,0.06549758988488528,2.313402735,0.486597265,0.7926,0.0109972473588517,0.2676,0.00760000000000001,0.6076,0.0126,0.9626,0.0026,1.3651,0.0501000000000001
Dias_114,0.40635,0.0199037243971936,1.259685,0.061701545631300155,1.344317165,0.474317165,0.5301,0.0204100960115899,0.2251,0.0201,0.4826,0.00760000000000001,0.6876,0.0376,1.1051,0.0901000000000001
Dias_116,0.17135,0.00424578098794424,0.531185,0.013161921062627143,0.67,,0.28635,0.0022650635094611,0.1751,0.0001,0.2701,0.0001,0.3851,0.00510000000000001,0.5526,0.0026
Dias_117,0.5876,0.0176,1.82156,0.054560000000000004,2.074818545,0.334818545000001,0.8701,0.0201,0.0001,0.0001,0.3151,0.0451,0.7526,0.0776000000000007,1.2701,0.150100000000001
Dias_120,0.2126,0.0026,0.6590600000000001,0.00806,0.777150665,0.047150665,0.34135,0.00226506350946107,0.1726,0.00259999999999999,0.3101,0.00510000000000001,0.4551,0.00510000000000001,0.6526,0.00760000000000001
Dias_122,0.39385,0.0211282548015759,1.2209349999999999,0.06549758988488528,2.431102505,0.0488974950000001,0.65385,0.0109253175473055,0.4751,0.0001,0.7776,0.0226,1.0351,0.0451,1.3876,0.0726
Dias_123,0.27435,0.00448035386698381,0.8504849999999999,0.013889096987649811,2.981738005,0.0882619949999999,1.05385,0.0338962645864894,0.3351,0.0901000000000001,0.6911,0.2341,1.0926,0.3626,1.5051,0.4701
Dias_126,0.15135,0.00554862367942585,0.4691850000000001,0.017200733406220133,0.35260244,0.18739756,0.19635,0.0022650635094611,0.1051,0.0001,0.1876,0.0126,0.2776,0.0126,0.4001,0.0301
Dias_127,0.13385,0.00424578098794425,0.414935,0.013161921062627176,0.630730485,0.359269515,0.2301,0.00509999999999999,0.0926,0.0026,0.1726,0.00259999999999999,0.2651,0.0101,0.4076,0.0126
Dias_128,0.28385,0.0152554445662277,0.879935,0.047291878155305875,0.904569105,0.125430895,0.33885,0.00970143218483574,0.2101,0.0001,0.3651,0.0301,0.5351,0.0501,0.7776,0.102599999999999
Dias_129,0.33385,0.0109253175473055,1.034935,0.03386848439664705,1.056108865,0.103891135,0.5176,0.00839156197588851,0.2326,0.00259999999999999,0.4426,0.0026,0.6576,0.0026,0.9501,0.0301
Dias_131,0.2776,0.00911387818865996,0.8605600000000001,0.028253022384845877,0.569983515,0.349983515,0.46635,0.0164458710382775,0.1951,0.0001,0.3901,0.0151,0.5901,0.0301,0.8176,0.0576
Dias_136,0.31385,0.00424578098794425,0.9729350000000001,0.013161921062627176,1.3,,0.5576,0.00911387818865994,0.2301,0.0151,0.4451,0.0301,0.6676,0.0426,0.9751,0.0551
Dias_137,0.02635,0.00902678553567856,0.081685,0.027983035160603534,0.179314525,0.040685475,0.08385,0.00659519052838329,0.0126,0.0126,0.0451,0.0201,0.0651,0.0101,0.0976,0.0576
Dias_138,0.3101,0.00363553390593274,0.96131,0.011270155108391494,1.053754315,0.106245685,0.51635,0.0065951905283833,0.1551,0.00510000000000001,0.3526,0.0126,0.5476,0.00760000000000001,0.8576,0.0276
Dias_139,0.2001,0.00363553390593273,0.62031,0.011270155108391463,0.8,,0.32385,0.0065951905283833,0.1351,0.00510000000000001,0.2576,0.00760000000000001,0.3851,0.00510000000000001,0.5776,0.00760000000000001
Dias_140,0.33635,0.00554862367942582,1.042685,0.017200733406220043,0.786623995,0.166623995,0.5026,0.0044301270189222,0.1976,0.00759999999999999,0.4076,0.00259999999999997,0.6276,0.0026,0.9126,0.0026
Dias_142,0.0801,0.00363553390593274,0.24831000000000003,0.011270155108391494,0.252730145,0.00726985500000001,0.1526,0.0083915619758885,0.0551,0.0001,0.0976,0.0026,0.1751,0.0101,0.2601,0.0151
Dias_145,0.32385,0.0139631706330118,1.003935,0.04328582896233658,3.54761505,0.20238495,0.62635,0.0152554445662277,0.4076,0.0126,0.6551,0.0251,0.8951,0.0251,1.2401,0.0751
Dias_148,0.43385,0.0293350389088162,1.344935,0.09093862061733023,3.18504433,0.22504433,0.8451,0.0146773797371133,0.2701,0.00510000000000001,0.6276,0.0276,0.9451,0.0801,1.3576,0.152600000000001
Dias_149,0.39885,0.0065951905283833,1.236435,0.02044509063798823,,,0.74885,0.0843151263135071,0.2226,0.0026,0.5576,0.0875999999999999,0.8776,0.1376,1.2876,0.142599999999999
Dias_151,0.21885,0.00424578098794425,0.678435,0.013161921062627176,0.78207263,0.01207263,0.3576,0.00760000000000001,0.1551,0.0001,0.3051,0.0101,0.4551,0.0101,0.6476,0.0276
Dias_154,0.0976,0.00443012701892219,0.30256000000000005,0.01373339375865879,0.316855125,0.103144875,0.1701,0.0001,0.0526,0.00760000000000002,0.1176,0.0076,0.1826,0.0176,0.2776,0.0226
Dias_158,0.21635,0.00554862367942585,0.670685,0.017200733406220133,0.694666475,0.025333525,0.3526,0.00759999999999998,0.1351,0.0001,0.2851,0.00509999999999998,0.4476,0.0026,0.6376,0.00760000000000001
Dias_159,0.29885,0.00749509972887453,0.926435,0.023234809159511045,0.905468035,0.384531965,0.4751,0.0204100960115899,0.1926,0.00760000000000001,0.3926,0.00760000000000001,0.5926,0.0026,0.8576,0.0276
Dias_16,0.09635,0.00749509972887452,0.29868500000000003,0.02323480915951101,2.220894805,0.00910519500000007,0.9851,0.00876025403784439,0.3151,0.0600999999999999,0.5826,0.2776,0.8451,0.4101,1.1851,0.6651
Dias_162,0.3976,0.00911387818865996,1.23256,0.028253022384845877,2.0,,0.6226,0.0259602010819715,0.1826,0.0026,0.4476,0.0026,0.7251,0.0251,1.0576,0.00260000000000006
Dias_164,0.36385,0.0065951905283833,1.1279350000000001,0.02044509063798823,1.12266222,0.07733778,0.5676,0.0130903810567665,0.2651,0.0001,0.5126,0.00760000000000001,0.7351,0.0151,1.0651,0.0301
Dias_166,0.67135,0.0325759526419164,2.081185,0.10098545318994084,2.123018825,0.056981175,0.82635,0.200953646967139,0.4476,0.0026,0.9301,0.0251,1.1201,0.2751,1.9301,0.0600999999999999
Dias_168,0.41385,0.00554862367942582,1.282935,0.017200733406220043,1.271161525,0.341161525,0.6701,0.0174205080756887,0.2751,0.0001,0.5476,0.0026,0.8326,0.0226,1.2051,0.0001
Dias_19,0.1751,0.00622372435695794,0.54281,0.019293545506569615,0.75,,0.29135,0.0130301005409857,0.1251,0.00510000000000001,0.2526,0.0226,0.3326,0.0026,0.5376,0.0126
Dias_2,0.28385,0.00424578098794423,0.879935,0.013161921062627114,0.73838773,0.10161227,0.4551,0.00717106781186548,0.2176,0.0026,0.3951,0.00510000000000001,0.5801,0.0101,0.8351,0.0201
Dias_23,0.2901,0.00363553390593274,0.89931,0.011270155108391494,0.87453085,0.125469150000001,0.4401,0.0001,0.1501,0.0101,0.3126,0.0276,0.4901,0.0451,0.7751,0.0451
Dias_29,0.38885,0.0179097585609688,1.205435,0.055520251539003286,1.435269815,0.344730185,0.7226,0.0226,0.3451,0.00509999999999998,0.6576,0.0426,0.9526,0.0376,1.3026,0.142600000000001
Dias_31,0.21135,0.0160589316685046,0.655185,0.04978268817236427,0.9859383,0.1740617,0.37385,0.0139631706330118,0.1751,0.0101,0.3476,0.0425999999999998,0.4676,0.0525999999999999,0.7401,0.0301
Dias_40,1.12635,0.0333368395007708,3.491685,0.10334420245238948,3.4,,1.60635,0.0369060796608386,0.3601,0.0001,1.2526,0.0626,2.1626,0.00259999999999995,2.8951,0.1151
Dias_42,0.2026,0.0594190525885234,0.6280600000000001,0.18419906302442254,1.53323123,0.03676877,0.51385,0.0168238602003246,0.3376,0.0026,0.5126,0.0176,0.5601,0.1251,0.9501,0.1001
Dias_43,0.1951,0.00363553390593274,0.60481,0.011270155108391494,0.81406741,0.15593259,0.33135,0.0022650635094611,0.1601,0.0101,0.2751,0.0101,0.3951,0.00510000000000001,0.6026,0.0126
Dias_44,0.3126,0.0179535710713571,0.96906,0.05565607032120701,1.16360637,0.11360637,0.4876,0.0226,0.2451,0.0151,0.4676,0.0126,0.7201,0.00510000000000001,0.9776,0.0376
Dias_45,0.00135,0.0022650635094611,0.004185,0.00702169687932941,2.25,,0.15135,0.0160589316685046,0.0051,0.0051,0.0001,0.0001,0.0301,0.0151,0.1026,0.0376
Dias_46,0.23885,0.00554862367942584,0.7404350000000001,0.017200733406220105,0.724413125,0.00441312500000002,0.3651,0.0087602540378444,0.1976,0.0026,0.3601,0.0001,0.5001,0.00510000000000001,0.7101,0.0201
Dias_47,0.27135,0.00970143218483577,0.841185,0.030074439772990885,1.310693555,0.179306445,0.43135,0.0301780235387899,0.2526,0.0026,0.4301,0.0001,0.5901,0.0151,0.8426,0.0176
Dias_49,0.2651,0.00622372435695795,0.82181,0.019293545506569646,1.08781595,0.0621840499999999,0.4601,0.00363553390593274,0.1976,0.0026,0.3626,0.00760000000000001,0.5476,0.00760000000000001,0.8076,0.0226
Dias_51,0.4676,0.0115564392373896,1.4495600000000002,0.03582496163590776,1.860968965,0.179031035,0.7126,0.0130903810567666,0.2951,0.0101,0.6026,0.0176,0.9026,0.0426,1.3276,0.0226000000000001
Dias_53,0.28385,0.0315990079208855,0.879935,0.09795692455474504,3.19720723,0.0372072299999999,0.81385,0.0369060796608386,0.1226,0.0076,0.4226,0.0876000000000002,0.6626,0.1576,1.0501,0.2951
Dias_54,0.6601,0.0303076149339864,2.04631,0.09395360629535784,2.23773988,0.06773988,1.0051,0.0323102468168128,0.4566,0.0136,1.0801,0.0500999999999999,1.5351,0.0001,1.9051,0.1251
Dias_55,0.26635,0.0065951905283833,0.825685,0.02044509063798823,1.092808895,0.387191105,0.40385,0.00554862367942583,0.2101,0.0001,0.3726,0.0026,0.5201,0.00510000000000001,0.7801,0.0001
Dias_56,0.29885,0.0065951905283833,0.926435,0.02044509063798823,1.391059235,0.078940765,0.49635,0.00554862367942585,0.2601,0.00510000000000001,0.4751,0.0151,0.6826,0.0226,0.9376,0.0476
Dias_57,0.39885,0.0065951905283833,1.236435,0.02044509063798823,,,0.74885,0.0843151263135071,0.2226,0.0026,0.5576,0.0875999999999999,0.8776,0.1376,1.2876,0.142599999999999
Dias_58,0.72135,0.0125373429638328,2.2361850000000003,0.03886576318788168,2.63330563,0.03669437,1.0476,0.021750635094611,0.2426,0.00760000000000001,0.8026,0.0026,1.2251,0.0101,1.8701,0.0100999999999999
Dias_6,0.5276,0.0297858552175948,1.63556,0.09233615117454388,3.38453462,0.03546538,0.7901,0.0001,0.3151,0.00510000000000001,0.6426,0.0126,1.0376,0.0776,1.5001,0.0801000000000001
Dias_60,0.1901,0.00622372435695795,0.58931,0.019293545506569646,0.71322435,0.06677565,0.32635,0.0103316909648406,0.1326,0.00760000000000001,0.2726,0.0176,0.4051,0.0201,0.5701,0.0600999999999995
Dias_61,0.51135,0.0022650635094611,1.585185,0.00702169687932941,2.66,,0.73385,0.0065951905283833,0.2926,0.00760000000000001,0.6151,0.0201,0.9126,0.0126,1.3651,0.0401
Dias_62,0.3376,0.00569016994374946,1.0465600000000002,0.017639526825623326,1.66,,0.54135,0.0022650635094611,0.2276,0.00759999999999999,0.4301,0.0151,0.6476,0.0326,1.0001,0.0451
Dias_63,0.67885,0.0231149407994024,2.104435,0.07165631647814744,2.91842191,0.318421909999999,1.1026,0.0217506350946109,0.3351,0.00510000000000001,0.8051,0.0151,1.3526,0.0126,1.9626,0.0826
Dias_65,0.59385,0.0256868618630734,1.840935,0.07962927177552755,2.05333066,0.0533306600000001,0.9076,0.0304108891324553,0.0551,0.0101,0.4976,0.0476,0.9501,0.00510000000000001,1.4226,0.0825999999999999
Dias_69,0.4726,0.00569016994374946,1.46506,0.017639526825623326,1.361398905,0.051398905,0.7351,0.0146773797371133,0.2876,0.00759999999999998,0.6151,0.0251,0.8976,0.0226,1.3251,0.0550999999999999
Dias_70,0.08385,0.00749509972887452,0.25993499999999997,0.02323480915951101,0.20255276,0.0674472400000001,0.10635,0.00970143218483576,0.0401,0.0051,0.0801,0.0001,0.1201,0.0201,0.2151,0.0251000000000002
Dias_71,0.1851,0.00363553390593274,0.5738099999999999,0.011270155108391494,0.29323408,0.29323408,0.30385,0.00970143218483577,0.1351,0.0001,0.2401,0.00510000000000001,0.3826,0.00760000000000001,0.5426,0.0026
Dias_72,0.13635,0.00554862367942584,0.42268500000000003,0.017200733406220105,0.284513525,0.165486475,0.1876,0.0109972473588517,0.1026,0.0026,0.1751,0.0001,0.2501,0.0201,0.3851,0.0201
Dias_74,0.4751,0.0107066017177982,1.4728100000000002,0.033190465325174424,1.9,,0.67885,0.0182572988079174,0.2151,0.00510000000000001,0.5251,0.0301,0.8651,0.0351,1.2151,0.0500999999999999
Dias_75,0.19885,0.0291204669156099,0.6164350000000001,0.09027344743839069,2.42390025,0.0,0.3801,0.0001,0.0001,0.0001,0.0126,0.0026,0.1776,0.0126,0.4651,0.0700999999999999
Dias_76,0.47635,0.0199037243971936,1.476685,0.061701545631300155,1.85,,0.30635,0.00424578098794425,0.2276,0.0426,0.4101,0.1601,0.6451,0.2701,0.9776,0.4126
Dias_77,0.47635,0.0199037243971936,1.476685,0.061701545631300155,1.85,,0.30635,0.00424578098794425,0.2276,0.0426,0.4101,0.1601,0.6451,0.2701,0.9776,0.4126
Dias_78,0.5001,0.0001,1.55031,0.00031,1.28,,0.7851,0.0174205080756888,0.2951,0.0101,0.6351,0.0201,0.9276,0.0126,1.4226,0.0276
Dias_81,0.4301,0.00622372435695795,1.33331,0.019293545506569646,1.59262471,0.12737529,0.6626,0.0109972473588517,0.2401,0.0001,0.5326,0.00760000000000001,0.8026,0.0126,1.2076,0.00259999999999995
Dias_82,0.4801,0.0207155281280883,1.48831,0.06421813719707374,1.635826075,0.0341739249999999,0.75135,0.0199037243971936,0.2901,0.0001,0.6251,0.0201,0.9876,0.0026,1.3476,0.0526
Dias_83,0.5001,0.0001,1.55031,0.00031,1.28,,0.7851,0.0174205080756888,0.2951,0.0101,0.6351,0.0201,0.9276,0.0126,1.4226,0.0276
Dias_85,0.08635,0.0348086084422871,0.267685,0.10790668617109002,1.292001505,0.0579984950000001,0.2626,0.0189745860881769,0.3476,0.00759999999999998,0.4051,0.00509999999999998,0.4926,0.0326,0.5601,0.1201
Dias_86,0.1276,0.0026,0.39555999999999997,0.00806,0.505696945,0.134303055,0.2351,0.00717106781186547,0.1151,0.0001,0.1901,0.0001,0.2851,0.0101,0.4151,0.0101
Dias_87,0.55885,0.0189331489666492,1.732435,0.058692761796612515,2.53,,0.8551,0.0118260393995586,0.3201,0.0001,0.7201,0.0101,1.0826,0.0126,1.5426,0.0276000000000001
Dias_88,0.29385,0.0164458710382775,0.910935,0.050982200218660255,3.253666145,0.0863338549999999,1.0926,0.0179535710713571,0.3051,0.0751,0.6801,0.2301,1.0426,0.3976,1.4726,0.5276
Dias_91,0.27385,0.0065951905283833,0.848935,0.02044509063798823,1.49933229,0.15066771,0.4351,0.0001,0.0376,0.0026,0.1926,0.00760000000000001,0.3651,0.0251,0.6576,0.0376
Dias_93,0.73135,0.00749509972887453,2.267185,0.023234809159511045,2.72948305,0.0194830500000001,1.0476,0.016493596310755,0.3976,0.0226,0.8876,0.0576,1.3726,0.0376,1.9401,0.0751000000000001
Dias_96,0.18635,0.0065951905283833,0.577685,0.02044509063798823,0.688265615,0.0817343850000003,0.3226,0.0026,0.1376,0.0026,0.2601,0.00510000000000001,0.3876,0.00760000000000001,0.5526,0.0326
Dias_97,0.04635,0.0114880419739304,0.143685,0.03561293011918425,2.335795635,0.0242043649999999,0.7551,0.0001,0.1851,0.0101,0.3376,0.1576,0.5301,0.2751,0.8576,0.3926
Dias_98,0.54885,0.00749509972887453,1.7014349999999998,0.023234809159511045,2.593808105,0.113808105,0.94135,0.00659519052838324,0.2376,0.0026,0.6201,0.00510000000000001,1.0201,0.00510000000000001,1.5576,0.00759999999999995
Dias_99,0.4151,0.0112803398874989,1.28681,0.03496905365124659,2.780391755,0.349608244999998,0.7076,0.0026,0.0326,0.0026,0.3276,0.0026,0.6626,0.0026,1.0226,0.0126
Djorg_1,0.76635,0.00424578098794425,2.375685,0.013161921062627176,2.96310126,0.01689874,1.18385,0.0705782767950523,0.4626,0.0376,1.1051,0.0501000000000001,1.6351,0.1201,2.2776,0.0876000000000001
Dolidze_1,0.5301,0.00945414346693486,1.64331,0.02930784474749807,1.80682579,0.0131742100000001,0.80635,0.0022650635094611,0.2476,0.0026,0.6001,0.0201,0.9276,0.0376,1.4251,0.0451
Dolidze_13,0.6251,0.00622372435695795,1.93781,0.019293545506569646,2.048575205,0.041424795,0.9001,0.0232840462387392,0.2551,0.0251,0.6576,0.0526,1.1001,0.0101,1.5851,0.0751
Dolidze_16,0.32385,0.00749509972887453,1.003935,0.023234809159511045,1.168196835,0.028196835,0.4851,0.0001,0.2026,0.00259999999999999,0.4126,0.0026,0.6276,0.0176,0.8976,0.0026
Dolidze_3,0.7476,0.0327917420765551,2.3175600000000003,0.10165440043732081,2.15315802,0.00315802000000009,1.03885,0.0305907772941262,0.4751,0.0001,1.0801,0.0600999999999999,1.5651,0.0151,2.0101,0.0600999999999999
Dolidze_32,0.3651,0.0260807621135332,1.13181,0.08085036255195292,3.50051583,0.14948417,0.68135,0.0271127284812179,0.2101,0.00510000000000001,0.5051,0.0401,0.7201,0.0251,1.0801,0.0901
Dolidze_33,0.34635,0.0395295257389689,1.073685,0.1225415297908036,2.41325176,0.03325176,0.6076,0.00760000000000001,0.3576,0.00760000000000001,0.6201,0.0001,0.8451,0.0401,1.1401,0.0901
Dolidze_39,0.58635,0.0065951905283833,1.8176850000000002,0.02044509063798823,2.044264775,0.334264774999999,0.85135,0.0065951905283833,0.2476,0.0326000000000001,0.6351,0.0201,1.0051,0.0501,1.5351,0.0651000000000001
Dolidze_40,0.6251,0.00945414346693486,1.93781,0.02930784474749807,2.368878975,0.0888789750000001,0.9076,0.0130903810567666,0.2601,0.0151,0.7051,0.0201,1.0926,0.0376,1.6451,0.0401
Dolidze_43,0.5951,0.0001,1.8448099999999998,0.00031,1.82718498,0.00718498000000001,0.95135,0.0152554445662276,0.4576,0.0126,0.9101,0.0551,1.2976,0.0626,1.8176,0.1076
Dolidze_5,0.86635,0.0135047566184545,2.685685,0.04186474551720895,2.669969195,0.179969195,1.2551,0.0107066017177982,0.3576,0.0026,0.9901,0.0201,1.5801,0.0351,2.2801,0.0550999999999999
Dolidze_53,0.86635,0.0135047566184545,2.685685,0.04186474551720895,2.669969195,0.179969195,1.2551,0.0107066017177982,0.3576,0.0026,0.9901,0.0201,1.5801,0.0351,2.2801,0.0550999999999999
Dolidze_8,0.2626,0.00911387818865998,0.81406,0.02825302238484594,1.70136283,0.198637170000001,0.5026,0.0392311896062463,0.2501,0.0001,0.4726,0.0525999999999999,0.6701,0.0551,0.9451,0.0950999999999997
ESO_130-13,0.44135,0.0065951905283833,1.3681850000000002,0.02044509063798823,1.540290975,0.129709025,0.6976,0.00760000000000001,0.2851,0.00509999999999998,0.5751,0.0001,0.8626,0.0126,1.2526,0.0176
ESO_130-6,0.11885,0.00226506350946109,0.368435,0.007021696879329379,0.23069311,0.01069311,0.2101,0.0001,0.0801,0.00510000000000001,0.1551,0.0101,0.2451,0.0101,0.3526,0.0226
ESO_134-12,0.81635,0.0148372826531895,2.530685,0.04599557622488745,2.774328505,0.204328505,1.23385,0.0109253175473054,0.3026,0.0026,0.9101,0.00510000000000001,1.4776,0.0376,2.1601,0.00510000000000012
ESO_166-4,0.1501,0.00717106781186547,0.46531000000000006,0.02223031021678296,0.515235725,0.164764275,0.2601,0.0001,0.1151,0.0051,0.2176,0.0126,0.3351,0.0101,0.4476,0.0426
ESO_226-6,0.7721,0.0183893411581719,2.39351,0.05700695759033289,3.03024497,0.01975503,1.20135,0.0195855715851498,0.4801,0.00510000000000001,1.0551,0.0351,1.5741,0.1061,2.2366,0.0536000000000001
ESO_312-3,0.2351,0.0118260393995586,0.7288100000000001,0.03666072213863166,0.82816114,0.03816114,0.4151,0.0159113883008419,0.1726,0.00259999999999999,0.3326,0.00760000000000001,0.4976,0.0575999999999994,0.7501,0.0401
ESO_312-4,0.20635,0.0382403657559809,0.6396850000000001,0.1185451338435408,2.36257201,0.00742799000000005,0.6126,0.0176,0.0076,0.0076,0.2001,0.0301,0.3926,0.0926000000000001,0.6501,0.2101
ESO_313-3_A,0.21885,0.0022650635094611,0.678435,0.00702169687932941,0.92839252,0.00839251999999996,0.34635,0.0022650635094611,0.1701,0.0001,0.3051,0.0101,0.4526,0.00760000000000001,0.6551,0.0151
ESO_332-13,0.37885,0.00902678553567857,1.1744350000000001,0.02798303516060357,1.50434435,0.05434435,0.62885,0.00902678553567857,0.2626,0.00760000000000001,0.5176,0.0026,0.7801,0.0001,1.1451,0.00510000000000001
ESO_332-8,0.21635,0.00554862367942585,0.670685,0.017200733406220133,1.13,,0.37885,0.0674957528335428,0.1326,0.1226,0.1001,0.0451,0.2176,0.0926,0.4676,0.0626
ESO_368-11,0.46635,0.0208289049397212,1.445685,0.06456960531313571,1.681215095,0.108784905,0.73885,0.0168238602003246,0.3151,0.0001,0.6451,0.00510000000000001,0.9701,0.00510000000000001,1.3501,0.0600999999999999
ESO_368-14,0.4401,0.0232840462387393,1.36431,0.07218054334009183,3.43,,0.76135,0.0065951905283833,0.1026,0.0125999999999999,0.4426,0.0026,0.7526,0.0376,1.1376,0.0726
ESO_370-17,0.1376,0.0076,0.42656,0.02356,0.50325031,0.01674969,0.2751,0.0101,0.1001,0.0101,0.2051,0.0351,0.3176,0.00760000000000001,0.4576,0.0675999999999999
ESO_370-8,0.28635,0.0125373429638327,0.8876850000000001,0.03886576318788137,0.42,,0.64135,0.0301780235387899,0.0001,0.0001,0.2401,0.0401,0.5101,0.1051,0.8326,0.0876000000000002
ESO_392-11,0.64635,0.0225652509445143,2.003685,0.06995227792799433,5.17434858,0.20434858,1.06635,0.0199037243971936,0.4301,0.00510000000000001,0.9551,0.00510000000000001,1.4426,0.0226000000000001,2.0026,0.0226
ESO_392-13,0.63435,0.0134860935302276,1.966485,0.041806889943705565,2.2065352,0.00346479999999993,0.3501,0.0146773797371132,0.3776,0.0776,0.6626,0.2426,0.9436,0.3586,1.2851,0.5051
ESO_429-2,0.4351,0.00945414346693486,1.34881,0.02930784474749807,1.5703218,0.0596781999999999,0.68635,0.00829679815537746,0.2276,0.0126,0.5076,0.00760000000000001,0.8076,0.00759999999999995,1.1926,0.00260000000000006
ESO_430-18,0.24135,0.00424578098794425,0.7481850000000001,0.013161921062627176,0.875766855,0.214233145,0.3951,0.0087602540378444,0.1951,0.0001,0.3451,0.0101,0.4951,0.0101,0.7276,0.0276
ESO_494-9,0.42885,0.0125373429638328,1.3294350000000001,0.03886576318788168,1.4509385,0.0590615,0.55135,0.0231149407994024,0.3276,0.00760000000000001,0.5926,0.00760000000000001,0.8116,0.0166,1.1926,0.0576
ESO_521-38,0.2176,0.0115564392373896,0.6745599999999999,0.03582496163590776,1.03277829,0.207221710000001,0.37885,0.0152554445662277,0.1851,0.00510000000000001,0.3251,0.00510000000000001,0.5076,0.0226,0.6701,0.0301
ESO_522-5,0.4626,0.00569016994374946,1.4340600000000001,0.017639526825623326,1.790949395,0.249050604999999,0.7376,0.0130903810567666,0.3326,0.0026,0.6526,0.00760000000000001,0.9576,0.00760000000000001,1.3801,0.0251
ESO_559-13,0.2976,0.00760000000000001,0.9225599999999999,0.023560000000000032,0.951411315,0.158588684999999,0.4651,0.0001,0.2301,0.0001,0.4126,0.00759999999999998,0.6001,0.00510000000000001,0.8876,0.0026
ESO_559-2,0.1251,0.0001,0.38781,0.00031,0.508171065,0.301828935,0.1951,0.0001,0.0726,0.0026,0.1426,0.00259999999999999,0.2276,0.0026,0.3401,0.00509999999999998
Escorial_25,0.06885,0.0022650635094611,0.21343499999999999,0.00702169687932941,0.517188545,0.252811455,0.1801,0.0087602540378444,0.0776,0.0026,0.1176,0.0076,0.1876,0.0276,0.2751,0.0251
FSR_1025,0.19885,0.00424578098794424,0.6164350000000001,0.013161921062627143,,,0.3051,0.0001,0.1651,0.0001,0.2651,0.00510000000000001,0.3901,0.0101,0.6001,0.0301
FSR_1045,0.4951,0.00717106781186548,1.53481,0.022230310216782987,2.81,,0.7551,0.00717106781186548,0.3151,0.00510000000000001,0.6501,0.00510000000000001,0.9701,0.0001,1.4026,0.00759999999999995
FSR_1051,0.25635,0.0065951905283833,0.7946850000000001,0.02044509063798823,1.287061775,0.142938225,0.4351,0.00622372435695795,0.3551,0.00510000000000001,0.5276,0.00760000000000001,0.7151,0.0151,0.9226,0.0426
FSR_1077,0.32385,0.0144069039278245,1.003935,0.04466140217625595,1.2842036,0.0557964000000001,0.47635,0.0572593168258688,0.0001,0.0001,0.0401,0.0401,0.2276,0.0826000000000001,0.5451,0.1201
FSR_1083,0.05885,0.0022650635094611,0.182435,0.00702169687932941,0.1855657,0.0944343,0.09885,0.0022650635094611,0.0276,0.0026,0.0551,0.0051,0.0951,0.0001,0.1451,0.0150999999999999
FSR_1085,0.20635,0.00554862367942584,0.6396850000000001,0.017200733406220105,0.65416847,0.0658315300000002,0.3551,0.00717106781186548,0.1501,0.00510000000000001,0.2801,0.0101,0.4326,0.0126,0.6201,0.0251
FSR_1088,0.2251,0.00510000000000001,0.69781,0.015810000000000032,2.54916375,0.310836249999998,0.40885,0.0317968058327649,0.1826,0.00760000000000001,0.3951,0.0551,0.5301,0.0401,0.7776,0.1126
FSR_1111,0.23385,0.00424578098794424,0.724935,0.013161921062627143,0.45,,0.28885,0.02142340263654,0.1876,0.0026,0.2976,0.0176,0.4226,0.0326,0.6326,0.0725999999999994
FSR_1112,0.04385,0.0189331489666492,0.135935,0.058692761796612515,1.65301722,0.0,0.16135,0.0379112086556354,0.0001,0.0001,0.0076,0.0076,0.0001,0.0001,0.0001,0.0001
FSR_1113,0.23385,0.00424578098794424,0.724935,0.013161921062627143,0.45,,0.28885,0.02142340263654,0.1876,0.0026,0.2976,0.0176,0.4226,0.0326,0.6326,0.0725999999999994
FSR_1117,0.29385,0.0351669003477643,0.910935,0.10901739107806932,1.548280125,0.151719875,0.3926,0.00839156197588851,0.1726,0.00259999999999999,0.3676,0.0176,0.5381,0.0481,0.8276,0.0776
FSR_1125,0.1451,0.00945414346693485,0.44981000000000004,0.029307844747498035,0.670252005,0.0997479949999994,0.2451,0.0001,0.1251,0.0001,0.2026,0.00259999999999999,0.2901,0.0101,0.4576,0.0126
FSR_1129,0.2001,0.00363553390593273,0.62031,0.011270155108391463,0.452043185,0.0879568149999999,0.28135,0.0114880419739304,0.1876,0.00760000000000001,0.2701,0.0251,0.4076,0.0176,0.5601,0.0451
FSR_1140,0.1701,0.0001,0.5273100000000001,0.00031,0.55880257,0.12119743,0.24885,0.0022650635094611,0.1251,0.0001,0.2251,0.00510000000000001,0.3351,0.00510000000000001,0.4801,0.00510000000000001
FSR_1144,0.25635,0.00902678553567857,0.7946850000000001,0.02798303516060357,0.804880745,0.115119255,0.4126,0.0130903810567666,0.1876,0.0026,0.3701,0.00510000000000001,0.5326,0.00760000000000001,0.7651,0.0301
FSR_1149,0.2001,0.00363553390593273,0.62031,0.011270155108391463,0.204413315,0.204413315,0.3051,0.0087602540378444,0.1551,0.0001,0.2751,0.0001,0.3951,0.0001,0.5801,0.00510000000000001
FSR_1150,0.51635,0.00424578098794425,1.600685,0.013161921062627176,1.69577212,0.01422788,0.7776,0.0109972473588517,0.3576,0.00760000000000001,0.7001,0.0151,1.0251,0.0151,1.4651,0.0101
FSR_1153,0.1851,0.00363553390593274,0.5738099999999999,0.011270155108391494,0.511818905,0.168181095,0.3001,0.0087602540378444,0.1576,0.0026,0.2701,0.00510000000000001,0.3876,0.00760000000000001,0.5676,0.0126
FSR_1157,0.2276,0.00443012701892219,0.70556,0.01373339375865879,0.66371144,0.29628856,0.3176,0.0130903810567666,0.1951,0.0001,0.3151,0.0101,0.4276,0.0376,0.6601,0.0301
FSR_1158,0.0751,0.00363553390593274,0.23281000000000002,0.011270155108391494,0.219502695,0.0304973050000001,0.1401,0.00363553390593273,0.0651,0.0001,0.0951,0.0001,0.1601,0.00510000000000001,0.2251,0.0151
FSR_1163,0.15885,0.0217145205822382,0.492435,0.06731501380493841,1.30183705,0.06183705,0.35135,0.00424578098794425,0.3526,0.0026,0.4701,0.0201,0.6001,0.0451,0.7376,0.1076
FSR_1169,0.4276,0.0144614066163451,1.32556,0.04483036051066981,,,0.5926,0.021750635094611,0.1451,0.0001,0.4101,0.0500999999999998,0.6776,0.0875999999999999,1.0451,0.1051
FSR_1173,0.20635,0.0246903944661326,0.6396850000000001,0.07654022284501105,0.845140545,0.024859455,0.31135,0.0168238602003246,0.0826,0.0026,0.1776,0.00759999999999999,0.3876,0.0226,0.5251,0.0551000000000005
FSR_1178,0.1526,0.00760000000000001,0.47306000000000004,0.023560000000000032,1.06003354,0.26996646,0.2426,0.0044301270189222,0.1051,0.0051,0.1901,0.0101,0.2901,0.00510000000000001,0.4651,0.0451
FSR_1180,0.3776,0.00839156197588851,1.17056,0.02601384212525438,1.256701565,0.073298435,0.5726,0.0130903810567666,0.2401,0.0001,0.4676,0.0126,0.7201,0.0151,1.0651,0.0451
FSR_1183,0.3101,0.00363553390593274,0.96131,0.011270155108391494,1.053754315,0.106245685,0.51635,0.0065951905283833,0.1551,0.00510000000000001,0.3526,0.0126,0.5476,0.00760000000000001,0.8576,0.0276
FSR_1190,0.1801,0.00363553390593274,0.5583100000000001,0.011270155108391494,,,0.3401,0.00622372435695793,0.1476,0.0026,0.2826,0.0226,0.4076,0.0426000000000001,0.6101,0.0501
FSR_1202,0.3776,0.0208665596572952,1.17056,0.06468633493761512,1.78139673,0.00139672999999996,0.5501,0.0001,0.1026,0.0026,0.3226,0.00760000000000001,0.5976,0.0576,0.9326,0.0626
FSR_1207,0.3776,0.0208665596572952,1.17056,0.06468633493761512,1.78139673,0.00139672999999996,0.5501,0.0001,0.1026,0.0026,0.3226,0.00760000000000001,0.5976,0.0576,0.9326,0.0626
FSR_1209,0.41385,0.0144069039278245,1.282935,0.04466140217625595,1.52652942,0.13347058,0.6076,0.0044301270189222,0.1051,0.0101,0.3551,0.0251,0.6276,0.0526000000000001,1.0251,0.0901
FSR_1211,0.1776,0.0130903810567666,0.55056,0.040580181275976464,0.198117695,0.061882305,0.21135,0.0139631706330118,0.1201,0.0101,0.2076,0.00759999999999999,0.2976,0.0226,0.4751,0.0701000000000001
FSR_1212,0.41385,0.0144069039278245,1.282935,0.04466140217625595,1.52652942,0.13347058,0.6076,0.0044301270189222,0.1051,0.0101,0.3551,0.0251,0.6276,0.0526000000000001,1.0251,0.0901
FSR_1234,0.4801,0.0188082869338697,1.48831,0.05830568949499607,1.98927362,0.20927362,0.73135,0.0538790619107474,0.0001,0.0001,0.1901,0.00510000000000001,0.4376,0.0626,0.9601,0.0601
FSR_1252,0.36385,0.0144069039278245,1.1279350000000001,0.04466140217625595,1.212267825,0.177732174999999,0.5676,0.0193028643696715,0.2626,0.0026,0.4826,0.0026,0.7451,0.0001,1.0801,0.0401
FSR_1253,0.04885,0.0202168461742889,0.151435,0.0626722231402956,1.979242635,0.170757365,0.2826,0.0306163890393346,0.2126,0.0026,0.2776,0.0476,0.3476,0.0775999999999999,0.4376,0.1126
FSR_1255,0.2751,0.00717106781186546,0.8528100000000001,0.022230310216782928,1.09,,0.30385,0.0211282548015759,0.1801,0.0201000000000001,0.2976,0.0726,0.4276,0.1176,0.6451,0.1451
FSR_1260,0.36135,0.00554862367942585,1.120185,0.017200733406220133,1.21345615,0.15654385,0.56135,0.0130301005409857,0.2351,0.0001,0.4701,0.00509999999999998,0.7076,0.0026,1.0276,0.0126000000000001
FSR_1268,0.44635,0.0144069039278245,1.383685,0.04466140217625595,0.07,,0.7576,0.0572729831301464,0.0001,0.0001,0.1576,0.0026,0.4976,0.0226,0.8776,0.00760000000000001
FSR_1275,0.3651,0.00510000000000001,1.13181,0.015810000000000032,1.358448405,0.241551595,0.5901,0.0151,0.3126,0.0226,0.5576,0.0276,0.8126,0.0276,1.1126,0.0276
FSR_1284,0.3026,0.00760000000000001,0.93806,0.023560000000000032,0.820113225,0.299886775,0.43385,0.0477149923868525,0.2251,0.0001,0.4101,0.0101,0.5751,0.0601000000000004,0.8826,0.0176
FSR_1293,0.07635,0.00659519052838329,0.236685,0.0204450906379882,1.49,,0.15635,0.0022650635094611,0.0551,0.0001,0.0976,0.0026,0.1676,0.0026,0.2401,0.0251
FSR_1297,0.1376,0.0278263412660235,0.42656,0.08626165792467284,5.16,,0.20385,0.00226506350946109,0.0226,0.0026,0.1001,0.0001,0.1801,0.0101,0.3526,0.0426
FSR_1298,0.24135,0.00424578098794425,0.7481850000000001,0.013161921062627176,0.752840685,0.067159315,0.3276,0.029361749776799,0.1676,0.00759999999999999,0.3026,0.00760000000000001,0.4251,0.0401,0.6676,0.0376
FSR_1302,0.47385,0.00554862367942582,1.468935,0.017200733406220043,1.71,,0.74135,0.0065951905283833,0.2551,0.00510000000000001,0.5676,0.0026,0.8576,0.0176,1.3151,0.00510000000000001
FSR_1315,0.3501,0.00363553390593274,1.08531,0.011270155108391494,1.0366689,0.0,0.54635,0.00902678553567857,0.1701,0.00509999999999999,0.3876,0.00760000000000001,0.6176,0.0026,0.9351,0.0101
FSR_1325,0.17885,0.018933148966649,0.554435,0.058692761796611904,2.13,,0.4176,0.0226,0.2451,0.0101,0.3776,0.0226,0.4926,0.0376,0.7751,0.0701
FSR_1335,0.27135,0.00554862367942585,0.841185,0.017200733406220133,0.519045935,0.010954065,0.43385,0.00554862367942585,0.1926,0.0026,0.3651,0.0001,0.5426,0.0126,0.8026,0.0026
FSR_1342,0.49385,0.0125373429638328,1.5309350000000002,0.03886576318788168,2.56285306,0.0128530600000001,0.7101,0.0001,0.1476,0.00759999999999999,0.4651,0.00509999999999998,0.7876,0.0426,1.2151,0.0451
FSR_1347,0.9526,0.0115564392373896,2.9530600000000002,0.03582496163590776,3.600519,0.100519,1.36635,0.0372441448952591,0.1826,0.0026,0.9026,0.0026,1.6001,0.0500999999999999,2.2801,0.0101
FSR_1352,0.4026,0.0344693177121688,1.2480600000000002,0.1068548849077233,,,0.7376,0.19276226926931,0.0851,0.0101000000000001,0.3501,0.00510000000000001,0.5626,0.0126,0.9451,0.0401
FSR_1360,0.3826,0.00839156197588851,1.1860600000000001,0.02601384212525438,1.346212355,0.143787644999999,0.62885,0.0065951905283833,0.2576,0.0126,0.5126,0.0126,0.7751,0.0201,1.1101,0.0400999999999999
FSR_1363,0.3151,0.00363553390593274,0.97681,0.011270155108391494,1.2871603,0.0728397000000001,0.5151,0.00363553390593274,0.2276,0.0026,0.4251,0.0001,0.6326,0.0026,0.9401,0.0001
FSR_1378,0.3001,0.0155110350074225,0.93031,0.04808420852300975,1.780571015,0.030571015,0.56635,0.0152554445662276,0.3001,0.0151,0.5401,0.0401,0.7401,0.0501000000000001,1.0451,0.110100000000001
FSR_1399,0.0601,0.0001,0.18631,0.00031,0.390777885,0.229222115,0.1201,0.0001,0.0501,0.0051,0.0801,0.00510000000000001,0.1251,0.00510000000000001,0.1951,0.0101
FSR_1407,0.19635,0.0082967981553775,0.608685,0.025720074281670252,0.35724831,0.0927516900000001,0.2476,0.0044301270189222,0.0576,0.0076,0.1626,0.0225999999999999,0.2776,0.0476,0.4651,0.0750999999999999
FSR_1411,0.74385,0.00902678553567857,2.3059350000000003,0.02798303516060357,2.62016872,0.19983128,1.1251,0.0319198051533946,0.4326,0.00760000000000001,0.9876,0.00760000000000001,1.5201,0.0550999999999999,2.1076,0.0126
FSR_1418,0.3551,0.0197850196850295,1.10081,0.06133356102359145,2.88267606,0.10732394,0.62135,0.0022650635094611,0.4226,0.0026,0.6726,0.0026,0.9226,0.0326,1.2826,0.0126
FSR_1419,0.2701,0.0001,0.83731,0.00031,1.002763425,0.227236575,0.38385,0.0164458710382775,0.1676,0.0026,0.3376,0.00759999999999998,0.5226,0.0026,0.7326,0.0226
FSR_1421,0.1726,0.0528375577743225,0.53506,0.16379642910039977,2.21433117,0.04433117,0.4301,0.0410267638593623,0.1151,0.0701,0.3326,0.0276,0.3651,0.0901000000000001,0.5326,0.2876
FSR_1424,0.62635,0.0211282548015759,1.9416849999999999,0.06549758988488528,3.38382413,0.09382413,0.90385,0.00902678553567857,0.2976,0.00760000000000001,0.7301,0.0301,1.1776,0.0676,1.6951,0.1001
FSR_1430,0.81885,0.0236518046017709,2.5384349999999998,0.07332059426548979,3.87,,1.23635,0.0195855715851498,0.2451,0.0301000000000002,0.8426,0.0026,1.5001,0.0101,2.0826,0.0126000000000002
FSR_1436,0.4201,0.00876025403784437,1.3023099999999999,0.027156787517317548,1.37,,0.66635,0.02142340263654,0.2726,0.0026,0.5801,0.0151,0.8476,0.0226,1.2476,0.0226
FSR_1441,0.3916,0.0169745370306862,1.2139600000000002,0.05262106479512722,1.280629385,0.180629384999999,0.45135,0.0416895118990353,0.3051,0.0101,0.5381,0.0481,0.7076,0.0826000000000001,1.1026,0.152599999999999
FSR_1443,0.3916,0.0169745370306862,1.2139600000000002,0.05262106479512722,1.280629385,0.180629384999999,0.45135,0.0416895118990353,0.3051,0.0101,0.5381,0.0481,0.7076,0.0826000000000001,1.1026,0.152599999999999
FSR_1452,0.19885,0.0325759526419164,0.6164350000000001,0.10098545318994084,2.91598459,0.00401541000000005,0.56385,0.0182572988079174,0.1301,0.0001,0.3226,0.0526,0.4876,0.0826000000000001,0.7351,0.1401
FSR_1478,0.39135,0.0156623744974859,1.213185,0.04855336094220629,1.59028424,0.07028424,0.46385,0.0156623744974859,0.3576,0.0226,0.5726,0.0276,0.8026,0.0526,1.1326,0.1226
FSR_1484,0.22885,0.0195855715851499,0.709435,0.06071527191396469,3.06210118,0.17789882,0.60885,0.0022650635094611,0.3776,0.0376,0.5676,0.0876000000000002,0.7901,0.1501,1.0726,0.1926
FSR_1485,0.39885,0.00970143218483575,1.236435,0.030074439772990826,1.3328089,0.0171911,0.64135,0.0130301005409858,0.2701,0.0001,0.5426,0.00760000000000001,0.8101,0.0201,1.1501,0.0451
FSR_1489,0.0876,0.0026,0.27156,0.00806,0.31531793,0.21468207,0.14385,0.00226506350946109,0.0451,0.0001,0.0976,0.0026,0.1501,0.0001,0.2351,0.0101
FSR_1496,0.0676,0.0104077640640442,0.20956,0.032264068598537025,0.413214125,0.276785875,0.08885,0.00659519052838329,0.0151,0.0051,0.0251,0.0151,0.0701,0.0301,0.1651,0.0701000000000001
FSR_1500,0.14635,0.00424578098794424,0.45368500000000006,0.013161921062627143,0.447950175,0.0479501750000003,0.27635,0.00424578098794425,0.1351,0.00510000000000001,0.2351,0.0151,0.3401,0.0201,0.4801,0.0401
FSR_1509,0.08135,0.0022650635094611,0.25218500000000005,0.00702169687932941,0.306033925,0.073966075,0.11885,0.00554862367942584,0.0826,0.0026,0.1176,0.0026,0.1626,0.0126,0.2476,0.0126
FSR_1518,0.3876,0.00839156197588851,1.20156,0.02601384212525438,1.95,,0.5926,0.00760000000000001,0.2701,0.0001,0.5226,0.0026,0.7776,0.0126,1.0951,0.0101
FSR_1521,0.08635,0.00554862367942584,0.267685,0.017200733406220105,0.407821215,0.152178785,0.1226,0.0109972473588517,0.0726,0.0076,0.1126,0.0076,0.1551,0.0250999999999999,0.2526,0.0226
FSR_1527,0.17885,0.0550289313567995,0.554435,0.17058968720607848,2.323574205,0.153574205,1.18135,0.0303851035989643,0.1651,0.1651,0.4676,0.4526,0.7501,0.7201,1.2276,0.8776
FSR_1530,0.17885,0.0550289313567995,0.554435,0.17058968720607848,2.323574205,0.153574205,1.18135,0.0303851035989643,0.1651,0.1651,0.4676,0.4526,0.7501,0.7201,1.2276,0.8776
FSR_154,0.4551,0.0184711730708738,1.4108100000000001,0.05726063651970878,2.116760715,0.163239285,0.57885,0.0189331489666492,0.3951,0.0101,0.7101,0.0151,0.9726,0.0525999999999999,1.3176,0.1176
FSR_1557,0.48385,0.0152554445662277,1.499935,0.047291878155305875,2.132019405,0.252019405,0.68885,0.106188111963594,0.0401,0.0101,0.3526,0.0326,0.5976,0.1826,1.1676,0.0926
FSR_1586,0.60385,0.0160589316685046,1.8719350000000001,0.04978268817236427,2.513962405,0.026037595,0.63385,0.0228417567483253,0.2101,0.0501,0.5526,0.1626,0.9101,0.2801,1.3801,0.3351
FSR_1591,0.27135,0.0222852991866236,0.841185,0.06908442747853316,2.8,,0.5301,0.0204100960115899,0.0251,0.0001,0.1976,0.0176,0.3851,0.1001,0.7726,0.0526
FSR_1595,0.1776,0.0284945417290013,0.55056,0.08833307935990403,4.85,,0.4701,0.0174205080756888,0.1201,0.0051,0.2576,0.00760000000000001,0.4001,0.0201,0.6551,0.0951
FSR_160,0.16635,0.00424578098794425,0.5156850000000001,0.013161921062627176,0.33154557,0.13845443,0.22635,0.00970143218483576,0.0951,0.0001,0.1926,0.0026,0.2726,0.0226,0.4326,0.0126
FSR_165,1.0926,0.0126,3.38706,0.039060000000000004,4.06583141,0.09583141,1.55135,0.115500119150718,0.6151,0.0101,1.4551,0.0101,2.4976,0.272600000000001,2.9676,0.0276000000000001
FSR_1662,0.43135,0.0865128896635215,1.337185,0.26818995795691664,3.302389635,0.227610365,0.95635,0.0182572988079174,0.2376,0.0126,0.6501,0.0301,0.8451,0.2451,1.2876,0.3626
FSR_1666,0.6501,0.0270258240356725,2.01531,0.08378005451058475,4.526577385,0.0434226150000003,1.14635,0.00226506350946105,0.2426,0.00760000000000001,0.8126,0.0226,1.3351,0.0851,1.8801,0.1001
FSR_1668,0.27135,0.00749509972887453,0.841185,0.023234809159511045,0.95842569,0.08157431,0.4601,0.0177776695296637,0.1951,0.0001,0.3901,0.0151,0.5976,0.0326,0.8151,0.0501
FSR_1686,0.33635,0.0185983107336859,1.042685,0.05765476327442629,3.77762295,0.99237705,0.5751,0.016683123951777,0.3726,0.00760000000000001,0.6151,0.00510000000000001,0.8176,0.0126,1.2051,0.0301
FSR_1689,0.81635,0.0148372826531895,2.530685,0.04599557622488745,2.774328505,0.204328505,1.23385,0.0109253175473054,0.3026,0.0026,0.9101,0.00510000000000001,1.4776,0.0376,2.1601,0.00510000000000012
FSR_1698,0.28385,0.0315990079208855,0.879935,0.09795692455474504,3.19720723,0.0372072299999999,0.81385,0.0369060796608386,0.1226,0.0076,0.4226,0.0876000000000002,0.6626,0.1576,1.0501,0.2951
FSR_1703,1.0471,0.0214190056053279,3.24601,0.06639891737651649,3.787080385,0.0870803849999999,1.5151,0.0417833300013326,0.7701,0.00510000000000001,1.6001,0.00510000000000001,2.3701,0.0101,3.0626,0.0626
FSR_172,0.69885,0.0266459507269941,2.166435,0.08260244725368171,2.508093585,0.0280935849999999,0.99885,0.0225652509445143,0.3501,0.0001,0.8801,0.0201,1.3476,0.0676,1.9026,0.0326
FSR_1744,0.2351,0.012847548783982,0.7288100000000001,0.0398274012303442,1.15325881,0.30674119,0.3901,0.0232840462387393,0.1901,0.00510000000000001,0.3401,0.0151,0.4501,0.00510000000000001,0.7351,0.0301
FSR_1754,0.50385,0.0277981497577005,1.561935,0.08617426424887155,4.24102234,0.0110223399999998,1.5876,0.0214600093632939,0.4501,0.0650999999999998,1.0726,0.2926,1.6351,0.5451,2.2376,0.7126
FSR_1755,0.3376,0.0390711431702996,1.0465600000000002,0.12112054382792878,,,0.4051,0.0213132034355964,0.2951,0.0151,0.4476,0.0226,0.6251,0.0701000000000001,1.0026,0.1726
FSR_198,0.61635,0.00749509972887453,1.910685,0.023234809159511045,2.427021625,0.0729783749999999,0.9751,0.00622372435695795,0.2851,0.00509999999999998,0.7176,0.00760000000000001,1.1326,0.0326,1.7126,0.0376
FSR_200,0.4151,0.00622372435695795,1.28681,0.019293545506569646,1.619579405,0.070420595,0.66635,0.0156623744974859,0.3126,0.0026,0.6001,0.0301,0.8751,0.0251,1.2451,0.0500999999999999
FSR_213,0.90385,0.0195855715851499,2.8019350000000003,0.06071527191396469,4.1,,1.28885,0.0130301005409858,0.4451,0.00510000000000001,1.1226,0.0126,1.7626,0.0376,2.4401,0.0450999999999999
FSR_222,1.10385,0.0179097585609687,3.421935,0.055520251539002974,4.12594849,0.00405151000000004,1.6501,0.0393109678533953,0.7176,0.00760000000000001,1.6176,0.00260000000000006,2.4851,0.0201,3.2426,0.0226
FSR_223,0.3476,0.0176,1.07756,0.054560000000000004,2.18227869,0.19227869,0.5751,0.00510000000000001,0.3226,0.0026,0.5626,0.0176,0.7851,0.0451,1.0826,0.0726
FSR_224,0.8551,0.0170558249578132,2.65081,0.052873057369220926,3.205380555,0.0346194450000001,1.2451,0.0184711730708738,0.3926,0.0026,1.0101,0.0301,1.6076,0.0476,2.3076,0.0875999999999999
FSR_226,0.0551,0.0420821390593667,0.17081000000000002,0.13045463108403677,2.87759526,0.0975952600000001,0.44885,0.0164458710382775,0.0026,0.0026,0.0601,0.0551,0.1151,0.1151,0.3301,0.2551
FSR_227,0.76635,0.0065951905283833,2.375685,0.02044509063798823,3.51849094,0.07849094,1.18635,0.023915698604072,0.4626,0.0176,1.0401,0.0101,1.5976,0.0326,2.2226,0.0276000000000001
FSR_236,1.28635,0.0164458710382776,3.9876850000000004,0.05098220021866056,3.56,,1.8126,0.0259602010819715,0.8151,0.0301,1.8701,0.0300999999999999,2.8151,0.0501000000000001,3.6501,0.0550999999999999
FSR_238,0.75885,0.0152554445662277,2.3524350000000003,0.047291878155305875,2.52941988,0.19941988,1.1251,0.0213132034355964,0.6051,0.00510000000000001,1.1701,0.0151,1.6926,0.0326000000000001,2.2851,0.0851
FSR_258,0.88285,0.0110630059746404,2.736835,0.03429531852138524,3.65433017,0.0843301700000001,1.3776,0.127010401464971,0.1976,0.0126,0.8801,0.0151,1.8946,0.320600000000001,2.2276,0.0426
FSR_260,0.6751,0.0107066017177982,2.09281,0.033190465325174424,1.98782158,0.23782158,1.0351,0.00876025403784439,0.4501,0.0201,0.9326,0.00759999999999995,1.3951,0.0101,2.0001,0.0351
FSR_263,0.9051,0.00510000000000001,2.80581,0.015810000000000032,3.54989485,0.33989485,1.2301,0.101156914657039,0.6311,0.0111,1.4076,0.0126,2.0826,0.0326000000000002,2.6826,0.0476000000000001
FSR_270,0.3276,0.025717376914899,1.01556,0.07972386843618691,3.1566791,0.0166790999999999,0.63885,0.0164458710382775,0.4251,0.00510000000000001,0.6901,0.0301,0.9176,0.0576,1.2476,0.1276
FSR_275,0.4751,0.00945414346693484,1.4728100000000002,0.029307844747498004,1.72191563,0.16191563,0.7151,0.0107066017177982,0.2476,0.00760000000000001,0.5701,0.0001,0.8901,0.00510000000000001,1.3026,0.0126
FSR_282,0.0876,0.00569016994374947,0.27156,0.017639526825623357,0.06624547,0.0,0.1501,0.0123474487139159,0.0551,0.0051,0.1351,0.0201,0.1701,0.0001,0.2526,0.0226
FSR_288,0.36385,0.0333368395007708,1.1279350000000001,0.10334420245238948,2.920154865,0.180154865,0.6351,0.0001,0.2951,0.0001,0.5651,0.00509999999999995,0.8376,0.0426,1.1151,0.0901000000000001
FSR_291,0.49135,0.00970143218483577,1.523185,0.030074439772990885,1.665697685,0.004302315,0.6576,0.106430851590684,0.3526,0.0026,0.7176,0.0176,0.9026,0.1076,1.4151,0.0501000000000001
FSR_306,0.1776,0.00911387818865997,0.55056,0.028253022384845908,1.066926425,0.133073575000001,0.2576,0.0044301270189222,0.1526,0.0026,0.2601,0.0001,0.3576,0.0226,0.5101,0.00510000000000001
FSR_31,0.4726,0.00839156197588848,1.46506,0.02601384212525429,4.4289967,0.1110033,0.88635,0.0195855715851499,0.2426,0.0876000000000001,0.6251,0.1051,1.0626,0.1276,1.4951,0.1201
FSR_320,0.5276,0.0104077640640442,1.63556,0.032264068598537025,1.72725523,0.0272552300000001,0.7901,0.0107066017177982,0.3226,0.0026,0.6851,0.0001,1.0201,0.00510000000000001,1.4626,0.0126000000000001
FSR_321,0.0651,0.00510000000000001,0.20181000000000002,0.015810000000000032,0.707422045,0.282577955,0.1576,0.00760000000000001,0.0401,0.0101,0.0851,0.0151,0.1451,0.0250999999999999,0.2126,0.0475999999999999
FSR_324,0.5276,0.0104077640640442,1.63556,0.032264068598537025,1.72725523,0.0272552300000001,0.7901,0.0107066017177982,0.3226,0.0026,0.6851,0.0001,1.0201,0.00510000000000001,1.4626,0.0126000000000001
FSR_325,0.47885,0.0171934929139717,1.484435,0.05329982803331228,1.52443709,0.01556291,0.6901,0.0204100960115899,0.3101,0.0001,0.6276,0.0176,0.9426,0.0026,1.2976,0.00759999999999995
FSR_337,0.5576,0.0115564392373896,1.72856,0.03582496163590776,2.065494185,0.0554941850000001,0.7326,0.0823724133595216,0.3401,0.0101,0.6151,0.1251,0.9851,0.1151,1.3851,0.2051
FSR_342,0.1726,0.020866559657295,0.53506,0.0646863349376145,1.71144182,0.10855818,0.38635,0.0022650635094611,0.3701,0.00510000000000001,0.5026,0.0276,0.6376,0.0725999999999998,0.8001,0.1151
FSR_357,0.4601,0.0001,1.42631,0.00031,1.618091145,0.091908855,0.78135,0.0065951905283833,0.3051,0.0501,0.6126,0.0775999999999992,0.8851,0.0901,1.3701,0.1051
FSR_369,0.31135,0.0065951905283833,0.9651850000000001,0.02044509063798823,1.160985905,0.249014095,0.4901,0.00622372435695795,0.2326,0.00759999999999999,0.4301,0.0001,0.6301,0.00510000000000001,0.8976,0.0176
FSR_377,0.44385,0.0120242400177118,1.3759350000000001,0.03727514405490658,1.593828375,0.086171625,0.67635,0.0268803566070357,0.2251,0.0101,0.5676,0.0026,0.8926,0.0126,1.2226,0.0176
FSR_378,0.2476,0.0104077640640442,0.76756,0.032264068598537025,2.973979055,0.103979055,1.0551,0.0001,0.2926,0.1676,0.6576,0.3576,0.9626,0.4926,1.3876,0.6826
FSR_39,0.4501,0.0001,1.39531,0.00031,1.299291135,0.049291135,0.5476,0.117653179455087,0.2801,0.00509999999999998,0.5276,0.0426,0.8951,0.0401,1.1251,0.145099999999999
FSR_398,0.6526,0.0144614066163451,2.02306,0.04483036051066981,2.014823845,0.155176155,0.97135,0.0538790619107474,0.4726,0.00759999999999998,0.9576,0.0026,1.4376,0.0476000000000001,1.8976,0.0176000000000001
FSR_401,0.33635,0.0171934929139717,1.042685,0.05329982803331228,2.805832575,0.155832575,0.6851,0.00876025403784435,0.0851,0.0051,0.3426,0.0176,0.6151,0.0451,0.9676,0.0876
FSR_406,0.73885,0.0152554445662277,2.290435,0.047291878155305875,4.09,,1.19385,0.0738711833983975,0.4901,0.0201,1.1051,0.0951,1.7051,0.1301,2.2451,0.1751
FSR_416,0.78385,0.0164458710382775,2.4299350000000004,0.050982200218660255,2.42804368,0.10195632,1.2451,0.0587301969977929,0.6151,0.0001,1.2476,0.0226,1.8276,0.0726,2.4351,0.1051
FSR_417,0.58885,0.00902678553567857,1.825435,0.02798303516060357,2.50795761,0.18795761,0.89385,0.0239156986040721,0.0001,0.0001,0.3576,0.0276,0.7826,0.0376,1.3201,0.1201
FSR_419,0.58885,0.00902678553567857,1.825435,0.02798303516060357,2.50795761,0.18795761,0.89385,0.0239156986040721,0.0001,0.0001,0.3576,0.0276,0.7826,0.0376,1.3201,0.1201
FSR_426,0.24885,0.0208289049397213,0.771435,0.06456960531313603,1.97,,0.58885,0.0022650635094611,0.0001,0.0001,0.1551,0.0250999999999999,0.3776,0.0626,0.6676,0.1076
FSR_431,0.3001,0.0359817502360181,0.93031,0.11154342573165611,2.696663175,0.126663175,0.6526,0.0026,0.5776,0.00760000000000001,0.8251,0.0351,1.0576,0.1026,1.3376,0.1776
FSR_441,0.51385,0.00970143218483577,1.5929350000000002,0.030074439772990885,2.07,,0.7626,0.021750635094611,0.2201,0.00510000000000001,0.5526,0.00760000000000001,0.9051,0.0101,1.3426,0.0476
FSR_451,0.6101,0.0235520787991172,1.89131,0.07301144427726332,,,0.9051,0.0118260393995586,0.1451,0.00509999999999999,0.5651,0.00509999999999995,1.0126,0.0726,1.4826,0.0126000000000001
FSR_460,0.39885,0.0179097585609688,1.236435,0.055520251539003286,1.223886295,0.193886295,0.58635,0.0160589316685046,0.2826,0.00259999999999997,0.5701,0.0001,0.8701,0.00510000000000001,1.1526,0.00260000000000006
FSR_498,0.4101,0.00945414346693484,1.2713100000000002,0.029307844747498004,1.372004015,0.0879959849999999,0.6351,0.0174205080756888,0.2426,0.0026,0.5201,0.0101,0.7776,0.00760000000000001,1.1326,0.0426
FSR_505,0.3876,0.0115564392373896,1.20156,0.03582496163590776,1.41104304,0.11104304,0.5826,0.0044301270189222,0.0176,0.0126,0.2451,0.0401,0.5026,0.0876000000000002,0.8676,0.0826
FSR_508,0.1676,0.0318214438511236,0.51956,0.09864647593848316,2.07,,0.3826,0.0284945417290014,0.0126,0.0126,0.1426,0.0126,0.3026,0.0576,0.4326,0.1076
FSR_519,0.02635,0.0195855715851499,0.081685,0.06071527191396469,2.372050885,0.00794911499999995,0.9276,0.0179535710713571,0.0776,0.0776,0.2801,0.2801,0.4926,0.4926,0.7626,0.7226
FSR_534,0.5426,0.00569016994374948,1.6820599999999999,0.017639526825623388,1.77565539,0.16434461,0.82385,0.0160589316685046,0.3626,0.00760000000000001,0.7401,0.0001,1.0901,0.0201,1.5451,0.0201
FSR_536,0.4401,0.0224606797749979,1.36431,0.0696281073024935,4.348100805,0.0481008050000002,0.8526,0.163826143300329,0.3101,0.0301,0.6076,0.0126,0.9001,0.0301,1.3301,0.0600999999999999
FSR_537,0.47885,0.0125373429638328,1.484435,0.03886576318788168,1.679041015,0.110958985,0.75635,0.0205251682979603,0.2676,0.0026,0.5851,0.0101,0.9326,0.0326,1.3126,0.0326
FSR_553,0.6551,0.00510000000000001,2.0308100000000002,0.015810000000000032,2.06243276,0.04756724,0.9051,0.0001,0.4426,0.0276,0.8601,0.0301,1.2551,0.0500999999999999,1.8076,0.0725999999999999
FSR_566,0.23135,0.00749509972887452,0.7171850000000001,0.02323480915951101,1.27944273,0.160557269999999,0.40385,0.0211282548015759,0.1726,0.00259999999999999,0.3201,0.00510000000000001,0.5126,0.0576000000000001,0.6751,0.0401
FSR_569,0.23135,0.00749509972887452,0.7171850000000001,0.02323480915951101,1.27944273,0.160557269999999,0.40385,0.0211282548015759,0.1726,0.00259999999999999,0.3201,0.00510000000000001,0.5126,0.0576000000000001,0.6751,0.0401
FSR_584,0.9451,0.0146773797371132,2.9298100000000002,0.04549987718505092,3.23,,1.3626,0.00759999999999999,0.3551,0.00510000000000001,1.0451,0.0101,1.7351,0.0300999999999999,2.4476,0.0476000000000001
FSR_592,0.75385,0.0144069039278245,2.336935,0.04466140217625595,2.878985815,0.148985815,1.1401,0.0248487373415292,0.0876,0.0026,0.6551,0.00510000000000001,1.1901,0.0151,1.7726,0.0276
FSR_596,0.6801,0.0290395922569755,2.1083100000000004,0.09002273599662405,2.371635925,0.101635925,0.9326,0.0217506350946109,0.2651,0.0300999999999997,0.7026,0.0626,1.2426,0.1226,1.6476,0.0876
FSR_600,0.73135,0.0195855715851499,2.267185,0.06071527191396469,2.49032363,0.06967637,1.0676,0.0179535710713571,0.3376,0.0026,0.8501,0.0001,1.3626,0.0126,1.9701,0.0550999999999999
FSR_634,0.3526,0.0208665596572952,1.0930600000000001,0.06468633493761512,3.1,,0.75135,0.0185983107336859,0.0451,0.0301,0.3451,0.0851000000000001,0.6201,0.1201,1.0151,0.1801
FSR_653,0.6876,0.00839156197588846,2.13156,0.02601384212525423,2.644004935,0.0959950650000001,0.9901,0.0118260393995586,0.0851,0.0001,0.5626,0.0126,1.0151,0.0001,1.5776,0.0426000000000001
FSR_665,0.3101,0.0334541601603159,0.96131,0.1037078964969793,3.07129032,0.18129032,1.1126,0.0109972473588517,0.0976,0.0226,0.4951,0.1851,0.8176,0.3476,1.2401,0.5551
FSR_667,0.50885,0.0135047566184545,1.5774350000000001,0.04186474551720895,1.424067435,0.054067435,0.54135,0.107767021413244,0.3576,0.0026,0.6476,0.0626,0.9101,0.1551,1.2576,0.162600000000001
FSR_686,0.23385,0.00659519052838328,0.724935,0.02044509063798817,1.38,,0.48385,0.0268803566070357,0.2201,0.0501,0.4001,0.0800999999999998,0.6001,0.0950999999999997,0.8251,0.1251
FSR_687,0.2201,0.0159113883008419,0.68231,0.04932530373260989,1.56094514,0.15094514,0.4126,0.0189745860881769,0.3101,0.00510000000000001,0.4601,0.0001,0.5926,0.0026,0.8176,0.0676
FSR_702,0.74135,0.0103316909648406,2.2981849999999997,0.03202824199100587,2.769582005,0.199582005,1.0701,0.00876025403784439,0.0326,0.0026,0.5476,0.0326,1.0301,0.0251,1.6426,0.0626
FSR_720,0.43385,0.0199037243971936,1.344935,0.061701545631300155,1.7,,0.64135,0.0022650635094611,0.0126,0.0126,0.2701,0.0151,0.5551,0.0451,1.0226,0.1176
FSR_723,0.4101,0.00363553390593272,1.2713100000000002,0.011270155108391433,1.386347265,0.173652735000001,0.63135,0.00902678553567857,0.2701,0.0001,0.5376,0.00760000000000001,0.7951,0.0151,1.1676,0.00760000000000006
FSR_732,0.19885,0.00424578098794424,0.6164350000000001,0.013161921062627143,0.60569656,0.25430344,0.31635,0.00970143218483577,0.1426,0.00259999999999999,0.2726,0.00760000000000001,0.4051,0.00509999999999998,0.6001,0.0001
FSR_734,0.4776,0.00569016994374948,1.48056,0.017639526825623388,1.530404265,0.269595735,0.7176,0.0217506350946109,0.2401,0.0351000000000001,0.5826,0.0026,0.8751,0.00510000000000001,1.3176,0.00260000000000006
FSR_735,0.4526,0.00569016994374948,1.40306,0.017639526825623388,1.61015031,0.07984969,0.6901,0.0036355339059327,0.2826,0.00259999999999997,0.5701,0.0001,0.8551,0.0101,1.2701,0.0101
FSR_744,0.42885,0.0156623744974859,1.3294350000000001,0.04855336094220629,1.448985015,0.121014985,0.63385,0.0498964607176052,0.2851,0.0001,0.5976,0.0675999999999999,0.9826,0.0525999999999999,1.1801,0.0451
FSR_777,0.45385,0.0130301005409857,1.406935,0.04039331167705567,1.7,,0.66135,0.0239156986040721,0.2201,0.0001,0.5051,0.0151,0.8126,0.0426,1.2226,0.0626
FSR_807,0.6026,0.0161078105935821,1.86806,0.04993421284010451,2.17784002,0.12215998,0.9201,0.0184711730708738,0.3501,0.0101,0.7701,0.0001,1.1901,0.00510000000000001,1.6701,0.0151
FSR_812,0.33635,0.0189331489666492,1.042685,0.058692761796612515,2.85695521,0.14695521,0.6151,0.00622372435695795,0.0001,0.0001,0.1976,0.00759999999999999,0.4526,0.0176,0.7676,0.0426
FSR_817,0.3601,0.00717106781186548,1.11631,0.022230310216782987,1.275371065,0.0146289350000001,0.5426,0.0109972473588517,0.2426,0.00760000000000001,0.4701,0.0101,0.7101,0.00510000000000001,1.0151,0.0151
FSR_823,0.53385,0.0321887441324836,1.6549350000000003,0.09978510681069916,1.922334175,0.157665825,0.71135,0.0125373429638328,0.2876,0.0026,0.6351,0.0401,0.9801,0.100100000000001,1.4526,0.1376
FSR_826,0.1901,0.0101,0.58931,0.03131,2.609235645,0.0207643549999998,0.5451,0.0087602540378444,0.2601,0.0251,0.4301,0.0701000000000001,0.6376,0.1276,0.8926,0.1576
FSR_833,0.4951,0.00717106781186548,1.53481,0.022230310216782987,1.70397655,0.12397655,0.7526,0.0161078105935821,0.1776,0.0026,0.5201,0.0101,0.8176,0.0026,1.2701,0.0201
FSR_850,0.4176,0.00569016994374948,1.2945600000000002,0.017639526825623388,1.23180894,0.158191059999999,0.65135,0.0139631706330118,0.2876,0.0026,0.5551,0.00510000000000001,0.8376,0.0276,1.1826,0.0276
FSR_852,0.57135,0.00749509972887449,1.7711850000000002,0.02323480915951092,1.77481049,0.03481049,0.85135,0.0139631706330118,0.3276,0.0026,0.7076,0.00760000000000001,1.0901,0.00510000000000001,1.5726,0.0276000000000001
FSR_869,0.20135,0.00424578098794424,0.624185,0.013161921062627143,0.64149247,0.04850753,0.33135,0.0022650635094611,0.1501,0.00510000000000001,0.2876,0.00759999999999998,0.4251,0.0101,0.6001,0.0251
FSR_87,0.6451,0.0281624304008046,1.99981,0.08730353424249426,4.697512325,0.0775123249999998,1.7326,0.0459938993767145,0.4901,0.1151,1.2426,0.3676,1.9026,0.6126,2.5676,0.7926
FSR_891,0.53885,0.00424578098794425,1.6704350000000001,0.013161921062627176,1.879436145,0.0494361449999999,0.79635,0.00970143218483577,0.1801,0.0201000000000001,0.5301,0.00510000000000001,0.8726,0.0176,1.3726,0.0476
FSR_893,0.55135,0.0114880419739304,1.7091850000000002,0.03561293011918425,1.672344755,0.227655245000001,0.81885,0.0022650635094611,0.3301,0.00510000000000001,0.6976,0.00760000000000001,1.0351,0.0101,1.4876,0.0226
FSR_902,0.4101,0.0001,1.2713100000000002,0.00031,1.37013894,0.05986106,0.65635,0.0065951905283833,0.2076,0.00759999999999999,0.4851,0.0251,0.7176,0.0276,1.1326,0.0376
FSR_905,0.1526,0.0044301270189222,0.47306000000000004,0.01373339375865882,0.4223013,0.2076987,0.2201,0.0001,0.1201,0.0001,0.2126,0.00760000000000001,0.3026,0.00760000000000001,0.4326,0.00760000000000001
FSR_909,0.4776,0.0130903810567666,1.48056,0.040580181275976464,1.67871543,0.00871543000000008,0.7251,0.0001,0.2951,0.00510000000000001,0.5826,0.0176,0.8476,0.0226,1.3551,0.0651
FSR_911,0.4026,0.0026,1.2480600000000002,0.00806,1.148259005,0.0382590049999999,0.5601,0.00876025403784435,0.0776,0.0276,0.2951,0.0601000000000001,0.5176,0.0776000000000003,0.8876,0.0976000000000003
FSR_929,0.41135,0.00424578098794423,1.275185,0.013161921062627114,1.11278012,0.37721988,0.6401,0.0001,0.2726,0.0026,0.5126,0.00760000000000001,0.7576,0.0176,1.1626,0.0176
FSR_931,0.4851,0.0001,1.5038099999999999,0.00031,1.57115258,0.13884742,0.7351,0.0107066017177982,0.3326,0.0026,0.6526,0.0126,0.9501,0.0351,1.3751,0.0250999999999999
FSR_932,0.16635,0.0022650635094611,0.5156850000000001,0.00702169687932941,0.44879619,0.0812038099999998,0.2751,0.0118260393995586,0.0701,0.0051,0.1826,0.0126,0.3051,0.0151,0.4526,0.0226
FSR_939,0.0476,0.0044301270189222,0.14756000000000002,0.01373339375865882,0.302700005,0.257299995,0.0876,0.00443012701892219,0.0176,0.0076,0.0376,0.0026,0.0701,0.0151,0.1351,0.0101
FSR_942,0.18885,0.00902678553567857,0.585435,0.02798303516060357,0.84,,0.3076,0.00760000000000001,0.1426,0.00259999999999999,0.2351,0.00509999999999999,0.3676,0.0326,0.5876,0.0476
FSR_946,0.21385,0.00424578098794425,0.662935,0.013161921062627176,0.8440219,0.0859781000000004,0.34635,0.00970143218483574,0.1501,0.0001,0.2976,0.00760000000000001,0.4226,0.00760000000000001,0.6401,0.0201
FSR_948,0.43385,0.00554862367942585,1.344935,0.017200733406220133,1.539248715,0.360751285,0.08635,0.0182572988079175,0.2301,0.0301000000000001,0.3676,0.1876,0.5126,0.2976,0.7476,0.4626
FSR_951,0.3226,0.00760000000000001,1.00006,0.023560000000000032,0.949469515,0.160530485,0.50635,0.0175553000547112,0.2401,0.0001,0.4401,0.0001,0.6751,0.0101,0.9501,0.00510000000000001
FSR_955,0.1951,0.00622372435695794,0.60481,0.019293545506569615,0.86281671,0.117183290000001,0.3201,0.0001,0.1826,0.0026,0.2926,0.0026,0.4226,0.00760000000000001,0.5951,0.0201
FSR_968,0.3851,0.00363553390593274,1.19381,0.011270155108391494,1.477914305,0.0920856950000001,0.59135,0.0065951905283833,0.2276,0.0026,0.4551,0.0301,0.6776,0.00760000000000001,1.0301,0.0201
FSR_974,0.37635,0.00554862367942585,1.1666850000000002,0.017200733406220133,1.521434975,0.0685650250000001,0.4876,0.0130903810567666,0.2226,0.0176,0.4526,0.0126,0.6476,0.0426,1.0026,0.0676
FSR_975,0.34385,0.0195855715851499,1.065935,0.06071527191396469,0.90045722,0.18045722,0.51635,0.0065951905283833,0.2476,0.0026,0.4476,0.00760000000000001,0.6651,0.0251,1.0451,0.0851
FSR_985,0.09385,0.00659519052838329,0.290935,0.0204450906379882,1.394926495,0.185073505,0.2801,0.0001,0.3576,0.0026,0.4151,0.0251,0.5101,0.0401,0.6451,0.0750999999999996
FSR_999,0.02885,0.0022650635094611,0.089435,0.00702169687932941,0.638746025,0.00874602499999999,0.1051,0.0001,0.0626,0.0126,0.0651,0.0101,0.0951,0.0151,0.1701,0.0101
Feibelman_1,0.6251,0.00945414346693486,1.93781,0.02930784474749807,2.368878975,0.0888789750000001,0.9076,0.0130903810567666,0.2601,0.0151,0.7051,0.0201,1.0926,0.0376,1.6451,0.0401
Feinstein_1,0.34385,0.00554862367942582,1.065935,0.017200733406220043,1.354940355,0.0449403549999999,0.5301,0.0001,0.1676,0.0026,0.3826,0.0126,0.5776,0.0176,0.9351,0.0351
Ferrero_1,0.1351,0.00622372435695795,0.41881,0.019293545506569646,0.413445745,0.0665542550000001,0.27135,0.0109253175473055,0.1051,0.0001,0.2101,0.0201,0.3176,0.0276,0.4401,0.0551
Ferrero_11,0.1926,0.00569016994374948,0.59706,0.017639526825623388,0.62404737,0.19595263,0.3151,0.0001,0.1401,0.0001,0.2676,0.00760000000000001,0.3926,0.0126,0.5826,0.00760000000000001
Ferrero_54,0.06635,0.00424578098794425,0.20568500000000003,0.013161921062627176,0.280465035,0.149534965,0.1276,0.0026,0.0226,0.0026,0.0626,0.0026,0.1176,0.0026,0.1776,0.0176
GLM-G360_46,0.2601,0.00622372435695795,0.80631,0.019293545506569646,0.99840922,0.14159078,0.4101,0.0107066017177982,0.1876,0.0026,0.3576,0.0026,0.5351,0.00510000000000001,0.7626,0.0276
GLM-G360_49,0.20885,0.036393077852395,0.6474350000000001,0.1128185413424245,1.78,,0.47885,0.0331482601660057,0.0001,0.0001,0.0301,0.0151,0.2001,0.0350999999999999,0.4101,0.1001
Gaia_1,0.2676,0.0322130814466632,0.8295600000000001,0.09986055248465592,1.253614555,0.076385445,0.45635,0.0125373429638328,0.1901,0.0101,0.4001,0.0001,0.5176,0.0876000000000002,0.8901,0.0151
Gaia_10,0.13885,0.00554862367942584,0.430435,0.017200733406220105,0.918582555,0.101417445,0.24385,0.0114880419739304,0.0751,0.0051,0.1626,0.0026,0.2501,0.00510000000000001,0.4151,0.0001
Gaia_5,0.22635,0.0109253175473055,0.701685,0.03386848439664705,0.05,,0.23885,0.0199037243971936,0.1401,0.0351,0.2326,0.0726,0.3376,0.1276,0.5926,0.2026
Gaia_6,0.1951,0.00876025403784438,0.60481,0.02715678751731758,0.6,,0.2426,0.0026,0.0951,0.00510000000000001,0.2076,0.0176,0.3201,0.0351000000000005,0.4976,0.0676000000000001
Gaia_7,0.3601,0.00717106781186548,1.11631,0.022230310216782987,1.275371065,0.0146289350000001,0.5426,0.0109972473588517,0.2426,0.00760000000000001,0.4701,0.0101,0.7101,0.00510000000000001,1.0151,0.0151
Gaia_8,0.08135,0.00424578098794425,0.25218500000000005,0.013161921062627176,0.420529545,0.239470455,0.1201,0.0235520787991171,0.0401,0.0051,0.0776,0.0076,0.0976,0.0326,0.2076,0.0026
Graham_1,0.54135,0.0275715762197949,1.678185,0.08547188628136419,2.21,,0.80885,0.00659519052838324,0.0151,0.0101,0.3901,0.0201,0.7981,0.0880999999999999,1.3026,0.1576
Gran_5,0.36885,0.0199037243971936,1.143435,0.061701545631300155,1.89637937,0.14362063,0.6501,0.0001,0.3576,0.0026,0.6451,0.0101,0.9076,0.0526,1.2401,0.0701000000000001
Gulliver_1,0.2601,0.0146773797371132,0.80631,0.04549987718505092,0.55774448,0.0622555200000004,0.29135,0.0144069039278245,0.1926,0.00760000000000001,0.3301,0.0201,0.4576,0.0525999999999999,0.7026,0.0976000000000003
Gulliver_10,0.1776,0.0567237582645306,0.55056,0.17584365062004487,2.05888712,0.18888712,0.3851,0.0087602540378444,0.1676,0.0026,0.2951,0.00510000000000001,0.4501,0.00510000000000001,0.4826,0.1976
Gulliver_11,0.33885,0.00424578098794423,1.050435,0.013161921062627114,1.17015846,0.02015846,0.4601,0.00876025403784437,0.2626,0.0026,0.4776,0.0176,0.6901,0.0251,0.9426,0.0276
Gulliver_12,0.2526,0.00569016994374948,0.78306,0.017639526825623388,0.733835995,0.106164005,0.40135,0.00902678553567855,0.1701,0.0001,0.3376,0.0026,0.5101,0.00510000000000001,0.7301,0.00510000000000001
Gulliver_13,0.25885,0.0109253175473055,0.8024350000000001,0.03386848439664705,1.21038319,0.12038319,0.36885,0.0022650635094611,0.2426,0.00760000000000001,0.4001,0.00510000000000001,0.5676,0.0126,0.7676,0.0126
Gulliver_14,0.34885,0.0135047566184545,1.081435,0.04186474551720895,1.871816605,0.061816605,0.52385,0.0284670142947755,0.4201,0.00510000000000001,0.6601,0.00510000000000001,0.8701,0.00510000000000001,1.1501,0.0101
Gulliver_15,0.49385,0.0109253175473055,1.5309350000000002,0.03386848439664705,2.747708595,0.047708595,0.8101,0.00876025403784435,0.2576,0.0026,0.5926,0.0376,0.9791,0.00910000000000001,1.4501,0.0901
Gulliver_19,0.4026,0.0026,1.2480600000000002,0.00806,3.8790299,0.0690298999999999,0.81135,0.00970143218483572,0.6026,0.0875999999999995,0.9476,0.117599999999999,1.3151,0.1201,1.7151,0.1651
Gulliver_2,0.2201,0.00622372435695795,0.68231,0.019293545506569646,0.987918705,0.042081295,0.39135,0.0152554445662277,0.1651,0.00510000000000001,0.3301,0.0351000000000003,0.4876,0.0226,0.7026,0.0676
Gulliver_20,0.1301,0.00363553390593274,0.40331,0.011270155108391494,0.361249075,0.168750925,0.18135,0.00554862367942585,0.0676,0.0026,0.1376,0.00759999999999999,0.2051,0.0151,0.3326,0.0226
Gulliver_21,0.06885,0.00659519052838329,0.21343499999999999,0.0204450906379882,0.25286748,0.14713252,0.0851,0.00876025403784439,0.0576,0.0026,0.0751,0.0051,0.1151,0.0101,0.1826,0.0326
Gulliver_22,0.25635,0.0065951905283833,0.7946850000000001,0.02044509063798823,0.71424627,0.0,0.35635,0.0022650635094611,0.1601,0.0001,0.3126,0.00760000000000001,0.4676,0.0176,0.6826,0.0226
Gulliver_23,0.44635,0.0109253175473055,1.383685,0.03386848439664705,3.68500981,0.504990189999997,0.66635,0.0301780235387899,0.3701,0.0201,0.6726,0.00760000000000001,0.9826,0.0026,1.3526,0.0226
Gulliver_24,0.42385,0.00902678553567857,1.313935,0.02798303516060357,1.43281353,0.0428135300000001,0.6251,0.0118260393995586,0.2776,0.0026,0.5726,0.0026,0.8351,0.0001,1.1951,0.00510000000000001
Gulliver_26,0.54885,0.0144069039278245,1.7014349999999998,0.04466140217625595,1.70691548,0.176915479999998,0.85885,0.0233849200127465,0.3626,0.0026,0.7351,0.00510000000000001,1.1276,0.0176,1.6126,0.0276
Gulliver_3,0.3651,0.0107066017177982,1.13181,0.033190465325174424,1.662754325,0.292754325000001,0.6051,0.0001,0.1751,0.00509999999999999,0.4101,0.00509999999999998,0.6526,0.0026,1.0301,0.00510000000000001
Gulliver_30,0.5426,0.0044301270189222,1.6820599999999999,0.01373339375865882,1.84615484,0.213845159999999,0.87635,0.0412362066797608,0.3226,0.00760000000000001,0.7526,0.0726,1.1076,0.0726,1.6176,0.1076
Gulliver_32,0.37635,0.00902678553567857,1.1666850000000002,0.02798303516060357,1.069420205,0.090579795,0.5726,0.0193028643696715,0.2926,0.00760000000000001,0.5551,0.0101,0.8026,0.0026,1.1376,0.00760000000000006
Gulliver_33,0.3401,0.00622372435695793,1.05431,0.019293545506569584,1.487152775,0.007152775,0.5276,0.0135629120178363,0.2976,0.00760000000000001,0.5301,0.0001,0.7851,0.0151,1.0451,0.0201
Gulliver_34,0.30385,0.00749509972887453,0.9419350000000001,0.023234809159511045,1.37828521,0.02171479,0.4976,0.00839156197588851,0.2226,0.0026,0.4026,0.0176,0.6076,0.0276,0.8976,0.0226
Gulliver_35,0.33885,0.00424578098794423,1.050435,0.013161921062627114,1.11933388,0.209333879999999,0.54885,0.00902678553567857,0.2426,0.0026,0.4626,0.00759999999999998,0.6901,0.0101,1.0001,0.0201
Gulliver_36,0.25385,0.0125373429638328,0.786935,0.03886576318788168,1.01077265,0.18922735,0.41635,0.0022650635094611,0.2026,0.00259999999999999,0.3826,0.0026,0.5276,0.0226,0.7751,0.0201
Gulliver_37,0.3126,0.0130903810567666,0.96906,0.040580181275976464,1.313849865,0.193849865,0.5651,0.107861310311261,0.3581,0.0121,0.6026,0.0126,0.7851,0.0201,1.1051,0.0250999999999999
Gulliver_38,0.27385,0.0199037243971936,0.848935,0.061701545631300155,,,0.53885,0.0065951905283833,0.4051,0.0101,0.6176,0.0126,0.8276,0.0376,1.0876,0.0876
Gulliver_39,0.42885,0.0171934929139717,1.3294350000000001,0.05329982803331228,1.532106695,0.042106695,0.6201,0.0001,0.3001,0.00510000000000001,0.5751,0.00510000000000001,0.8451,0.0201,1.2326,0.0376
Gulliver_4,0.1676,0.0526,0.51956,0.16306,1.734218325,0.114218325,0.4601,0.0001,0.4276,0.0026,0.5776,0.0226,0.6701,0.1501,0.8651,0.1951
Gulliver_40,0.1701,0.00945414346693485,0.5273100000000001,0.029307844747498035,0.65266182,0.04733818,0.2651,0.0001,0.1251,0.0001,0.2301,0.00509999999999999,0.3351,0.00510000000000001,0.4776,0.0176
Gulliver_41,0.5276,0.0297858552175948,1.63556,0.09233615117454388,3.38453462,0.03546538,0.7901,0.0001,0.3151,0.00510000000000001,0.6426,0.0126,1.0376,0.0776,1.5001,0.0801000000000001
Gulliver_42,0.44635,0.0109253175473055,1.383685,0.03386848439664705,3.68500981,0.504990189999997,0.66635,0.0301780235387899,0.3701,0.0201,0.6726,0.00760000000000001,0.9826,0.0026,1.3526,0.0226
Gulliver_43,0.86635,0.0135047566184545,2.685685,0.04186474551720895,2.669969195,0.179969195,1.2551,0.0107066017177982,0.3576,0.0026,0.9901,0.0201,1.5801,0.0351,2.2801,0.0550999999999999
Gulliver_44,0.37385,0.00970143218483577,1.158935,0.030074439772990885,1.586796115,0.063203885,0.5451,0.0232840462387392,0.3251,0.0001,0.5751,0.0001,0.7976,0.0226,1.1276,0.0126
Gulliver_48,0.25135,0.0246903944661325,0.7791850000000001,0.07654022284501076,3.22954302,0.000456980000000051,1.15135,0.0182572988079174,0.4726,0.0925999999999999,0.8426,0.3026,1.1926,0.5176,1.5676,0.7376
Gulliver_5,0.6201,0.0151,1.92231,0.046810000000000004,2.06437096,0.00437095999999992,0.9551,0.0204100960115899,0.3551,0.0351,0.7851,0.00510000000000001,1.2201,0.0501000000000001,1.7176,0.0176000000000001
Gulliver_50,0.2276,0.00569016994374947,0.70556,0.017639526825623357,0.788181755,0.061818245,0.39385,0.0022650635094611,0.1951,0.0001,0.3426,0.00759999999999998,0.4951,0.00510000000000001,0.7151,0.0301
Gulliver_51,0.53435,0.0114660679216693,1.656485,0.03554481055717483,1.608238625,0.00823862499999994,0.8101,0.0484476990145343,0.3701,0.00510000000000001,0.7651,0.0101,1.1066,0.0586,1.5686,0.0316000000000001
Gulliver_52,0.3901,0.0142421356237309,1.20931,0.04415062043356579,1.3754749,0.00547489999999995,0.61885,0.0022650635094611,0.2651,0.00510000000000001,0.5226,0.0026,0.7801,0.0201,1.1426,0.00260000000000006
Gulliver_53,0.3726,0.00569016994374948,1.15506,0.017639526825623388,1.457048415,0.102951585,0.6126,0.00760000000000001,0.2076,0.0026,0.4501,0.00510000000000001,0.7001,0.0151,1.0476,0.0176
Gulliver_54,0.1951,0.00363553390593274,0.60481,0.011270155108391494,0.70706267,0.00293732999999996,0.31135,0.0022650635094611,0.1801,0.0001,0.2951,0.00510000000000001,0.4176,0.0026,0.5951,0.00510000000000001
Gulliver_55,0.2376,0.0239484800354237,0.73656,0.07424028810981347,1.107098185,0.057098185,0.3576,0.0193028643696715,0.2426,0.0026,0.3926,0.00760000000000001,0.5176,0.0176,0.7201,0.0201
Gulliver_56,0.24385,0.00749509972887453,0.755935,0.023234809159511045,0.511611895,0.128388105,0.3926,0.0130903810567666,0.2176,0.0026,0.3651,0.0001,0.5426,0.00760000000000001,0.7376,0.0126
Gulliver_57,0.8201,0.0107066017177982,2.54231,0.033190465325174424,2.629851225,0.119851225,1.19135,0.0254414186658916,0.5976,0.00760000000000001,1.2001,0.0001,1.7601,0.00510000000000001,2.3901,0.0201
Gulliver_58,0.6801,0.0128475487839819,2.1083100000000004,0.039827401230343895,2.42030626,0.0603062600000002,1.02135,0.0266459507269942,0.3176,0.0126,0.8151,0.0101,1.3051,0.0001,1.8526,0.0276
Gulliver_59,0.37385,0.0109253175473055,1.158935,0.03386848439664705,1.514267965,0.075732035,0.5926,0.00760000000000001,0.2601,0.00510000000000001,0.4951,0.0001,0.7501,0.0101,1.0976,0.0126000000000001
Gulliver_6,0.1201,0.0001,0.37231000000000003,0.00031,0.5743174,0.2756826,0.2126,0.0144614066163451,0.0676,0.0026,0.1426,0.00759999999999999,0.2626,0.0325999999999999,0.3551,0.00510000000000001
Gulliver_60,0.3376,0.00839156197588848,1.0465600000000002,0.02601384212525429,1.428592855,0.00140714499999994,0.5251,0.0087602540378444,0.2601,0.00510000000000001,0.4976,0.0126,0.7201,0.0201,0.9801,0.0501
Gulliver_7,0.41385,0.0114880419739304,1.282935,0.03561293011918425,2.13758522,0.01758522,0.6551,0.0001,0.1501,0.0001,0.4076,0.00759999999999998,0.6876,0.0276,1.1001,0.0451
HP_1,0.54135,0.00554862367942585,1.678185,0.017200733406220133,2.117516115,0.352483885000002,0.8326,0.0226,0.3426,0.00259999999999997,0.7201,0.0101,1.0801,0.0151,1.5701,0.0401
HSC_10,0.4226,0.00569016994374948,1.31006,0.017639526825623388,1.65527016,0.0,0.6676,0.0109972473588517,0.1476,0.0026,0.4301,0.0001,0.7176,0.00760000000000001,1.1026,0.00760000000000006
HSC_100,0.2926,0.0044301270189222,0.9070600000000001,0.01373339375865882,1.7269591,0.0630409000000001,0.54385,0.00424578098794425,0.1976,0.0026,0.3751,0.00510000000000001,0.5701,0.0251,0.8676,0.0526000000000001
HSC_1001,0.3976,0.00839156197588849,1.23256,0.02601384212525432,1.57842567,0.0315743300000001,0.64135,0.00554862367942585,0.2526,0.00760000000000001,0.5051,0.00510000000000001,0.7701,0.0001,1.1301,0.0200999999999999
HSC_1008,0.18885,0.00902678553567857,0.585435,0.02798303516060357,0.84,,0.3076,0.00760000000000001,0.1426,0.00259999999999999,0.2351,0.00509999999999999,0.3676,0.0326,0.5876,0.0476
HSC_1011,0.5426,0.00569016994374948,1.6820599999999999,0.017639526825623388,1.77565539,0.16434461,0.82385,0.0160589316685046,0.3626,0.00760000000000001,0.7401,0.0001,1.0901,0.0201,1.5451,0.0201
HSC_1012,0.6851,0.0112803398874989,2.12381,0.03496905365124659,3.685290875,0.314709125,1.01885,0.0342641259217911,0.1801,0.0001,0.6726,0.00760000000000001,1.1326,0.00759999999999995,1.6951,0.0201
HSC_1014,0.65635,0.0109253175473055,2.034685,0.03386848439664705,2.517783445,0.177783445,0.9326,0.00759999999999996,0.0676,0.0226,0.5151,0.0451,0.9351,0.0701,1.4826,0.0826
HSC_1018,0.4801,0.0213132034355964,1.48831,0.06607093065034884,1.95,,0.7051,0.151220812597074,0.4401,0.0501,0.7051,0.1051,1.3576,0.1776,1.2776,0.0776
HSC_1019,0.62635,0.0135047566184545,1.9416849999999999,0.04186474551720895,2.13403518,0.13596482,0.8901,0.0253487623459052,0.2376,0.00759999999999999,0.6551,0.00510000000000001,1.0776,0.00260000000000006,1.5801,0.0451
HSC_1025,0.52635,0.00902678553567857,1.631685,0.02798303516060357,1.624469635,0.00446963499999997,0.8026,0.0109972473588516,0.3001,0.00510000000000001,0.6501,0.0101,1.0001,0.0101,1.4451,0.0151
HSC_1028,0.6701,0.0221794021658196,2.07731,0.06875614671404076,2.622832005,0.00716799499999987,0.9751,0.0188082869338697,0.1051,0.0051,0.5776,0.0126,1.0726,0.0326,1.5501,0.00510000000000001
HSC_1036,0.38185,0.0235880288657861,1.1837350000000002,0.07312288948393691,2.0029876,0.0529875999999999,0.44885,0.0355215682882619,0.1876,0.0126,0.3901,0.0251,0.6836,0.1386,0.9651,0.170099999999999
HSC_1043,0.4451,0.00622372435695795,1.37981,0.019293545506569646,1.720465325,0.199534675,0.6826,0.0193028643696715,0.2676,0.0026,0.5751,0.0101,0.8551,0.0151,1.2726,0.00259999999999995
HSC_1053,0.6526,0.0044301270189222,2.02306,0.01373339375865882,2.084665055,0.025334945,0.9501,0.0174205080756887,0.3376,0.0226,0.8001,0.00510000000000001,1.1826,0.00759999999999995,1.7601,0.00510000000000001
HSC_1055,0.2476,0.0104077640640442,0.76756,0.032264068598537025,0.670954795,0.100954795,0.3976,0.0130903810567666,0.1626,0.00760000000000001,0.3451,0.0001,0.5051,0.0101,0.7276,0.0226
HSC_1057,0.4701,0.0323102468168128,1.45731,0.10016176513211968,1.47393217,0.0760678300000001,0.72385,0.0372441448952591,0.3226,0.0026,0.6676,0.0226,1.0626,0.0126,1.3526,0.0676
HSC_1060,0.55385,0.0273431183971292,1.7169349999999999,0.08476366703110053,1.643742705,0.213742705000001,0.87385,0.0307950728945217,0.2976,0.0226,0.7376,0.0426,1.1301,0.0551000000000001,1.5326,0.1276
HSC_1061,0.71385,0.03276783586343,2.212935,0.10158029117663302,2.2,,1.08135,0.0152554445662277,0.3151,0.0301,0.8601,0.0101,1.3326,0.0526,1.8926,0.0476
HSC_1064,0.3176,0.0115564392373896,0.98456,0.03582496163590776,1.04841068,0.30841068,0.46635,0.0164458710382775,0.2576,0.0026,0.4626,0.0026,0.6376,0.0026,0.9301,0.0201
HSC_1065,0.5851,0.00622372435695795,1.81381,0.019293545506569646,1.521786165,0.251786165,0.9126,0.0109972473588517,0.2726,0.0226,0.6801,0.0401,1.0651,0.0351,1.5826,0.0526
HSC_1081,0.47635,0.00554862367942585,1.476685,0.017200733406220133,1.75,,0.74635,0.0152554445662277,0.2726,0.0026,0.5951,0.0151,0.8951,0.00510000000000001,1.3376,0.0276
HSC_1085,0.40885,0.0103316909648405,1.267435,0.032028241991005554,3.39673861,0.0232613900000001,0.81135,0.0185983107336859,0.2151,0.0351000000000001,0.5526,0.0826000000000001,0.9151,0.0601,1.3776,0.0876
HSC_1099,0.7501,0.00717106781186548,2.32531,0.022230310216782987,2.778932845,0.0410671549999999,1.16635,0.0195855715851498,0.3801,0.0251,0.9151,0.0301,1.4476,0.0726,2.0476,0.0576
HSC_1102,0.6801,0.0290395922569755,2.1083100000000004,0.09002273599662405,2.371635925,0.101635925,0.9326,0.0217506350946109,0.2651,0.0300999999999997,0.7026,0.0626,1.2426,0.1226,1.6476,0.0876
HSC_1106,0.8676,0.0126,2.68956,0.039060000000000004,2.92236963,0.01763037,1.3026,0.0252246890528022,0.4101,0.0151,1.0451,0.0001,1.6851,0.00510000000000001,2.3551,0.0001
HSC_1108,0.5276,0.0626,1.63556,0.19406,2.269173335,0.119173335,0.75385,0.0828930401664299,0.0001,0.0001,0.1676,0.0276,0.5026,0.0276,0.9351,0.1001
HSC_1122,0.75385,0.0164458710382775,2.336935,0.050982200218660255,2.824188575,0.0158114249999999,1.1201,0.0283842712474619,0.1901,0.00510000000000001,0.7401,0.00510000000000001,1.2826,0.00259999999999995,1.8826,0.0276
HSC_1128,0.18885,0.00902678553567857,0.585435,0.02798303516060357,0.84,,0.3076,0.00760000000000001,0.1426,0.00259999999999999,0.2351,0.00509999999999999,0.3676,0.0326,0.5876,0.0476
HSC_1130,0.7426,0.0126,2.30206,0.039060000000000004,2.84034735,0.21034735,0.5951,0.0001,0.1001,0.0250999999999999,0.5026,0.1876,0.9001,0.3051,1.3651,0.435100000000001
HSC_1136,0.5201,0.00717106781186548,1.6123100000000001,0.022230310216782987,1.851374875,0.108625125,0.8051,0.0260807621135331,0.3551,0.00510000000000001,0.7551,0.0501000000000001,1.0951,0.0501000000000001,1.5376,0.0676
HSC_115,0.1801,0.00363553390593274,0.5583100000000001,0.011270155108391494,3.630174545,0.299825455,1.0601,0.0151,0.2751,0.1051,0.5926,0.3176,0.9251,0.4801,1.3101,0.6551
HSC_1168,0.5601,0.00945414346693482,1.7363100000000002,0.029307844747497945,1.67687572,0.0931242800000001,0.6851,0.225266604983954,0.3676,0.0026,0.7351,0.0151,0.8651,0.2501,1.5476,0.0126000000000001
HSC_1177,0.3456,0.0173699160391705,1.07136,0.053846739721428546,3.05887111,0.0188711100000001,1.1901,0.0204100960115899,0.2911,0.0791000000000001,0.7751,0.1851,1.1801,0.3851,1.6001,0.5401
HSC_1203,0.6051,0.00622372435695795,1.87581,0.019293545506569646,2.44796578,0.11796578,0.8726,0.00760000000000001,0.0001,0.0001,0.3326,0.00760000000000001,0.7276,0.0176,1.2451,0.0551000000000001
HSC_1229,0.29135,0.00749509972887451,0.903185,0.023234809159510983,1.395775655,0.185775655,0.5226,0.0109972473588517,0.2751,0.0101,0.4701,0.0101,0.6851,0.0251,0.9451,0.0600999999999999
HSC_1232,0.3501,0.0303076149339864,1.08531,0.09395360629535784,3.9,,0.66885,0.0139631706330118,0.0726,0.0076,0.3601,0.0101,0.6176,0.0376,0.9226,0.1226
HSC_1246,0.18885,0.00902678553567857,0.585435,0.02798303516060357,0.84,,0.3076,0.00760000000000001,0.1426,0.00259999999999999,0.2351,0.00509999999999999,0.3676,0.0326,0.5876,0.0476
HSC_1248,0.51885,0.00554862367942585,1.608435,0.017200733406220133,1.561402265,0.00859773500000005,0.8576,0.0459938993767145,0.3701,0.0251,0.7976,0.1076,1.1626,0.157599999999999,1.6276,0.1526
HSC_1258,0.2226,0.0115564392373896,0.69006,0.03582496163590776,1.762233975,0.117766025,0.44135,0.0614774184859545,0.1776,0.0126,0.3226,0.0026,0.4676,0.00759999999999998,0.7901,0.0701
HSC_1259,0.2851,0.0107066017177982,0.8838100000000001,0.033190465325174424,1.086325665,0.143674335,0.37885,0.0307950728945217,0.1926,0.0026,0.3451,0.0151,0.4901,0.0601000000000004,0.7751,0.0551
HSC_1272,0.26635,0.027112728481218,0.825685,0.08404945829177579,1.943877195,0.00612280499999995,0.5726,0.00760000000000001,0.1126,0.0076,0.3126,0.00760000000000001,0.5151,0.0551,0.7851,0.1151
HSC_1274,0.1476,0.0026,0.45756,0.00806,0.4613221,0.0,0.19635,0.0022650635094611,0.0851,0.0001,0.1701,0.0101,0.2626,0.0176,0.3851,0.0301
HSC_1286,0.43385,0.0065951905283833,1.344935,0.02044509063798823,1.5417479,0.1482521,0.0901,0.0204100960115899,0.0301,0.0301,0.1776,0.1776,0.3251,0.3101,0.5776,0.4926
HSC_1289,0.3676,0.00569016994374948,1.13956,0.017639526825623388,1.244933785,0.195066215,0.5426,0.0044301270189222,0.2651,0.0001,0.4976,0.0026,0.7251,0.00510000000000001,1.0526,0.0126
HSC_129,0.70135,0.0189331489666492,2.174185,0.058692761796612515,2.518734545,0.171265455,1.0651,0.00876025403784439,0.4601,0.00510000000000001,0.9851,0.00510000000000001,1.4476,0.00760000000000006,2.0051,0.0600999999999999
HSC_1293,0.3101,0.0123474487139159,0.96131,0.038277091013139294,0.9350601,0.1349399,0.3576,0.021750635094611,0.1751,0.0301,0.3151,0.0901000000000001,0.5101,0.0951,0.7426,0.1726
HSC_1294,0.45885,0.0065951905283833,1.422435,0.02044509063798823,1.4799906,0.0,0.69635,0.00659519052838325,0.2851,0.00509999999999998,0.5826,0.0126,0.8676,0.00760000000000001,1.3076,0.0126000000000001
HSC_1297,0.40385,0.00659519052838327,1.251935,0.020445090637988137,1.427210775,0.062789225,0.62635,0.00829679815537751,0.1776,0.0026,0.4251,0.0001,0.6951,0.0001,1.0451,0.0001
HSC_1298,0.30885,0.00970143218483577,0.957435,0.030074439772990885,1.21007693,0.0,0.3751,0.0204100960115899,0.2326,0.00759999999999999,0.3926,0.0176,0.5801,0.0351,0.8401,0.100100000000001
HSC_1299,0.4576,0.00839156197588849,1.41856,0.02601384212525432,1.49208666,0.03208666,0.7151,0.00876025403784439,0.3576,0.00760000000000001,0.6501,0.0401,0.9651,0.0101,1.3901,0.0200999999999999
HSC_13,0.2451,0.012847548783982,0.7598100000000001,0.0398274012303442,3.16703601,0.11296399,0.5226,0.00760000000000001,0.3476,0.0026,0.5201,0.0101,0.7101,0.0401,0.9951,0.0701
HSC_1300,0.38385,0.00424578098794425,1.1899350000000002,0.013161921062627176,1.06834383,0.03834383,0.5776,0.0189745860881769,0.1151,0.0251,0.3351,0.0351000000000003,0.6151,0.0101,0.9351,0.0701
HSC_1306,0.5751,0.00800569415042095,1.7828099999999998,0.024817651866304948,1.903391855,0.196608145,0.8251,0.0001,0.3426,0.0126,0.7076,0.0276,1.0651,0.0551000000000001,1.5726,0.0676
HSC_1310,0.57635,0.0065951905283833,1.786685,0.02044509063798823,1.536888055,0.0731119450000001,0.90635,0.0139631706330118,0.3351,0.00510000000000001,0.7651,0.0201,1.0726,0.0176000000000001,1.6751,0.0301
HSC_1312,0.55635,0.0114880419739303,1.724685,0.035612930119183935,1.925410465,0.0154104650000001,0.83885,0.0103316909648406,0.2351,0.0101,0.5851,0.0301,0.9776,0.0475999999999999,1.4401,0.0551000000000001
HSC_1315,0.6201,0.0001,1.92231,0.00031,1.480474705,0.180474705,0.88885,0.0860778314450882,0.2816,0.1016,0.8576,0.00760000000000001,1.2376,0.0476,1.7751,0.0251
HSC_1317,0.65635,0.0022650635094611,2.034685,0.00702169687932941,1.916897735,0.00310226499999999,0.82385,0.193179484927841,0.4801,0.00510000000000001,0.9451,0.0001,1.1076,0.202600000000001,1.8976,0.00259999999999995
HSC_1321,0.2001,0.00717106781186547,0.62031,0.02223031021678296,0.36971797,0.0,0.3276,0.0144614066163451,0.1401,0.0001,0.2826,0.00759999999999998,0.4476,0.0176,0.6051,0.0101
HSC_1328,0.16385,0.00970143218483576,0.507935,0.03007443977299086,0.63885638,0.04885638,0.33135,0.0195855715851499,0.1351,0.0101,0.2701,0.0350999999999999,0.4101,0.0551,0.5576,0.1276
HSC_1329,0.16385,0.00970143218483576,0.507935,0.03007443977299086,0.63885638,0.04885638,0.33135,0.0195855715851499,0.1351,0.0101,0.2701,0.0350999999999999,0.4101,0.0551,0.5576,0.1276
HSC_1351,0.49135,0.0109253175473055,1.523185,0.03386848439664705,1.75671328,0.11671328,0.84135,0.051380478741915,0.2251,0.00510000000000001,0.6601,0.1101,1.0326,0.1376,1.4876,0.1426
HSC_1359,0.1951,0.00363553390593274,0.60481,0.011270155108391494,0.70706267,0.00293732999999996,0.31135,0.0022650635094611,0.1801,0.0001,0.2951,0.00510000000000001,0.4176,0.0026,0.5951,0.00510000000000001
HSC_1362,0.70135,0.0349882143423821,2.174185,0.10846346446138451,2.608233725,0.038233725,1.0226,0.0193028643696715,0.2526,0.00760000000000001,0.7451,0.0001,1.2501,0.0501000000000001,1.8626,0.0876
HSC_1364,0.3401,0.0224606797749979,1.05431,0.0696281073024935,0.89612061,0.0,0.5551,0.0549862460002504,0.2026,0.00259999999999999,0.4326,0.00760000000000001,0.6801,0.00510000000000001,0.9626,0.0676
HSC_1366,0.70135,0.0349882143423821,2.174185,0.10846346446138451,2.608233725,0.038233725,1.0226,0.0193028643696715,0.2526,0.00760000000000001,0.7451,0.0001,1.2501,0.0501000000000001,1.8626,0.0876
HSC_1377,0.11135,0.00749509972887452,0.345185,0.02323480915951101,2.000617915,0.239382084999999,0.8151,0.0036355339059327,0.3151,0.0251,0.5151,0.1801,0.7276,0.3126,1.0451,0.4651
HSC_1379,0.6026,0.0161078105935821,1.86806,0.04993421284010451,2.17784002,0.12215998,0.9201,0.0184711730708738,0.3501,0.0101,0.7701,0.0001,1.1901,0.00510000000000001,1.6701,0.0151
HSC_138,0.3101,0.00800569415042095,0.96131,0.024817651866304948,1.19637384,0.28362616,0.51885,0.0205251682979603,0.2126,0.0026,0.4376,0.0176,0.6626,0.0276,0.9201,0.0601
HSC_1380,0.5021,0.00713562363973515,1.55651,0.022120433283178965,1.72925794,0.210742059999998,0.2501,0.0151,0.3176,0.0026,0.5201,0.1451,0.7486,0.3036,1.0551,0.4151
HSC_1381,0.45135,0.00749509972887453,1.399185,0.023234809159511045,2.15626179,0.383738209999999,0.6851,0.00876025403784435,0.0176,0.0026,0.3276,0.00760000000000001,0.6151,0.0301,1.0351,0.0251
HSC_1388,0.53885,0.0152554445662277,1.6704350000000001,0.047291878155305875,1.79320506,0.09679494,0.7676,0.0130903810567666,0.3001,0.00510000000000001,0.6676,0.00760000000000001,1.0251,0.0151,1.4401,0.0201
HSC_1392,0.3376,0.0228760839478607,1.0465600000000002,0.07091586023836818,1.44252217,0.05747783,0.5001,0.0107066017177982,0.2851,0.0201,0.5026,0.0026,0.7001,0.00510000000000001,0.9876,0.0126
HSC_1398,0.5926,0.0126,1.8370600000000001,0.039060000000000004,1.32223636,0.0,0.85385,0.0182572988079175,0.3901,0.0101,0.8051,0.0301,1.2226,0.00260000000000006,1.6226,0.00259999999999995
HSC_1399,0.21135,0.00749509972887452,0.655185,0.02323480915951101,0.65913362,0.04086638,0.31885,0.0022650635094611,0.1751,0.0001,0.3026,0.0026,0.4451,0.0101,0.6051,0.0201
HSC_14,0.4226,0.00569016994374948,1.31006,0.017639526825623388,1.65527016,0.0,0.6676,0.0109972473588517,0.1476,0.0026,0.4301,0.0001,0.7176,0.00760000000000001,1.1026,0.00760000000000006
HSC_1409,0.53135,0.0065951905283833,1.6471850000000001,0.02044509063798823,1.716737705,0.133262295,0.8076,0.0130903810567665,0.3126,0.0026,0.6776,0.00760000000000001,1.0251,0.0251,1.4601,0.0251
HSC_1410,0.23635,0.0130301005409858,0.732685,0.04039331167705598,0.92791471,0.23208529,0.3851,0.0001,0.2076,0.0026,0.3651,0.00510000000000001,0.5076,0.0226,0.7426,0.0126
HSC_1413,0.5876,0.0115564392373896,1.82156,0.03582496163590776,2.13787085,0.00787084999999999,0.88385,0.0022650635094611,0.3901,0.00510000000000001,0.7826,0.0026,1.1551,0.0151,1.6976,0.0326
HSC_142,0.2926,0.038587010795852,0.9070600000000001,0.1196197334671412,3.131234105,0.011234105,0.6676,0.0176,0.1251,0.0001,0.4001,0.0351,0.6351,0.0751000000000003,0.9276,0.1926
HSC_1425,0.20885,0.0256868618630734,0.6474350000000001,0.07962927177552755,1.54258927,0.12741073,0.4001,0.0213132034355964,0.2451,0.0201,0.4176,0.0226,0.5401,0.0351,0.7576,0.1076
HSC_1432,0.64385,0.0130301005409858,1.9959350000000002,0.04039331167705598,1.93600167,0.08399833,0.9776,0.0278263412660235,0.3476,0.0176,0.7826,0.0026,1.2776,0.0276,1.7726,0.0276
HSC_1433,0.1326,0.0044301270189222,0.41106,0.01373339375865882,0.521368575,0.158631425,0.2226,0.0161078105935821,0.0676,0.0026,0.1551,0.0001,0.2901,0.0350999999999999,0.3726,0.0026
HSC_1435,0.4026,0.0369272996566406,1.2480600000000002,0.11447462893558587,1.476586745,0.0665867450000001,0.43885,0.0168238602003246,0.3001,0.00510000000000001,0.5451,0.0351,0.6701,0.0501,1.0776,0.132600000000001
HSC_1439,0.56385,0.0144069039278245,1.747935,0.04466140217625595,2.179913415,0.399913414999999,0.8451,0.058409518948453,0.0001,0.0001,0.2026,0.00759999999999999,0.5726,0.0226,1.0476,0.0476
HSC_1440,0.3626,0.00569016994374948,1.12406,0.017639526825623388,1.08219144,0.177808560000001,0.5551,0.00876025403784435,0.2451,0.00510000000000001,0.4801,0.00510000000000001,0.7201,0.00510000000000001,1.0126,0.0126
HSC_1443,0.21135,0.00749509972887452,0.655185,0.02323480915951101,0.630692415,0.0993075850000001,0.3101,0.0118260393995586,0.1651,0.00510000000000001,0.2901,0.00510000000000001,0.4076,0.00259999999999997,0.6126,0.0226
HSC_1466,0.28885,0.00902678553567855,0.895435,0.02798303516060351,1.03078655,0.0792134500000001,0.4426,0.0144614066163451,0.2501,0.00510000000000001,0.4426,0.00760000000000001,0.6376,0.0276,0.8551,0.0401
HSC_1473,0.69135,0.0103316909648405,2.1431850000000003,0.032028241991005554,2.73193666,0.05193666,1.0351,0.0177776695296637,0.0451,0.0001,0.5501,0.00510000000000001,1.0126,0.00760000000000006,1.6101,0.0300999999999999
HSC_1476,0.69135,0.0103316909648405,2.1431850000000003,0.032028241991005554,2.73193666,0.05193666,1.0351,0.0177776695296637,0.0451,0.0001,0.5501,0.00510000000000001,1.0126,0.00760000000000006,1.6101,0.0300999999999999
HSC_1478,0.33885,0.00829679815537749,1.050435,0.025720074281670217,0.63621744,0.10378256,0.5176,0.0104077640640442,0.1951,0.00510000000000001,0.4251,0.00510000000000001,0.6201,0.0251,0.9676,0.0126
HSC_1479,0.4276,0.0044301270189222,1.32556,0.01373339375865882,1.356845105,0.056845105,0.65635,0.00424578098794425,0.2426,0.0126,0.5126,0.00760000000000001,0.7726,0.0126,1.1701,0.0101
HSC_1482,0.2901,0.00945414346693484,0.89931,0.029307844747498004,0.82666336,0.04333664,0.4151,0.0001,0.1801,0.0001,0.3801,0.0101,0.5326,0.0026,0.8001,0.0151
HSC_1486,0.4501,0.00945414346693486,1.39531,0.02930784474749807,1.64132937,0.0286706299999999,0.69885,0.0130301005409857,0.1826,0.0026,0.4776,0.0026,0.7951,0.0001,1.1801,0.0101
HSC_1487,0.38635,0.00554862367942585,1.197685,0.017200733406220133,1.15397218,0.0360278199999999,0.54885,0.0139631706330118,0.2326,0.00259999999999999,0.4701,0.00509999999999998,0.7076,0.0176,1.0426,0.0226
HSC_1490,0.16385,0.00829679815537751,0.507935,0.025720074281670283,0.528358535,0.141641465,0.26135,0.0022650635094611,0.1351,0.00510000000000001,0.2376,0.0026,0.3476,0.0026,0.4851,0.0251
HSC_1496,0.4426,0.0135629120178363,1.37206,0.04204502725529253,1.1389865,0.5689865,0.6826,0.0193028643696715,0.2476,0.0126,0.5801,0.00510000000000001,0.8726,0.0126,1.2451,0.0200999999999999
HSC_152,0.2401,0.0305138126514912,0.74431,0.09459281921962272,2.90210265,0.347897350000001,0.5551,0.0290395922569755,0.3226,0.0026,0.5026,0.0126,0.6651,0.0351,0.9601,0.130100000000001
HSC_1521,0.4026,0.0026,1.2480600000000002,0.00806,1.148259005,0.0382590049999999,0.5601,0.00876025403784435,0.0776,0.0276,0.2951,0.0601000000000001,0.5176,0.0776000000000003,0.8876,0.0976000000000003
HSC_1525,0.14885,0.0125373429638328,0.46143500000000004,0.03886576318788168,0.315701675,0.114298325,0.16635,0.00554862367942584,0.0001,0.0001,0.0526,0.0226,0.1426,0.0426,0.2926,0.0926000000000001
HSC_1538,0.4851,0.0001,1.5038099999999999,0.00031,1.57115258,0.13884742,0.7351,0.0107066017177982,0.3326,0.0026,0.6526,0.0126,0.9501,0.0351,1.3751,0.0250999999999999
HSC_1540,0.41135,0.00424578098794423,1.275185,0.013161921062627114,1.11278012,0.37721988,0.6401,0.0001,0.2726,0.0026,0.5126,0.00760000000000001,0.7576,0.0176,1.1626,0.0176
HSC_1548,0.1651,0.0101,0.51181,0.03131,0.68024388,0.0997561199999999,0.3126,0.0130903810567666,0.1301,0.0001,0.2601,0.00510000000000001,0.3776,0.0176,0.5351,0.055100000000001
HSC_1550,0.24135,0.00749509972887452,0.7481850000000001,0.02323480915951101,0.68286918,0.23713082,0.3801,0.00363553390593274,0.1901,0.00510000000000001,0.3426,0.00259999999999997,0.4826,0.00760000000000001,0.7351,0.0201
HSC_1552,0.2876,0.00569016994374946,0.8915600000000001,0.017639526825623326,1.061555565,0.061555565,0.42385,0.00749509972887453,0.0126,0.0026,0.1726,0.0126,0.3576,0.0126,0.6251,0.0650999999999998
HSC_1556,0.1426,0.0130903810567666,0.44206,0.040580181275976464,0.365016195,0.234983805,0.1726,0.0130903810567666,0.1101,0.00510000000000001,0.1676,0.0126,0.2476,0.0276000000000001,0.3951,0.0750999999999998
HSC_1558,0.4276,0.00569016994374948,1.32556,0.017639526825623388,1.131928685,0.0619286849999999,0.6526,0.0161078105935821,0.2901,0.00510000000000001,0.5851,0.00510000000000001,0.8526,0.0126,1.2301,0.0201
HSC_1560,0.01135,0.00749509972887452,0.035185,0.02323480915951101,1.73891639,0.00108361000000001,0.2151,0.00717106781186548,0.1901,0.0151,0.1926,0.0276,0.2551,0.0651000000000001,0.3876,0.0776
HSC_1570,0.03385,0.0139631706330118,0.104935,0.04328582896233658,0.280376675,0.209623325,0.06635,0.0125373429638328,0.0101,0.0051,0.0101,0.0101,0.0551,0.0051,0.0301,0.0251
HSC_1571,0.3851,0.00363553390593274,1.19381,0.011270155108391494,1.477914305,0.0920856950000001,0.59135,0.0065951905283833,0.2276,0.0026,0.4551,0.0301,0.6776,0.00760000000000001,1.0301,0.0201
HSC_158,0.71285,0.0113998893799895,2.209835,0.03533965707796745,2.66,,0.7276,0.016493596310755,0.2726,0.0176,0.6926,0.1376,1.0806,0.2256,1.6626,0.3676
HSC_1582,0.3501,0.012847548783982,1.08531,0.0398274012303442,1.305474325,0.025474325,0.53385,0.00424578098794425,0.2001,0.0101,0.4051,0.00509999999999998,0.6476,0.0326,0.9526,0.0226
HSC_1583,0.3151,0.00510000000000001,0.97681,0.015810000000000032,1.074920615,0.094920615,0.48385,0.00554862367942585,0.0001,0.0001,0.2001,0.0151,0.3951,0.00510000000000001,0.6951,0.0001
HSC_1593,0.3801,0.00945414346693486,1.17831,0.02930784474749807,1.211572235,0.0715722350000001,0.58135,0.00749509972887453,0.0401,0.0251,0.3001,0.0101,0.5401,0.00510000000000001,0.8726,0.0326
HSC_1595,0.37385,0.0120242400177118,1.158935,0.03727514405490658,0.9654402,0.0645598,0.5451,0.00622372435695795,0.2376,0.00759999999999999,0.4551,0.0101,0.7026,0.0276,1.0626,0.0776
HSC_1600,0.34135,0.00554862367942582,1.058185,0.017200733406220043,1.732143905,0.00785609499999995,0.50885,0.0125373429638328,0.0001,0.0001,0.1326,0.00760000000000001,0.3326,0.00760000000000001,0.6501,0.0201
HSC_161,0.71285,0.0113998893799895,2.209835,0.03533965707796745,2.66,,0.7276,0.016493596310755,0.2726,0.0176,0.6926,0.1376,1.0806,0.2256,1.6626,0.3676
HSC_1610,0.07885,0.00424578098794425,0.244435,0.013161921062627176,0.3216024,0.0,0.14635,0.0022650635094611,0.0051,0.0001,0.0426,0.0026,0.1026,0.0026,0.2001,0.0101
HSC_1611,0.07635,0.00659519052838329,0.236685,0.0204450906379882,0.318197375,0.191802625,0.1351,0.00363553390593274,0.0501,0.0051,0.0926,0.0076,0.1576,0.00760000000000001,0.2076,0.0276
HSC_1613,0.4601,0.00510000000000001,1.42631,0.015810000000000032,1.71355419,0.0664458100000001,0.7051,0.0142421356237309,0.2826,0.00259999999999997,0.6026,0.00760000000000001,0.8851,0.0401,1.2726,0.0426
HSC_1623,0.3876,0.0026,1.20156,0.00806,1.5,,0.4851,0.0260807621135332,0.2001,0.0601,0.4301,0.0701000000000001,0.6176,0.0976000000000006,0.9526,0.122600000000001
HSC_1625,0.3876,0.0026,1.20156,0.00806,1.5,,0.4851,0.0260807621135332,0.2001,0.0601,0.4301,0.0701000000000001,0.6176,0.0976000000000006,0.9526,0.122600000000001
HSC_1637,0.17135,0.0156623744974859,0.531185,0.04855336094220629,0.35960648,0.12039352,0.11635,0.0189331489666492,0.0026,0.0026,0.0551,0.0551,0.1251,0.1251,0.2301,0.2051
HSC_1660,0.3501,0.00800569415042094,1.08531,0.024817651866304916,1.42899868,0.01100132,0.50135,0.0022650635094611,0.0001,0.0001,0.2026,0.0176,0.4076,0.0476000000000002,0.7576,0.0726
HSC_1668,0.37635,0.0189331489666492,1.1666850000000002,0.058692761796612515,1.77519205,0.15480795,0.5001,0.153437862251957,0.0001,0.0001,0.1401,0.00509999999999999,0.4076,0.0176,0.7451,0.0301
HSC_1671,0.0156,0.0145308696896618,0.04836,0.04504569603795158,1.862395965,0.247604035,0.3826,0.240165095338743,0.0001,0.0001,0.1076,0.1076,0.0001,0.0001,0.0526,0.0226
HSC_1673,0.23885,0.0114880419739304,0.7404350000000001,0.03561293011918425,0.62581065,0.24418935,0.3601,0.00510000000000001,0.1876,0.0026,0.3151,0.00510000000000001,0.4776,0.0176,0.7051,0.0401
HSC_1678,0.47635,0.00829679815537751,1.476685,0.025720074281670283,1.679090155,0.149090155,0.7026,0.0130903810567666,0.0526,0.0326,0.3426,0.0576,0.6676,0.0675999999999999,1.0476,0.0676
HSC_1685,0.34635,0.0144069039278245,1.073685,0.04466140217625595,1.8,,0.5201,0.0260807621135331,0.0001,0.0001,0.0001,0.0001,0.2226,0.0476,0.5976,0.0926000000000002
HSC_1697,0.11385,0.0082967981553775,0.35293500000000005,0.025720074281670252,0.1667159,0.1267159,0.2226,0.0026,0.0626,0.0026,0.1401,0.0101,0.2301,0.0201,0.3376,0.0425999999999998
HSC_1706,0.18385,0.0109253175473055,0.5699350000000001,0.03386848439664705,0.396801215,0.013198785,0.2376,0.021750635094611,0.1551,0.0001,0.2401,0.0251,0.3626,0.0475999999999999,0.4926,0.0525999999999996
HSC_1719,0.00135,0.0022650635094611,0.004185,0.00702169687932941,0.337463525,0.202536475,0.0851,0.00717106781186548,0.0126,0.0026,0.0226,0.0176,0.0351,0.0351,0.0776,0.0476
HSC_172,0.40635,0.0074950997288745,1.259685,0.023234809159510948,1.376692755,0.096692755,0.62635,0.0065951905283833,0.2851,0.0001,0.5476,0.0026,0.7976,0.0276,1.1976,0.0226
HSC_1722,0.34385,0.00659519052838327,1.065935,0.020445090637988137,1.185091285,0.005091285,0.5276,0.00760000000000001,0.2401,0.00510000000000001,0.4576,0.0126,0.6776,0.0026,1.0126,0.0126
HSC_1723,0.40635,0.0074950997288745,1.259685,0.023234809159510948,1.376692755,0.096692755,0.62635,0.0065951905283833,0.2851,0.0001,0.5476,0.0026,0.7976,0.0276,1.1976,0.0226
HSC_1725,0.13885,0.0538790619107475,0.430435,0.16702509192331724,1.643421575,0.113421575,0.33385,0.0360470096113708,0.0001,0.0001,0.0001,0.0001,0.0401,0.0301,0.1476,0.1026
HSC_1726,0.32885,0.0239156986040721,1.0194349999999999,0.07413866567262352,1.161234535,0.081234535,0.5451,0.112849722837797,0.1826,0.1826,0.0001,0.0001,0.1476,0.0276,0.4701,0.0451
HSC_1734,0.1801,0.00363553390593274,0.5583100000000001,0.011270155108391494,0.497662925,0.192337075,0.30635,0.0022650635094611,0.1801,0.00510000000000001,0.2826,0.00759999999999998,0.4026,0.00759999999999998,0.5826,0.0126
HSC_174,0.21635,0.00424578098794425,0.670685,0.013161921062627176,0.573980565,0.146019435,0.34135,0.0109253175473055,0.1651,0.0001,0.2851,0.00509999999999998,0.4326,0.0026,0.6351,0.0201
HSC_1745,0.0751,0.00363553390593274,0.23281000000000002,0.011270155108391494,0.21238502,0.03761498,0.1426,0.0130903810567666,0.0601,0.0051,0.1151,0.0101,0.1676,0.0126,0.2451,0.0301000000000002
HSC_175,0.4551,0.00510000000000001,1.4108100000000001,0.015810000000000032,1.666011295,0.373988705,0.6951,0.0213132034355964,0.2451,0.0151,0.5376,0.0026,0.8501,0.00510000000000001,1.2701,0.0401
HSC_1752,0.2551,0.00363553390593274,0.79081,0.011270155108391494,0.9,,0.38135,0.0065951905283833,0.2076,0.0026,0.3576,0.0026,0.4951,0.0001,0.7601,0.0151
HSC_1753,0.2551,0.00363553390593274,0.79081,0.011270155108391494,0.9,,0.38135,0.0065951905283833,0.2076,0.0026,0.3576,0.0026,0.4951,0.0001,0.7601,0.0151
HSC_1754,0.5551,0.0107066017177982,1.7208100000000002,0.033190465325174424,1.76828899,0.09828899,0.7901,0.0001,0.1451,0.0101,0.4926,0.0376,0.8376,0.0726,1.3526,0.1026
HSC_1759,0.20635,0.0246903944661326,0.6396850000000001,0.07654022284501105,0.845140545,0.024859455,0.31135,0.0168238602003246,0.0826,0.0026,0.1776,0.00759999999999999,0.3876,0.0226,0.5251,0.0551000000000005
HSC_1767,0.22385,0.00554862367942585,0.693935,0.017200733406220133,1.28001455,0.22998545,0.3776,0.0044301270189222,0.1776,0.00759999999999999,0.3226,0.0026,0.4751,0.00510000000000001,0.7001,0.0201
HSC_1770,0.44635,0.0239156986040721,1.383685,0.07413866567262352,1.230990665,0.049009335,0.6551,0.0174205080756888,0.2626,0.0026,0.5976,0.0276,0.8526,0.0376,1.2801,0.0450999999999999
HSC_1772,0.28135,0.0114880419739304,0.872185,0.03561293011918425,0.657820105,0.0921798950000002,0.4151,0.0001,0.1801,0.0001,0.3626,0.0026,0.5351,0.00510000000000001,0.8001,0.0251
HSC_1775,0.0851,0.0001,0.26381,0.00031,0.255593915,0.114406085,0.13885,0.0022650635094611,0.0401,0.0051,0.0826,0.0076,0.1426,0.00759999999999999,0.2226,0.00760000000000001
HSC_178,0.4776,0.0168705098312484,1.48056,0.05229858047687004,4.19942565,0.450574350000001,0.7776,0.0252246890528023,0.1976,0.0276,0.5976,0.0226,0.9651,0.0451,1.3801,0.0801
HSC_1783,0.38885,0.00554862367942585,1.205435,0.017200733406220133,1.16808605,0.01191395,0.5876,0.0130903810567666,0.2451,0.0151,0.5051,0.0101,0.7326,0.0176,1.1026,0.0126
HSC_1786,0.34135,0.00659519052838327,1.058185,0.020445090637988137,1.161270055,0.158729945,0.53635,0.0130301005409858,0.2051,0.00509999999999999,0.4276,0.00760000000000001,0.6451,0.0151,0.9426,0.0326
HSC_1794,0.3101,0.011280339887499,0.96131,0.034969053651246904,1.1,,0.4026,0.0249746859276655,0.0951,0.0151,0.2451,0.0501,0.4076,0.1026,0.7326,0.132600000000001
HSC_1802,0.3451,0.0413310562561769,1.0698100000000001,0.1281262743941484,1.596148,0.00385200000000008,0.5576,0.0516388203202208,0.0001,0.0001,0.0001,0.0001,0.1676,0.0026,0.4776,0.0026
HSC_1812,0.29885,0.0022650635094611,0.926435,0.00702169687932941,1.05,,0.56135,0.0130301005409857,0.2501,0.00510000000000001,0.4701,0.0251,0.6726,0.0526,0.9801,0.0801
HSC_1814,0.1901,0.0001,0.58931,0.00031,0.76924489,0.119244890000001,0.3351,0.0218944947177034,0.0901,0.0201,0.2201,0.00510000000000001,0.3551,0.0301,0.5501,0.0151
HSC_1815,0.1601,0.00876025403784438,0.49631,0.02715678751731758,0.23473523,0.11526477,0.21885,0.00970143218483577,0.0876,0.0026,0.1751,0.00509999999999999,0.2701,0.0151,0.4326,0.0276
HSC_1818,0.09385,0.00902678553567856,0.290935,0.027983035160603534,1.868512135,0.091487865,0.2576,0.00839156197588851,0.0701,0.0051,0.1301,0.0101,0.2176,0.0226,0.3626,0.0425999999999998
HSC_1820,0.44885,0.00424578098794425,1.3914350000000002,0.013161921062627176,1.52129002,0.198709980000001,1.0151,0.0001,0.6201,0.3951,0.9326,0.4176,1.2551,0.4651,1.7826,0.5826
HSC_1822,0.21135,0.0309980177357708,0.655185,0.09609385498088949,3.1,,0.4826,0.0161078105935821,0.0001,0.0001,0.0801,0.0151,0.2451,0.0451000000000001,0.4726,0.0876
HSC_1825,0.2826,0.0549292804986535,0.8760600000000001,0.17028076954582586,1.40471662,0.365283380000001,0.44885,0.155598191307809,0.1226,0.1226,0.0001,0.0001,0.0426,0.0376,0.2626,0.1226
HSC_183,0.14635,0.0022650635094611,0.45368500000000006,0.00702169687932941,0.112101875,0.112101875,0.22885,0.00902678553567856,0.1051,0.0151,0.1876,0.0026,0.2851,0.0001,0.4201,0.0001
HSC_1832,0.41385,0.0120242400177118,1.282935,0.03727514405490658,1.747527385,0.112472615,0.66135,0.0195855715851498,0.1926,0.0026,0.4551,0.00510000000000001,0.7451,0.00510000000000001,1.1426,0.0226
HSC_1835,0.21385,0.00424578098794425,0.662935,0.013161921062627176,0.80496761,0.12503239,0.3601,0.0174205080756888,0.1551,0.00510000000000001,0.2876,0.0026,0.4501,0.0251,0.6276,0.0126
HSC_1838,0.2601,0.00945414346693486,0.80631,0.02930784474749807,0.96769427,0.132305730000001,0.4051,0.0118260393995586,0.2026,0.00759999999999999,0.3601,0.0101,0.5301,0.0001,0.7351,0.0151
HSC_1839,0.2601,0.00945414346693486,0.80631,0.02930784474749807,0.96769427,0.132305730000001,0.4051,0.0118260393995586,0.2026,0.00759999999999999,0.3601,0.0101,0.5301,0.0001,0.7351,0.0151
HSC_184,0.5451,0.00363553390593274,1.68981,0.011270155108391494,1.90262371,0.0,0.7576,0.0130903810567666,0.3226,0.0426,0.6451,0.0800999999999994,0.9876,0.0826,1.4401,0.1301
HSC_1841,0.29135,0.0022650635094611,0.903185,0.00702169687932941,0.637566,0.0,0.4476,0.0109972473588517,0.1976,0.00759999999999999,0.3776,0.0026,0.5576,0.00759999999999995,0.8276,0.00760000000000001
HSC_1845,0.04885,0.0202168461742889,0.151435,0.0626722231402956,1.979242635,0.170757365,0.2826,0.0306163890393346,0.2126,0.0026,0.2776,0.0476,0.3476,0.0775999999999999,0.4376,0.1126
HSC_1846,0.1851,0.0001,0.5738099999999999,0.00031,,,0.21885,0.0152554445662277,0.0651,0.00510000000000001,0.1576,0.0226,0.2676,0.0376,0.4051,0.0600999999999997
HSC_1847,0.44885,0.00902678553567857,1.3914350000000002,0.02798303516060357,1.526823885,0.016823885,0.68135,0.0139631706330117,0.2526,0.0026,0.5501,0.00510000000000001,0.8526,0.0026,1.2326,0.0126000000000001
HSC_1848,0.29885,0.0065951905283833,0.926435,0.02044509063798823,0.919599855,0.010400145,0.46135,0.0189331489666492,0.1926,0.0026,0.3701,0.0151,0.5751,0.00510000000000001,0.8801,0.0001
HSC_1850,0.11635,0.00226506350946109,0.360685,0.007021696879329379,0.26146562,0.11853438,0.1501,0.0001,0.0576,0.0076,0.1226,0.0126000000000001,0.2001,0.0151,0.2901,0.0300999999999997
HSC_1851,0.38135,0.00554862367942585,1.182185,0.017200733406220133,1.120026185,0.189973815000001,0.57135,0.00970143218483572,0.2326,0.00259999999999999,0.4851,0.00510000000000001,0.7276,0.0026,1.0576,0.00759999999999995
HSC_1852,0.4901,0.0107066017177982,1.51931,0.033190465325174424,1.72307033,0.14307033,0.74385,0.0109253175473055,0.3101,0.00510000000000001,0.6376,0.0026,0.9526,0.00760000000000001,1.3851,0.00510000000000001
HSC_1855,0.36135,0.00554862367942585,1.120185,0.017200733406220133,1.21345615,0.15654385,0.56135,0.0130301005409857,0.2351,0.0001,0.4701,0.00509999999999998,0.7076,0.0026,1.0276,0.0126000000000001
HSC_1857,0.38885,0.00749509972887453,1.205435,0.023234809159511045,1.13379385,0.09379385,0.60385,0.0164458710382775,0.2651,0.0001,0.5151,0.0101,0.7876,0.0176,1.1176,0.00759999999999995
HSC_1858,0.38885,0.00749509972887453,1.205435,0.023234809159511045,1.13379385,0.09379385,0.60385,0.0164458710382775,0.2651,0.0001,0.5151,0.0101,0.7876,0.0176,1.1176,0.00759999999999995
HSC_1859,0.36135,0.00554862367942585,1.120185,0.017200733406220133,1.303234895,0.073234895,0.5851,0.0151,0.2251,0.00510000000000001,0.4601,0.0151,0.7101,0.0101,1.0376,0.0276
HSC_186,0.45385,0.0228417567483253,1.406935,0.07080944591980842,,,0.77135,0.02142340263654,0.2801,0.0101,0.6126,0.0126,0.9376,0.0276,1.3901,0.0200999999999999
HSC_1860,0.1376,0.00569016994374947,0.42656,0.017639526825623357,0.513106335,0.106893665,0.22385,0.00659519052838328,0.1326,0.0026,0.1926,0.0126,0.2826,0.0226,0.4376,0.0376
HSC_1864,0.3001,0.0001,0.93031,0.00031,1.038831145,0.038831145,0.50635,0.0130301005409858,0.1976,0.00759999999999999,0.3951,0.0151,0.6126,0.0226,0.8876,0.0326
HSC_1866,0.4151,0.00800569415042094,1.28681,0.024817651866304916,1.28403056,0.154030560000001,0.6326,0.0044301270189222,0.1801,0.0101,0.4376,0.00760000000000001,0.7126,0.0326,1.1001,0.0400999999999999
HSC_1870,0.3301,0.00363553390593274,1.02331,0.011270155108391494,1.017417685,0.0125823150000001,0.5101,0.0151,0.1951,0.00510000000000001,0.4051,0.00509999999999998,0.6151,0.00510000000000001,0.9176,0.00760000000000001
HSC_1872,0.5326,0.0109972473588517,1.65106,0.03409146681244027,1.537683735,0.0423162650000001,0.78385,0.00554862367942585,0.2751,0.00510000000000001,0.6251,0.0101,0.9601,0.0201,1.4176,0.0176000000000001
HSC_1875,0.4101,0.00363553390593272,1.2713100000000002,0.011270155108391433,1.20776847,0.0777684700000001,0.61385,0.00970143218483577,0.2576,0.0026,0.5126,0.00760000000000001,0.7826,0.00760000000000001,1.1301,0.0151
HSC_1877,0.0926,0.00443012701892219,0.28706000000000004,0.01373339375865879,0.249732655,0.100267345,0.1876,0.0044301270189222,0.0701,0.0001,0.1301,0.0101,0.2101,0.0151,0.2951,0.0350999999999999
HSC_1884,0.3026,0.0144614066163451,0.93806,0.04483036051066981,1.02336107,0.34663893,0.4301,0.0174205080756888,0.2251,0.00510000000000001,0.3851,0.0251,0.5501,0.0251,0.8701,0.0901
HSC_1886,0.3701,0.00717106781186548,1.14731,0.022230310216782987,1.23852974,0.01147026,0.57135,0.0152554445662276,0.2201,0.00510000000000001,0.4751,0.0101,0.7126,0.0026,1.0401,0.0201
HSC_1887,0.3576,0.00569016994374948,1.10856,0.017639526825623388,0.92607798,0.20392202,0.57385,0.0152554445662277,0.2826,0.00259999999999997,0.5076,0.00760000000000001,0.7476,0.0126,1.0576,0.0226000000000001
HSC_1890,0.4876,0.00569016994374948,1.51156,0.017639526825623388,2.183282965,0.0567170350000001,0.78135,0.0231149407994024,0.0001,0.0001,0.2476,0.00760000000000001,0.6601,0.0101,1.0176,0.00260000000000006
HSC_1892,0.0626,0.00569016994374948,0.19406,0.017639526825623388,0.06840329,0.06840329,0.1601,0.0087602540378444,0.0426,0.00760000000000001,0.0876,0.0126,0.1376,0.0326,0.2176,0.0475999999999999
HSC_1893,0.3051,0.00622372435695795,0.9458099999999999,0.019293545506569646,0.851166695,0.018833305,0.4826,0.0130903810567666,0.2201,0.0001,0.4176,0.00760000000000001,0.6226,0.00760000000000001,0.8851,0.0151
HSC_1903,0.30385,0.0135047566184545,0.9419350000000001,0.04186474551720895,1.039409275,0.080590725,0.51385,0.0195855715851499,0.1001,0.0051,0.3526,0.0426,0.5626,0.0226,0.8226,0.1026
HSC_1904,0.29135,0.0114880419739304,0.903185,0.03561293011918425,1.1,,0.43885,0.0065951905283833,0.2276,0.0026,0.4026,0.0026,0.6101,0.0201,0.8376,0.0026
HSC_1906,0.5326,0.0044301270189222,1.65106,0.01373339375865882,1.514547245,0.015452755,0.78135,0.0109253175473055,0.3326,0.0026,0.6776,0.00760000000000001,1.0251,0.00510000000000001,1.4651,0.0201
HSC_1910,0.46135,0.0022650635094611,1.430185,0.00702169687932941,1.6078783,0.167878300000001,0.7026,0.0130903810567666,0.2876,0.0026,0.5751,0.0001,0.8776,0.0176,1.2726,0.00259999999999995
HSC_1913,0.02135,0.00659519052838329,0.06618500000000001,0.0204450906379882,,,0.10635,0.0152554445662278,0.0076,0.0076,0.0426,0.0326,0.0901,0.0401,0.1126,0.0776
HSC_1916,0.4176,0.0420076365356005,1.2945600000000002,0.13022367326036155,1.73338195,0.31661805,0.6251,0.0001,0.1601,0.0001,0.4076,0.00759999999999998,0.7326,0.0876000000000008,1.0476,0.0226000000000001
HSC_1917,0.4551,0.0001,1.4108100000000001,0.00031,1.44894455,0.14105545,0.63885,0.0022650635094611,0.1426,0.0276,0.4201,0.0351,0.6701,0.0451,1.0901,0.0651000000000001
HSC_192,0.2026,0.00839156197588849,0.6280600000000001,0.02601384212525432,0.67969506,0.11030494,0.3026,0.0161078105935821,0.1701,0.00509999999999999,0.2851,0.00509999999999998,0.4101,0.0001,0.6026,0.0226
HSC_1926,0.27385,0.0065951905283833,0.848935,0.02044509063798823,1.49933229,0.15066771,0.4351,0.0001,0.0376,0.0026,0.1926,0.00760000000000001,0.3651,0.0251,0.6576,0.0376
HSC_1931,0.3776,0.0109972473588517,1.17056,0.03409146681244027,1.23832994,0.06832994,0.58135,0.0280228848796108,0.2026,0.00259999999999999,0.4601,0.00510000000000001,0.7176,0.0176,1.0426,0.0126
HSC_1932,0.0876,0.00569016994374947,0.27156,0.017639526825623357,0.362292,0.217708,0.1576,0.0044301270189222,0.0826,0.0026,0.1401,0.00509999999999999,0.2101,0.00510000000000001,0.2851,0.0201
HSC_1933,0.2301,0.00363553390593273,0.71331,0.011270155108391463,0.655334105,0.234665895,0.3576,0.0130903810567666,0.1526,0.0026,0.2851,0.0101,0.4501,0.00510000000000001,0.6426,0.0176
HSC_1934,0.3551,0.0107066017177982,1.10081,0.033190465325174424,1.346093575,0.016093575,0.43635,0.0542265877365277,0.2476,0.0026,0.4376,0.0476000000000002,0.6551,0.0750999999999996,0.9001,0.1051
HSC_1935,0.2601,0.144538568256543,0.80631,0.44806956159528327,1.163355695,0.436644305000001,0.21385,0.15098799654048,0.1801,0.0101,0.3126,0.0876000000000001,0.4376,0.1576,0.3351,0.0301
HSC_1937,0.28385,0.040002224248781,0.879935,0.1240068951712211,0.943460065,0.316539935,0.3951,0.0204100960115899,0.1576,0.0026,0.3326,0.0176,0.4826,0.0026,0.8126,0.1126
HSC_1943,0.24635,0.00902678553567857,0.7636850000000001,0.02798303516060357,0.970133695,0.319866305,0.3851,0.00717106781186548,0.2001,0.00509999999999999,0.3476,0.0026,0.5201,0.0101,0.7376,0.00760000000000001
HSC_1945,0.23885,0.00424578098794425,0.7404350000000001,0.013161921062627176,0.624907595,0.00490759499999999,0.3701,0.0001,0.1326,0.0026,0.2576,0.0026,0.4126,0.0226,0.6426,0.0176
HSC_1946,0.27135,0.0065951905283833,0.841185,0.02044509063798823,0.65,,0.37885,0.00424578098794425,0.1176,0.0276,0.3026,0.0376000000000002,0.4751,0.0251,0.6926,0.0276
HSC_1950,0.22135,0.00902678553567857,0.686185,0.02798303516060357,0.22521137,0.0,0.3526,0.0161078105935821,0.1651,0.0001,0.2901,0.00510000000000001,0.4426,0.0026,0.6551,0.0001
HSC_1952,0.42385,0.00902678553567857,1.313935,0.02798303516060357,1.55,,0.6251,0.0001,0.1601,0.0101,0.4076,0.0226,0.6726,0.0376,1.0901,0.0751000000000001
HSC_1954,0.30885,0.00554862367942585,0.957435,0.017200733406220133,0.73683096,0.18683096,0.4876,0.00760000000000001,0.2376,0.0126,0.4326,0.0026,0.6226,0.00760000000000001,0.9276,0.0026
HSC_1957,0.4951,0.0155110350074225,1.53481,0.04808420852300975,1.646743275,0.113256725,0.77635,0.0239156986040721,0.2876,0.0026,0.6326,0.0276,0.9751,0.0101,1.4026,0.0476
HSC_1962,0.1701,0.00876025403784438,0.5273100000000001,0.02715678751731758,0.55518965,0.38481035,0.1876,0.0189745860881768,0.1176,0.0176,0.1901,0.0151,0.2876,0.0326000000000001,0.4326,0.0825999999999999
HSC_1963,0.4026,0.0594190525885237,1.2480600000000002,0.1841990630244235,1.6,,0.6551,0.075928754440515,0.1701,0.0001,0.5326,0.00760000000000001,0.8676,0.0126,1.0776,0.137599999999999
HSC_198,0.6626,0.0115564392373896,2.0540599999999998,0.03582496163590776,2.945194045,0.134805955,1.03135,0.018598310733686,0.1401,0.00509999999999999,0.5826,0.0276,1.0851,0.0151,1.6301,0.0600999999999999
HSC_1988,0.1351,0.00622372435695795,0.41881,0.019293545506569646,0.399396685,0.190603315,0.23635,0.0189331489666492,0.0626,0.0026,0.1701,0.0251000000000002,0.2351,0.0101,0.4151,0.0401
HSC_200,0.60385,0.00554862367942585,1.8719350000000001,0.017200733406220133,3.886958455,0.313041545,0.5726,0.0226,0.2126,0.00760000000000001,0.5516,0.0715999999999999,0.8526,0.1676,1.3016,0.2266
HSC_2002,0.31635,0.00424578098794425,0.9806850000000001,0.013161921062627176,0.88151554,0.00848446000000003,0.47135,0.0109253175473055,0.2251,0.0001,0.4126,0.0126,0.6076,0.0276,0.9076,0.0426
HSC_2007,0.32885,0.0022650635094611,1.0194349999999999,0.00702169687932941,1.06915861,0.0,0.4726,0.021750635094611,0.0001,0.0001,0.1001,0.0501,0.2826,0.0826000000000001,0.6151,0.1101
HSC_2017,0.5851,0.00622372435695795,1.81381,0.019293545506569646,2.353084805,0.146915195,0.8651,0.0174205080756888,0.1926,0.00760000000000001,0.5701,0.0301,0.9651,0.00510000000000001,1.4526,0.0576
HSC_2019,0.5851,0.00622372435695795,1.81381,0.019293545506569646,2.353084805,0.146915195,0.8651,0.0174205080756888,0.1926,0.00760000000000001,0.5701,0.0301,0.9651,0.00510000000000001,1.4526,0.0576
HSC_2025,0.4801,0.0270258240356725,1.48831,0.08378005451058475,1.605718895,0.0442811049999999,0.78635,0.0125373429638328,0.3276,0.0126,0.6601,0.0101,1.0151,0.0301,1.3626,0.0926
HSC_2027,0.2251,0.00363553390593274,0.69781,0.011270155108391494,0.70723597,0.02276403,0.3351,0.0174205080756888,0.1876,0.0026,0.3001,0.0201,0.4401,0.0351,0.6576,0.0526
HSC_2031,0.26635,0.0065951905283833,0.825685,0.02044509063798823,1.186034965,0.163965035,0.4176,0.0044301270189222,0.2226,0.0026,0.3801,0.0001,0.5501,0.00510000000000001,0.7901,0.00510000000000001
HSC_2040,0.3651,0.0107066017177982,1.13181,0.033190465325174424,1.662754325,0.292754325000001,0.6051,0.0001,0.1751,0.00509999999999999,0.4101,0.00509999999999998,0.6526,0.0026,1.0301,0.00510000000000001
HSC_2041,0.3651,0.0107066017177982,1.13181,0.033190465325174424,1.662754325,0.292754325000001,0.6051,0.0001,0.1751,0.00509999999999999,0.4101,0.00509999999999998,0.6526,0.0026,1.0301,0.00510000000000001
HSC_2052,0.4226,0.00569016994374948,1.31006,0.017639526825623388,1.61666083,0.0,0.63885,0.0152554445662277,0.2201,0.0001,0.4801,0.0151,0.7751,0.0001,1.1301,0.0351
HSC_2063,0.9201,0.0001,2.85231,0.00031,3.516784995,0.0767849950000001,1.31385,0.0199037243971935,0.2026,0.00259999999999999,0.8951,0.0001,1.5001,0.0501000000000001,2.2001,0.00510000000000012
HSC_2066,0.31885,0.0344465791600854,0.9884350000000001,0.10678439539626475,3.30951178,0.05951178,0.6501,0.0184711730708739,0.0001,0.0001,0.1976,0.0176,0.4376,0.0675999999999999,0.7476,0.1176
HSC_2075,0.4901,0.0417833300013327,1.51931,0.12952832300413136,2.4558965,0.325896500000002,0.8601,0.0245948974278318,0.0101,0.0101,0.2526,0.0276,0.6101,0.0451,1.0251,0.0901
HSC_2077,0.38635,0.0344465791600852,1.197685,0.10678439539626412,1.40007102,0.600071020000001,0.61635,0.0525851169380426,0.0001,0.0001,0.0001,0.0001,0.1401,0.0101,0.5276,0.0376
HSC_2081,0.33385,0.0168238602003246,1.034935,0.05215396662100626,3.11456752,0.23456752,0.63885,0.0139631706330118,0.1801,0.0001,0.4501,0.0301,0.6876,0.0476,1.0351,0.0901
HSC_2089,0.21885,0.0022650635094611,0.678435,0.00702169687932941,0.92839252,0.00839251999999996,0.34635,0.0022650635094611,0.1701,0.0001,0.3051,0.0101,0.4526,0.00760000000000001,0.6551,0.0151
HSC_2091,0.31135,0.00424578098794425,0.9651850000000001,0.013161921062627176,0.864818645,0.154818645,0.4876,0.029574565306379,0.1576,0.0376,0.3726,0.0176,0.6151,0.0301,0.8851,0.0201
HSC_210,0.68935,0.0233741809737743,2.136985,0.07245996101870032,3.315047165,0.104952835,0.8676,0.214474088919347,0.3626,0.00760000000000001,0.8801,0.0101,1.0191,0.2041,1.9511,0.0011
HSC_2100,0.2301,0.00876025403784438,0.71331,0.02715678751731758,0.954656785,0.215343215,0.35385,0.0065951905283833,0.1726,0.00259999999999999,0.3026,0.0026,0.4751,0.0201,0.6576,0.00760000000000001
HSC_2102,0.1551,0.00363553390593274,0.48080999999999996,0.011270155108391494,0.70256578,0.03256578,0.32885,0.0195855715851499,0.1551,0.00510000000000001,0.2776,0.0376000000000002,0.3851,0.0551,0.5651,0.0851000000000006
HSC_2103,0.74385,0.0114880419739304,2.3059350000000003,0.03561293011918425,2.35566401,0.11566401,1.0901,0.014242135623731,0.3676,0.00760000000000001,0.9026,0.0326,1.3951,0.0201,2.0276,0.0676000000000001
HSC_2107,0.15135,0.0144069039278245,0.4691850000000001,0.04466140217625595,0.29689546,0.0,0.07885,0.0139631706330118,0.0276,0.0276,0.0676,0.0676,0.1251,0.1251,0.2276,0.1976
HSC_2115,0.70885,0.0130301005409858,2.197435,0.04039331167705598,3.359559655,0.109559655,0.9826,0.17533198908875,0.0526,0.0026,0.5651,0.0001,0.8801,0.1901,1.6951,0.0351
HSC_2128,0.62635,0.0211282548015759,1.9416849999999999,0.06549758988488528,3.38382413,0.09382413,0.90385,0.00902678553567857,0.2976,0.00760000000000001,0.7301,0.0301,1.1776,0.0676,1.6951,0.1001
HSC_2132,0.5901,0.0146773797371133,1.82931,0.04549987718505123,2.37918109,0.000818910000000006,0.8576,0.0104077640640442,0.3926,0.0026,0.8151,0.00509999999999995,1.1701,0.0201,1.6976,0.0326
HSC_2135,0.5901,0.0146773797371133,1.82931,0.04549987718505123,2.37918109,0.000818910000000006,0.8576,0.0104077640640442,0.3926,0.0026,0.8151,0.00509999999999995,1.1701,0.0201,1.6976,0.0326
HSC_2141,0.1951,0.00363553390593274,0.60481,0.011270155108391494,0.70706267,0.00293732999999996,0.31135,0.0022650635094611,0.1801,0.0001,0.2951,0.00510000000000001,0.4176,0.0026,0.5951,0.00510000000000001
HSC_2145,0.2301,0.00945414346693485,0.71331,0.029307844747498035,0.92451618,0.03548382,0.4201,0.0174205080756888,0.1651,0.00510000000000001,0.3326,0.0226,0.4776,0.00760000000000001,0.7126,0.0676
HSC_2149,0.8426,0.0135629120178363,2.61206,0.04204502725529253,3.096059285,0.0460592850000001,1.16885,0.00226506350946105,0.4401,0.00510000000000001,1.0526,0.0276000000000001,1.5851,0.0701000000000001,2.2501,0.1151
HSC_2151,0.45385,0.0189331489666492,1.406935,0.058692761796612515,1.685350585,0.335350585,0.9251,0.0001,0.1726,0.1726,0.4401,0.2451,0.7676,0.2676,1.3001,0.3151
HSC_2153,0.6826,0.016493596310755,2.11606,0.051130148563340506,2.702839215,0.0328392150000001,1.0376,0.021750635094611,0.4001,0.0001,0.9051,0.0101,1.3351,0.0101,1.9501,0.0151
HSC_2159,0.4351,0.0107066017177982,1.34881,0.033190465325174424,1.86033903,0.14033903,0.72135,0.0109253175473055,0.1526,0.00760000000000001,0.4226,0.0126,0.7501,0.0251,1.1701,0.0451
HSC_2163,0.83635,0.0109253175473055,2.5926850000000004,0.03386848439664705,3.194717335,0.344717334999998,1.24635,0.0139631706330118,0.1376,0.0126,0.7526,0.00760000000000001,1.3526,0.00259999999999995,2.0126,0.0276
HSC_2165,0.4151,0.00945414346693485,1.28681,0.029307844747498035,1.521658485,0.0716584850000001,0.65885,0.0125373429638328,0.2976,0.0026,0.5776,0.0026,0.8701,0.0001,1.2226,0.0176
HSC_2168,0.53885,0.0231149407994024,1.6704350000000001,0.07165631647814744,3.61679113,0.23679113,0.9151,0.0283842712474619,0.2901,0.00510000000000001,0.7176,0.00760000000000001,1.0926,0.0276000000000001,1.5776,0.0626
HSC_2170,0.2726,0.00569016994374948,0.84506,0.017639526825623388,2.8,,0.61135,0.0530593004107871,0.0276,0.0276,0.1651,0.0250999999999999,0.3776,0.0276,0.6826,0.0926000000000002
HSC_2173,0.53885,0.0231149407994024,1.6704350000000001,0.07165631647814744,3.61679113,0.23679113,0.9151,0.0283842712474619,0.2901,0.00510000000000001,0.7176,0.00760000000000001,1.0926,0.0276000000000001,1.5776,0.0626
HSC_2177,0.16135,0.0217145205822382,0.500185,0.06731501380493841,2.915232355,0.194767645,0.5476,0.0130903810567666,0.2026,0.0176,0.3476,0.0576,0.5376,0.1226,0.7876,0.1876
HSC_2178,0.2101,0.0204100960115899,0.6513100000000001,0.06327129763592869,2.934997755,0.144997755,1.0276,0.0044301270189222,0.4551,0.0651000000000001,0.7901,0.2251,1.0851,0.3751,1.4401,0.6001
HSC_222,0.64885,0.0130301005409858,2.011435,0.04039331167705598,2.44929044,0.14070956,0.9651,0.0087602540378444,0.3726,0.0126,0.8351,0.0451,1.2701,0.0450999999999999,1.7801,0.0301
HSC_2220,0.22885,0.0195855715851499,0.709435,0.06071527191396469,3.06210118,0.17789882,0.60885,0.0022650635094611,0.3776,0.0376,0.5676,0.0876000000000002,0.7901,0.1501,1.0726,0.1926
HSC_2227,0.12885,0.0202168461742888,0.399435,0.06267222314029527,2.292622975,0.0673770249999999,0.4101,0.0201,0.1326,0.0026,0.2501,0.0201,0.3726,0.0376,0.5801,0.1201
HSC_2248,0.12635,0.0239156986040721,0.391685,0.07413866567262352,2.741972825,0.0480271750000001,0.4726,0.0026,0.1576,0.0376,0.2776,0.0676,0.4101,0.1451,0.6251,0.2001
HSC_227,0.69635,0.00749509972887449,2.158685,0.02323480915951092,2.72781759,0.13218241,1.05885,0.00659519052838334,0.2401,0.0001,0.7126,0.0226,1.1701,0.0201,1.8076,0.0626
HSC_2273,0.3101,0.0177776695296637,0.96131,0.05511077554195747,0.875350485,0.165350485,0.4851,0.0177776695296637,0.1801,0.0001,0.3976,0.0026,0.6326,0.0026,0.8776,0.00760000000000001
HSC_2274,0.2626,0.0104077640640442,0.81406,0.032264068598537025,0.89412696,0.05587304,0.3551,0.0142421356237309,0.2101,0.00510000000000001,0.3626,0.00760000000000001,0.5076,0.0226,0.7626,0.0526
HSC_2275,0.2626,0.0104077640640442,0.81406,0.032264068598537025,0.89412696,0.05587304,0.3551,0.0142421356237309,0.2101,0.00510000000000001,0.3626,0.00760000000000001,0.5076,0.0226,0.7626,0.0526
HSC_2284,0.5201,0.00800569415042095,1.6123100000000001,0.024817651866304948,1.996994605,0.113005395,0.77635,0.00829679815537751,0.1876,0.00760000000000001,0.5176,0.0276,0.8576,0.0226,1.3351,0.0751
HSC_2287,0.04635,0.00749509972887447,0.143685,0.023234809159510858,0.28610394,0.18389606,0.1126,0.00443012701892219,0.0376,0.00759999999999999,0.0651,0.00510000000000001,0.1001,0.0151,0.1451,0.0351
HSC_2305,0.7001,0.0107066017177982,2.1703099999999997,0.033190465325174424,3.441675715,0.168324285,1.0176,0.0395493345951488,0.4501,0.0001,0.9551,0.00510000000000001,1.4101,0.0400999999999999,1.9926,0.0126
HSC_2309,0.21635,0.0273431183971292,0.670685,0.08476366703110053,2.37831095,0.31168905,0.4901,0.00363553390593274,0.3726,0.0026,0.5576,0.0376,0.7226,0.0976000000000003,0.9201,0.165100000000001
HSC_2311,0.25135,0.00829679815537751,0.7791850000000001,0.025720074281670283,0.67668307,0.25331693,0.28885,0.0156623744974859,0.1426,0.0126,0.2551,0.0601000000000001,0.4076,0.0776000000000001,0.6151,0.1201
HSC_2315,0.4901,0.00717106781186548,1.51931,0.022230310216782987,1.834134865,0.0758651349999999,0.77885,0.0022650635094611,0.2126,0.0026,0.5401,0.0101,0.8626,0.0176,1.3176,0.00759999999999995
HSC_2320,0.50635,0.0109253175473055,1.569685,0.03386848439664705,2.205013805,0.345013804999999,0.8351,0.0118260393995586,0.1976,0.0026,0.5376,0.00760000000000001,0.9101,0.00510000000000001,1.3851,0.0201
HSC_2324,0.3701,0.00363553390593274,1.14731,0.011270155108391494,1.60151874,0.06151874,0.5726,0.0130903810567666,0.0476,0.0026,0.2801,0.0151,0.5326,0.00760000000000001,0.8526,0.0226
HSC_2325,0.3701,0.00363553390593274,1.14731,0.011270155108391494,1.60151874,0.06151874,0.5726,0.0130903810567666,0.0476,0.0026,0.2801,0.0151,0.5326,0.00760000000000001,0.8526,0.0226
HSC_2329,0.5251,0.0380143772202577,1.62781,0.11784456938279889,2.002877825,0.012877825,0.8226,0.0226,0.1751,0.00509999999999999,0.5251,0.00510000000000001,0.9601,0.0701,1.3576,0.00260000000000006
HSC_2334,0.22635,0.0144069039278245,0.701685,0.04466140217625595,2.15,,0.50885,0.0109253175473055,0.3451,0.00509999999999998,0.5051,0.0201,0.6801,0.0351,0.9676,0.0726
HSC_2338,0.1876,0.0249746859276652,0.58156,0.07742152637576212,3.621533325,0.011533325,0.4526,0.0144614066163451,0.0001,0.0001,0.0676,0.0126,0.2151,0.0401000000000001,0.4501,0.0801000000000001
HSC_2340,0.27885,0.0114880419739304,0.864435,0.03561293011918425,1.030809475,0.0591905250000001,0.4501,0.00363553390593274,0.2051,0.0001,0.3876,0.0026,0.5726,0.0026,0.8151,0.0201
HSC_2342,0.32135,0.00424578098794425,0.9961850000000001,0.013161921062627176,1.488719925,0.101280075,0.44635,0.0542265877365272,0.1626,0.0225999999999999,0.3226,0.0676,0.5826,0.0326,0.8251,0.1551
HSC_2344,0.2176,0.00760000000000001,0.6745599999999999,0.023560000000000032,2.61269058,0.09269058,0.4451,0.0520615242270667,0.1601,0.0001,0.3476,0.0375999999999998,0.5076,0.0426,0.7951,0.0651
HSC_2348,0.25385,0.0185983107336859,0.786935,0.05765476327442629,0.837783475,0.107783475,0.2601,0.0204100960115899,0.1801,0.0001,0.2951,0.0251,0.4151,0.0451,0.6576,0.1376
HSC_2350,0.2651,0.00622372435695795,0.82181,0.019293545506569646,1.08781595,0.0621840499999999,0.4601,0.00363553390593274,0.1976,0.0026,0.3626,0.00760000000000001,0.5476,0.00760000000000001,0.8076,0.0226
HSC_2358,0.3976,0.00911387818865996,1.23256,0.028253022384845877,1.39484287,0.06484287,0.6551,0.0174205080756888,0.2151,0.0101,0.4651,0.00509999999999998,0.7726,0.0276,1.1226,0.00259999999999995
HSC_2360,0.4001,0.0438321392113393,1.24031,0.13587963155515184,2.70249271,0.21249271,0.6651,0.00510000000000001,0.0001,0.0001,0.2451,0.0101,0.5026,0.0026,0.9176,0.0126
HSC_2370,0.18635,0.00424578098794425,0.577685,0.013161921062627176,0.43894609,0.11105391,0.3001,0.0001,0.1551,0.0001,0.2651,0.0001,0.3851,0.00510000000000001,0.5751,0.0101
HSC_2374,0.3576,0.0104077640640442,1.10856,0.032264068598537025,1.45668148,0.03668148,0.5726,0.0026,0.1451,0.0101,0.3551,0.0101,0.6126,0.0276,0.9951,0.0501
HSC_2377,0.27635,0.00554862367942582,0.856685,0.017200733406220043,1.05648107,0.166481069999999,0.5201,0.0321156211871642,0.1551,0.0301,0.3426,0.0425999999999998,0.6576,0.1376,0.8301,0.0651
HSC_2382,0.5601,0.00622372435695791,1.7363100000000002,0.01929354550656952,2.226341055,0.123658945,0.87385,0.0065951905283833,0.3351,0.0101,0.7026,0.0276,1.0726,0.0226,1.5976,0.0526
HSC_2386,0.34385,0.00659519052838327,1.065935,0.020445090637988137,0.74,,0.57135,0.00829679815537751,0.2451,0.00510000000000001,0.4576,0.0026,0.7051,0.0101,1.0401,0.0351
HSC_2389,0.45885,0.235003570641231,1.422435,0.7285110689878161,3.21408712,0.60408712,1.3576,0.0044301270189222,0.0001,0.0001,0.4101,0.2101,0.8326,0.4026,1.2901,0.6851
HSC_2392,0.38635,0.00902678553567857,1.197685,0.02798303516060357,1.6,,0.1501,0.0376832409459322,0.1751,0.00509999999999999,0.3051,0.1251,0.4776,0.2376,0.7151,0.3751
HSC_2393,0.45885,0.235003570641231,1.422435,0.7285110689878161,3.21408712,0.60408712,1.3576,0.0044301270189222,0.0001,0.0001,0.4101,0.2101,0.8326,0.4026,1.2901,0.6851
HSC_2395,0.45885,0.235003570641231,1.422435,0.7285110689878161,3.21408712,0.60408712,1.3576,0.0044301270189222,0.0001,0.0001,0.4101,0.2101,0.8326,0.4026,1.2901,0.6851
HSC_2396,0.2701,0.00622372435695795,0.83731,0.019293545506569646,1.67474566,0.16525434,0.45635,0.0205251682979602,0.0001,0.0001,0.1001,0.0250999999999999,0.2926,0.0276,0.5826,0.0675999999999999
HSC_2401,0.45135,0.0022650635094611,1.399185,0.00702169687932941,,,0.7101,0.0184711730708739,0.2776,0.0026,0.5801,0.0001,0.8901,0.0251,1.2951,0.0101
HSC_2404,0.45635,0.0065951905283833,1.414685,0.02044509063798823,1.352269545,0.057730455,0.52385,0.134607202409387,0.3101,0.00510000000000001,0.5726,0.0426,0.8051,0.115100000000001,1.1601,0.170099999999999
HSC_2405,0.4151,0.0560016994374947,1.28681,0.17360526825623357,0.97,,0.92885,0.0303851035989643,0.0001,0.0001,0.2851,0.0201,0.5826,0.1226,1.0851,0.145099999999999
HSC_2424,0.01385,0.00970143218483576,0.042935,0.03007443977299086,1.65,,0.1501,0.00622372435695794,0.1851,0.0001,0.1826,0.00760000000000001,0.2226,0.0276,0.2776,0.0626
HSC_2428,0.60385,0.0160589316685046,1.8719350000000001,0.04978268817236427,2.513962405,0.026037595,0.63385,0.0228417567483253,0.2101,0.0501,0.5526,0.1626,0.9101,0.2801,1.3801,0.3351
HSC_2446,0.3701,0.00622372435695795,1.14731,0.019293545506569646,1.154085405,0.014085405,0.59385,0.0109253175473055,0.2351,0.0001,0.4851,0.0001,0.7151,0.0001,1.0926,0.00259999999999995
HSC_245,0.1026,0.0161078105935822,0.31806,0.049934212840104825,2.643286755,0.206713245,0.3326,0.0026,0.2901,0.00510000000000001,0.3526,0.0226,0.4701,0.0501,0.6126,0.0975999999999997
HSC_2477,0.1446,0.00297228132326901,0.44826000000000005,0.009214072102133932,2.50584029,0.0258402900000001,0.28385,0.00659519052838327,0.1501,0.00510000000000001,0.2301,0.0151,0.3576,0.00760000000000001,0.4786,0.0166
HSC_2481,0.17885,0.00970143218483576,0.554435,0.03007443977299086,0.687521415,0.132478585,0.2576,0.0109972473588517,0.1351,0.0001,0.2276,0.0176,0.3301,0.0301,0.5276,0.0626
HSC_249,0.2951,0.0305138126514908,0.9148099999999999,0.09459281921962148,4.06977442,0.00977442000000028,0.66885,0.0065951905283833,0.0701,0.0051,0.3276,0.0375999999999998,0.5651,0.1101,0.8701,0.1701
HSC_250,0.0026,0.00443012701892219,0.00806,0.01373339375865879,0.68169058,0.46830942,0.0851,0.0123474487139158,0.0226,0.0076,0.0076,0.0076,0.0601,0.0251,0.0876,0.0276
HSC_2502,0.2626,0.0104077640640442,0.81406,0.032264068598537025,,,0.5201,0.0001,0.1376,0.0426,0.3651,0.0101,0.5751,0.0201,0.8401,0.0651
HSC_2512,0.32135,0.0125373429638328,0.9961850000000001,0.03886576318788168,2.29,,0.5126,0.0376,0.2776,0.00759999999999998,0.4451,0.0101,0.7201,0.0101,0.9801,0.0701
HSC_2525,0.2876,0.0168705098312484,0.8915600000000001,0.05229858047687004,1.12898969,0.23101031,0.4426,0.0362420807370024,0.2026,0.00259999999999999,0.3926,0.00760000000000001,0.5651,0.0601000000000009,0.8526,0.0126
HSC_2526,0.7126,0.047862432936357,2.20906,0.1483735421027067,2.557778235,0.182221765,0.9576,0.0130903810567665,0.3051,0.0101,0.8226,0.1026,1.2776,0.147600000000001,1.8801,0.195100000000001
HSC_2527,0.6801,0.0128475487839819,2.1083100000000004,0.039827401230343895,2.42030626,0.0603062600000002,1.02135,0.0266459507269942,0.3176,0.0126,0.8151,0.0101,1.3051,0.0001,1.8526,0.0276
HSC_253,0.18885,0.00970143218483576,0.585435,0.03007443977299086,0.853989125,0.056010875,0.33885,0.0144069039278245,0.1326,0.00760000000000001,0.2826,0.0276,0.4251,0.0001,0.6076,0.0526
HSC_2550,0.6901,0.0001,2.13931,0.00031,2.358414345,0.131585655,0.9826,0.0044301270189222,0.3801,0.0950999999999999,0.7926,0.0776,1.1926,0.0976000000000001,1.8251,0.1251
HSC_2552,0.3201,0.00717106781186548,0.99231,0.022230310216782987,1.112155925,0.037844075,0.49885,0.0144069039278245,0.2226,0.0026,0.4326,0.0026,0.6551,0.00510000000000001,0.9401,0.00509999999999995
HSC_2557,0.59135,0.0120242400177118,1.8331850000000003,0.03727514405490658,2.33977837,0.05022163,0.9101,0.00945414346693486,0.3026,0.0026,0.6926,0.0126,1.1076,0.0376,1.6551,0.0550999999999999
HSC_2564,0.04635,0.0114880419739304,0.143685,0.03561293011918425,2.335795635,0.0242043649999999,0.7551,0.0001,0.1851,0.0101,0.3376,0.1576,0.5301,0.2751,0.8576,0.3926
HSC_2567,0.44385,0.00749509972887453,1.3759350000000001,0.023234809159511045,1.30376909,0.35376909,0.70135,0.00902678553567857,0.2901,0.0001,0.5776,0.0026,0.8801,0.00510000000000001,1.2601,0.0201
HSC_2569,0.38885,0.00970143218483577,1.205435,0.030074439772990885,1.36448506,0.14551494,0.6301,0.0151,0.2276,0.00759999999999999,0.5026,0.0026,0.7751,0.0001,1.1226,0.0176
HSC_2570,0.7456,0.00667647321898296,2.31136,0.020697066978847177,3.10551858,0.0244814199999999,1.14385,0.0171934929139716,0.2026,0.00759999999999999,0.7501,0.00510000000000001,1.2696,0.00460000000000006,1.9126,0.00759999999999995
HSC_2580,0.21385,0.00970143218483577,0.662935,0.030074439772990885,3.195400125,0.435400125,0.5726,0.0026,0.0551,0.0051,0.2226,0.0276,0.4401,0.0501,0.7376,0.0825999999999994
HSC_2581,0.5281,0.0250899979991996,1.63711,0.07777899379751876,2.250622385,0.0106223849999998,0.86635,0.0199037243971936,0.1551,0.00510000000000001,0.4976,0.0126,0.8931,0.00710000000000001,1.4576,0.0975999999999999
HSC_2582,0.31885,0.00554862367942585,0.9884350000000001,0.017200733406220133,0.85067952,0.0,0.5001,0.0087602540378444,0.2226,0.0026,0.4176,0.00760000000000001,0.6251,0.0001,0.9201,0.0101
HSC_2594,0.14635,0.0139631706330118,0.45368500000000006,0.04328582896233658,2.827607585,0.177607585,0.5426,0.0126,0.0801,0.0501,0.2401,0.1051,0.4176,0.1476,0.6901,0.2201
HSC_2595,0.3276,0.00839156197588851,1.01556,0.02601384212525438,1.032703505,0.0672964950000001,0.50885,0.0139631706330118,0.2176,0.0026,0.4301,0.00510000000000001,0.6401,0.0101,0.9601,0.0151
HSC_2598,0.36385,0.00970143218483577,1.1279350000000001,0.030074439772990885,1.349723945,0.079723945,0.55635,0.0139631706330117,0.2151,0.0001,0.4451,0.0101,0.7226,0.00760000000000001,1.0326,0.0476
HSC_26,0.2701,0.0177776695296637,0.83731,0.05511077554195747,3.511883125,0.458116875000002,0.57885,0.0065951905283833,0.3876,0.0026,0.5951,0.0201,0.8101,0.0651,1.1126,0.0876
HSC_2607,0.0876,0.0076,0.27156,0.02356,3.45,,1.09135,0.0125373429638328,0.3451,0.1001,0.6126,0.3226,0.9176,0.5126,1.3026,0.7226
HSC_261,0.25435,0.0241143186453416,0.7884850000000001,0.07475438780055896,3.769450625,0.150549375,0.93185,0.0127169528809455,0.1426,0.1176,0.4526,0.2626,0.7186,0.3936,1.1851,0.4701
HSC_2611,0.6101,0.0321156211871643,1.89131,0.09955842568020934,4.16791885,0.0679188500000003,0.9676,0.0130903810567666,0.3426,0.00259999999999997,0.8126,0.0176,1.2601,0.0301,1.8401,0.0301
HSC_2612,0.6101,0.0321156211871643,1.89131,0.09955842568020934,4.16791885,0.0679188500000003,0.9676,0.0130903810567666,0.3426,0.00259999999999997,0.8126,0.0176,1.2601,0.0301,1.8401,0.0301
HSC_2620,0.25635,0.00749509972887453,0.7946850000000001,0.023234809159511045,0.71,,0.3826,0.0161078105935821,0.2076,0.0026,0.3651,0.00510000000000001,0.5226,0.0026,0.7551,0.0201
HSC_2622,1.25135,0.0348086084422871,3.879185,0.10790668617109002,4.262109575,0.142109575,1.7826,0.0355436171968945,0.5651,0.00509999999999995,1.6001,0.00510000000000001,2.6101,0.0450999999999999,3.4651,0.0851
HSC_2635,0.7101,0.00510000000000001,2.20131,0.015810000000000032,2.6839384,0.1539384,1.0651,0.132906249852935,0.4776,0.0026,1.0226,0.0276,1.5076,0.0476,2.1176,0.0726
HSC_264,0.17385,0.03276783586343,0.538935,0.10158029117663302,,,0.4901,0.00510000000000001,0.2176,0.00760000000000001,0.3676,0.0426000000000001,0.5151,0.1001,0.7201,0.1851
HSC_2649,0.49885,0.00749509972887453,1.546435,0.023234809159511045,2.05331291,0.226687090000001,0.77885,0.0369060796608387,0.2876,0.0026,0.6376,0.00760000000000001,0.9676,0.0126,1.4126,0.0326000000000001
HSC_265,0.25435,0.0241143186453416,0.7884850000000001,0.07475438780055896,3.769450625,0.150549375,0.93185,0.0127169528809455,0.1426,0.1176,0.4526,0.2626,0.7186,0.3936,1.1851,0.4701
HSC_2655,0.5801,0.0170558249578132,1.7983099999999999,0.052873057369220926,2.00527097,0.10527097,0.90385,0.0231149407994025,0.3376,0.00759999999999998,0.7551,0.00510000000000001,1.1701,0.0101,1.6101,0.0551000000000001
HSC_266,0.29635,0.00424578098794425,0.9186850000000001,0.013161921062627176,1.35,,0.48885,0.0109253175473055,0.2226,0.0026,0.4401,0.0101,0.6076,0.0226,0.9076,0.0376
HSC_2668,0.38885,0.0179097585609688,1.205435,0.055520251539003286,1.435269815,0.344730185,0.7226,0.0226,0.3451,0.00509999999999998,0.6576,0.0426,0.9526,0.0376,1.3026,0.142600000000001
HSC_268,0.1376,0.0126,0.42656,0.039060000000000004,2.920625625,0.329374375,0.34885,0.0022650635094611,0.1826,0.0026,0.2726,0.0126,0.4026,0.0376,0.5826,0.0526
HSC_2683,0.4151,0.0296803989154981,1.28681,0.09200923663804411,3.80263299,0.0426329900000002,0.7976,0.0161078105935821,0.1376,0.0026,0.4751,0.0301,0.7601,0.0800999999999998,1.2251,0.0851000000000001
HSC_2711,0.6301,0.00717106781186548,1.95331,0.022230310216782987,1.97344457,0.12655543,1.0076,0.029361749776799,0.4451,0.0251,0.9026,0.0476,1.3826,0.1126,1.8776,0.0726
HSC_272,0.1376,0.0126,0.42656,0.039060000000000004,2.920625625,0.329374375,0.34885,0.0022650635094611,0.1826,0.0026,0.2726,0.0126,0.4026,0.0376,0.5826,0.0526
HSC_2731,0.18385,0.0239156986040717,0.5699350000000001,0.07413866567262228,3.05,,1.2376,0.0466698400254929,0.3776,0.1126,0.7601,0.3951,1.2101,0.6651,1.4926,0.8976
HSC_2732,0.18385,0.0239156986040717,0.5699350000000001,0.07413866567262228,3.05,,1.2376,0.0466698400254929,0.3776,0.1126,0.7601,0.3951,1.2101,0.6651,1.4926,0.8976
HSC_2737,0.55135,0.00902678553567853,1.7091850000000002,0.027983035160603444,2.69361485,0.20638515,0.82635,0.00902678553567857,0.3376,0.00759999999999998,0.7076,0.00760000000000001,1.0801,0.0101,1.5376,0.0126000000000001
HSC_2740,0.55135,0.00902678553567853,1.7091850000000002,0.027983035160603444,2.69361485,0.20638515,0.82635,0.00902678553567857,0.3376,0.00759999999999998,0.7076,0.00760000000000001,1.0801,0.0101,1.5376,0.0126000000000001
HSC_2747,0.2176,0.00569016994374948,0.6745599999999999,0.017639526825623388,0.78219754,0.13780246,0.33135,0.0182572988079174,0.1701,0.00509999999999999,0.2951,0.00510000000000001,0.4251,0.0101,0.6326,0.00760000000000001
HSC_2748,1.0251,0.0118260393995586,3.1778099999999996,0.03666072213863166,4.15,,1.50635,0.0241767003553227,0.6476,0.0126,1.4151,0.0001,2.1776,0.00260000000000017,2.9126,0.0126
HSC_2760,0.0951,0.0516994186013757,0.29481,0.16026819766426467,3.139292845,0.119292845,0.5501,0.0260807621135331,0.0001,0.0001,0.1276,0.1276,0.2626,0.2576,0.4176,0.4026
HSC_2776,0.6951,0.0137930639376291,2.1548100000000003,0.04275849820665021,2.781718135,0.0982818649999999,1.1251,0.0323102468168128,0.4676,0.0426,1.0276,0.0276,1.5441,0.0811,2.0826,0.0925999999999999
HSC_2781,0.7151,0.00800569415042095,2.2168099999999997,0.024817651866304948,2.619698965,0.0503010349999999,0.5226,0.0104077640640442,0.3376,0.0925999999999999,0.6876,0.2576,1.0226,0.3976,1.4751,0.5301
HSC_2796,0.5276,0.00839156197588851,1.63556,0.02601384212525438,1.66179985,0.15820015,0.8426,0.00760000000000001,0.3301,0.00510000000000001,0.7026,0.0176,1.0501,0.0151,1.5201,0.0450999999999999
HSC_2798,0.75635,0.0109253175473055,2.344685,0.03386848439664705,2.95,,1.1001,0.0107066017177982,0.5251,0.0001,1.0726,0.00760000000000006,1.5801,0.0151,2.1926,0.0226
HSC_2800,0.75635,0.0109253175473055,2.344685,0.03386848439664705,2.95,,1.1001,0.0107066017177982,0.5251,0.0001,1.0726,0.00760000000000006,1.5801,0.0151,2.1926,0.0226
HSC_2813,0.04635,0.0284670142947755,0.143685,0.08824774431380406,2.083973835,0.0639738350000001,0.2776,0.0377662979332986,0.0001,0.0001,0.0026,0.0026,0.0001,0.0001,0.0626,0.0626
HSC_2830,0.49135,0.0254414186658916,1.523185,0.07886839786426396,3.506808845,0.0531911549999999,0.8551,0.0248487373415292,0.1201,0.0001,0.4851,0.0001,0.8276,0.0226,1.3176,0.0226000000000001
HSC_284,0.3651,0.0260807621135332,1.13181,0.08085036255195292,3.50051583,0.14948417,0.68135,0.0271127284812179,0.2101,0.00510000000000001,0.5051,0.0401,0.7201,0.0251,1.0801,0.0901
HSC_2842,0.61385,0.0109253175473055,1.902935,0.03386848439664705,2.77528987,0.19528987,0.96885,0.0125373429638328,0.2851,0.0001,0.7126,0.0026,1.1426,0.0126000000000001,1.6901,0.00510000000000001
HSC_285,0.6451,0.0281624304008046,1.99981,0.08730353424249426,4.697512325,0.0775123249999998,1.7326,0.0459938993767145,0.4901,0.1151,1.2426,0.3676,1.9026,0.6126,2.5676,0.7926
HSC_2858,0.2801,0.0001,0.86831,0.00031,3.776029815,0.046029815,0.5476,0.0044301270189222,0.0001,0.0001,0.1276,0.00760000000000001,0.3926,0.0026,0.6701,0.00510000000000001
HSC_2860,0.74635,0.0311996382615618,2.313685,0.09671887861084158,4.94641129,0.13358871,1.2826,0.0431842198490352,0.5651,0.0851000000000006,1.2001,0.1051,1.7176,0.1026,2.3826,0.2126
HSC_2861,0.72135,0.0109253175473055,2.2361850000000003,0.03386848439664705,2.258547755,0.0614522449999999,1.0651,0.0107066017177982,0.4326,0.0026,0.9451,0.00510000000000001,1.4201,0.0351,2.0376,0.0226
HSC_2863,0.31885,0.0164458710382775,0.9884350000000001,0.050982200218660255,4.866007925,0.116007925,0.5201,0.0001,0.2751,0.00510000000000001,0.5001,0.0151,0.7526,0.0026,1.0901,0.0600999999999999
HSC_2864,0.4076,0.0115564392373896,1.26356,0.03582496163590776,1.69148696,0.198513040000001,0.6501,0.0323102468168129,0.2651,0.0001,0.5501,0.00510000000000001,0.8351,0.0001,1.1951,0.0201
HSC_2868,0.39635,0.0189331489666492,1.228685,0.058692761796612515,5.091387465,0.318612535,0.77135,0.0103316909648406,0.1801,0.00510000000000001,0.5051,0.0151,0.7976,0.0476,1.2676,0.0326
HSC_2881,0.9226,0.0161078105935821,2.86006,0.04993421284010451,3.90426926,0.05573074,1.37385,0.0231149407994024,0.1851,0.00510000000000001,0.9201,0.00510000000000001,1.5876,0.0126000000000001,2.2801,0.0201
HSC_2889,0.7951,0.0243383992870816,2.46481,0.07544903778995296,3.214170925,0.0158290750000001,1.1876,0.0320178633370093,0.3226,0.00760000000000001,0.9476,0.00760000000000001,1.5301,0.0151,2.1026,0.0426
HSC_2897,0.87885,0.00829679815537751,2.724435,0.025720074281670283,,,1.27885,0.0152554445662277,0.4001,0.00510000000000001,1.0426,0.0176000000000001,1.6601,0.0251,2.3676,0.0476000000000001
HSC_2899,0.87885,0.00829679815537751,2.724435,0.025720074281670283,,,1.27885,0.0152554445662277,0.4001,0.00510000000000001,1.0426,0.0176000000000001,1.6601,0.0251,2.3676,0.0476000000000001
HSC_2902,0.54135,0.00749509972887453,1.678185,0.023234809159511045,2.572718065,0.362718064999999,0.8101,0.0174205080756887,0.3701,0.00510000000000001,0.7401,0.00510000000000001,1.1201,0.0151,1.5626,0.0276000000000001
HSC_2904,0.43885,0.0273431183971292,1.360435,0.08476366703110053,3.52671346,0.0867134600000001,0.76135,0.0199037243971936,0.4101,0.00509999999999998,0.7351,0.0001,1.0226,0.0226,1.4326,0.0676
HSC_2910,0.64885,0.0333368395007708,2.011435,0.10334420245238948,3.03771578,0.0677157799999999,1.0676,0.0779219120813669,0.3276,0.0026,0.8826,0.117599999999999,1.4576,0.0726,1.9276,0.1576
HSC_2911,0.1676,0.0130903810567666,0.51956,0.040580181275976464,0.685106625,0.044893375,0.30135,0.00970143218483577,0.1301,0.0001,0.2326,0.00759999999999999,0.3726,0.0026,0.5151,0.0301
HSC_2914,0.4176,0.00569016994374948,1.2945600000000002,0.017639526825623388,1.50521957,0.08521957,0.6801,0.0253487623459052,0.2951,0.00510000000000001,0.5851,0.00510000000000001,0.8826,0.0126,1.2626,0.00259999999999995
HSC_2921,0.42135,0.022001769334919,1.3061850000000002,0.0682054849382489,3.674120885,0.035879115,0.7776,0.0044301270189222,0.1751,0.0101,0.5226,0.00760000000000001,0.8526,0.0576,1.2251,0.0851000000000001
HSC_2926,0.9051,0.00717106781186548,2.80581,0.022230310216782987,3.569793515,0.290206485,1.3776,0.0217506350946109,0.3226,0.0026,1.0601,0.0301,1.6876,0.00259999999999995,2.4176,0.0626
HSC_294,0.85885,0.0164458710382775,2.662435,0.050982200218660255,3.53683372,0.12683372,1.33135,0.0299695078633713,0.5476,0.0026,1.2201,0.0201,1.8351,0.0151,2.5351,0.0501000000000001
HSC_2944,0.63635,0.0365648803645371,1.972685,0.11335112913006502,2.65580559,0.0,0.9426,0.0217506350946109,0.3726,0.0026,0.8076,0.0126,1.2826,0.0726,1.8651,0.0901000000000001
HSC_2946,0.00885,0.0103316909648406,0.027435,0.03202824199100587,2.527305345,0.182694655,0.1901,0.00800569415042095,0.0001,0.0001,0.0001,0.0001,0.0151,0.0151,0.1176,0.0326
HSC_2961,0.76635,0.00424578098794425,2.375685,0.013161921062627176,2.96310126,0.01689874,1.18385,0.0705782767950523,0.4626,0.0376,1.1051,0.0501000000000001,1.6351,0.1201,2.2776,0.0876000000000001
HSC_2966,0.54135,0.00554862367942585,1.678185,0.017200733406220133,2.117516115,0.352483885000002,0.8326,0.0226,0.3426,0.00259999999999997,0.7201,0.0101,1.0801,0.0151,1.5701,0.0401
HSC_297,0.1351,0.00622372435695795,0.41881,0.019293545506569646,0.659633355,0.250366645,0.24385,0.00554862367942585,0.0901,0.0051,0.1901,0.0101,0.2851,0.0201,0.4026,0.0426000000000004
HSC_2972,0.56135,0.0241767003553228,1.740185,0.0749477711015007,4.171622015,0.0283779850000001,0.95635,0.0268803566070357,0.5676,0.0126,1.0151,0.0301,1.4051,0.0450999999999999,1.9176,0.0875999999999999
HSC_2974,0.8251,0.00800569415042095,2.55781,0.024817651866304948,3.239104605,0.210895395,1.2576,0.0202556443707463,0.5776,0.0026,1.2026,0.00759999999999995,1.7726,0.0326,2.4451,0.0451000000000002
HSC_2977,0.49635,0.0412362066797609,1.538685,0.1278322407072588,1.873063,0.066937,0.80385,0.0282458256229942,0.3126,0.0176,0.7226,0.0126,1.0526,0.0176000000000001,1.5401,0.0151
HSC_2978,0.7726,0.0327917420765551,2.39506,0.10165440043732081,2.820602215,0.259397785,1.18385,0.0160589316685047,0.5026,0.0126,1.1101,0.00510000000000001,1.6476,0.0126,2.2001,0.1001
HSC_2979,0.1401,0.0123474487139159,0.43431000000000003,0.038277091013139294,,,0.41135,0.0109253175473055,0.1676,0.00759999999999999,0.2851,0.0400999999999999,0.3926,0.0676000000000001,0.6351,0.0451
HSC_2985,0.73385,0.00902678553567857,2.274935,0.02798303516060357,3.70461609,0.465383910000001,1.14385,0.0372441448952591,0.3101,0.0001,0.8626,0.00760000000000001,1.3901,0.0400999999999999,1.9876,0.0276000000000001
HSC_324,0.1651,0.0177776695296635,0.51181,0.05511077554195685,2.597362125,0.0826378750000001,0.3826,0.0115564392373896,0.3601,0.0001,0.4801,0.0201,0.5976,0.0326,0.8076,0.0676
HSC_35,0.4076,0.025717376914899,1.26356,0.07972386843618691,3.380662455,0.019337545,0.78135,0.0125373429638328,0.5901,0.00510000000000001,0.9126,0.0276,1.2226,0.0826,1.6201,0.170099999999998
HSC_36,0.96885,0.0109253175473055,3.003435,0.03386848439664705,4.046238545,0.0362385450000002,1.4526,0.0397074487943871,0.8701,0.00510000000000001,1.6401,0.0151,2.3351,0.1101,3.0776,0.0226
HSC_38,0.61135,0.0109253175473055,1.895185,0.03386848439664705,3.260796455,0.419203544999997,0.9301,0.0087602540378444,0.3726,0.0026,0.8001,0.0001,1.2126,0.0126000000000001,1.7476,0.0126
HSC_399,0.1326,0.0044301270189222,0.41106,0.01373339375865882,0.430366865,0.209633135,0.1901,0.0001,0.1001,0.0101,0.1801,0.00510000000000001,0.2501,0.00510000000000001,0.3701,0.00510000000000001
HSC_40,0.96885,0.0109253175473055,3.003435,0.03386848439664705,4.046238545,0.0362385450000002,1.4526,0.0397074487943871,0.8701,0.00510000000000001,1.6401,0.0151,2.3351,0.1101,3.0776,0.0226
HSC_406,0.1976,0.0153069063257455,0.61256,0.047451409609811056,2.578940425,0.138940425,1.14885,0.0139631706330118,0.4126,0.1676,0.7776,0.4226,1.0776,0.6126,1.4901,0.8651
HSC_413,0.18885,0.00902678553567857,0.585435,0.02798303516060357,0.84,,0.3076,0.00760000000000001,0.1426,0.00259999999999999,0.2351,0.00509999999999999,0.3676,0.0326,0.5876,0.0476
HSC_430,0.70885,0.00749509972887453,2.197435,0.023234809159511045,3.203609165,0.0836091649999999,1.09385,0.0396877190552828,0.1301,0.0101,0.6551,0.00510000000000001,1.1701,0.0551000000000001,1.7176,0.0226
HSC_436,0.0576,0.00569016994374947,0.17856,0.017639526825623357,0.316746635,0.213253365,0.1026,0.0076,0.0301,0.0151,0.0526,0.0026,0.0826,0.0026,0.1601,0.00510000000000001
HSC_449,0.52385,0.0139631706330118,1.6239350000000001,0.04328582896233658,3.82272001,0.16272001,0.8476,0.0135629120178363,0.3176,0.00760000000000001,0.7451,0.0101,1.1176,0.00260000000000006,1.6201,0.0151
HSC_451,0.52385,0.0139631706330118,1.6239350000000001,0.04328582896233658,3.82272001,0.16272001,0.8476,0.0135629120178363,0.3176,0.00760000000000001,0.7451,0.0101,1.1176,0.00260000000000006,1.6201,0.0151
HSC_498,0.8476,0.0565025708633924,2.6275600000000003,0.17515796967651645,3.059685625,0.109685625,1.31885,0.00970143218483574,0.3651,0.0551,1.0401,0.00510000000000001,1.6476,0.0226,2.3701,0.00509999999999989
HSC_513,0.5551,0.0128475487839819,1.7208100000000002,0.039827401230343895,2.5,,0.72385,0.0022650635094611,0.1101,0.0651,0.5001,0.1351,0.8176,0.1876,1.2751,0.1851
HSC_519,0.47885,0.00970143218483575,1.484435,0.030074439772990826,2.1,,0.5476,0.0852836251870039,0.3551,0.00510000000000001,0.6251,0.0401,0.8901,0.0851,1.2451,0.1601
HSC_523,0.2926,0.016493596310755,0.9070600000000001,0.051130148563340506,1.170520685,0.129479314999999,0.40635,0.0282458256229943,0.2476,0.0026,0.4201,0.0251,0.5751,0.00510000000000001,0.8351,0.0501
HSC_528,0.54885,0.00749509972887453,1.7014349999999998,0.023234809159511045,2.28989857,0.0498985699999999,0.8401,0.0087602540378444,0.2326,0.00259999999999999,0.6001,0.00510000000000001,0.9726,0.0026,1.4301,0.0001
HSC_529,0.51135,0.0315990079208854,1.585185,0.09795692455474475,2.263923485,0.146076515,0.7601,0.0001,0.1001,0.0051,0.4301,0.0301,0.7751,0.0401,1.3276,0.1676
HSC_531,0.69885,0.0266459507269941,2.166435,0.08260244725368171,2.508093585,0.0280935849999999,0.99885,0.0225652509445143,0.3501,0.0001,0.8801,0.0201,1.3476,0.0676,1.9026,0.0326
HSC_539,0.20635,0.0114880419739304,0.6396850000000001,0.03561293011918425,2.414361335,0.035638665,0.5101,0.0001,0.4151,0.00510000000000001,0.5826,0.0626,0.7801,0.0950999999999997,1.0401,0.1201
HSC_551,0.17385,0.00226506350946109,0.538935,0.007021696879329379,0.816941625,0.163058375,0.25135,0.0114880419739304,0.1476,0.0026,0.2526,0.0026,0.3851,0.0201,0.5051,0.00510000000000001
HSC_553,0.24635,0.0139631706330118,0.7636850000000001,0.04328582896233658,0.715370035,0.454629965,0.3101,0.0087602540378444,0.1526,0.0126,0.3026,0.0026,0.4476,0.00760000000000001,0.6676,0.0626
HSC_56,0.25385,0.0307950728945219,0.786935,0.09546472597301789,3.315276755,0.084723245,0.60385,0.0022650635094611,0.5076,0.0176,0.7201,0.0451,0.9501,0.1051,1.1851,0.1851
HSC_573,0.36885,0.0208289049397212,1.143435,0.06456960531313571,2.89677686,0.00677686,0.7151,0.0174205080756887,0.3476,0.0126,0.6401,0.0351,0.8901,0.0601,1.3076,0.0925999999999999
HSC_583,0.4151,0.00622372435695795,1.28681,0.019293545506569646,1.619579405,0.070420595,0.66635,0.0156623744974859,0.3126,0.0026,0.6001,0.0301,0.8751,0.0251,1.2451,0.0500999999999999
HSC_584,0.4776,0.00569016994374948,1.48056,0.017639526825623388,2.30238345,0.12761655,0.71635,0.0022650635094611,0.1676,0.0026,0.4701,0.0201,0.7676,0.0226,1.2201,0.0501000000000001
HSC_589,0.6051,0.0146773797371133,1.87581,0.04549987718505123,2.71286564,0.11286564,0.90885,0.0152554445662277,0.2226,0.0026,0.6351,0.0101,1.0651,0.0151,1.5676,0.0426000000000001
HSC_591,0.6126,0.00839156197588851,1.8990600000000002,0.02601384212525438,2.2881259,0.1418741,0.9476,0.0044301270189222,0.3751,0.0001,0.8101,0.00509999999999995,1.2026,0.0126000000000001,1.7401,0.0301
HSC_593,0.6126,0.00839156197588851,1.8990600000000002,0.02601384212525438,2.2881259,0.1418741,0.9476,0.0044301270189222,0.3751,0.0001,0.8101,0.00509999999999995,1.2026,0.0126000000000001,1.7401,0.0301
HSC_599,0.5976,0.0202556443707464,1.8525600000000002,0.06279249754931383,2.001279215,0.018720785,0.86385,0.0369060796608386,0.3926,0.0026,0.8326,0.0176,1.2176,0.00760000000000006,1.6951,0.0301
HSC_6,0.0876,0.0026,0.27156,0.00806,3.4842701,0.0,0.2626,0.0026,0.2176,0.0176,0.2601,0.0151,0.3776,0.0126,0.5001,0.0251
HSC_602,0.1301,0.00876025403784439,0.40331,0.027156787517317607,0.200099005,0.020099005,0.1601,0.0087602540378444,0.0726,0.0176,0.1526,0.0175999999999999,0.2126,0.00760000000000001,0.3301,0.0301
HSC_611,0.4851,0.0263202212042538,1.5038099999999999,0.08159268573318677,3.769701075,0.119701075,0.8626,0.0189745860881769,0.3876,0.0026,0.7876,0.0226,1.1126,0.0476,1.5726,0.1126
HSC_619,0.54135,0.0144069039278245,1.678185,0.04466140217625595,2.770669825,0.239330175,0.78135,0.0199037243971936,0.3801,0.0201,0.8026,0.0026,1.1776,0.00760000000000006,1.5451,0.0451
HSC_62,0.5726,0.00760000000000001,1.77506,0.023560000000000032,2.45314255,0.35685745,0.9226,0.0409503365959205,0.2151,0.0101,0.6551,0.0401,1.0901,0.0751000000000001,1.5776,0.0576
HSC_622,0.40635,0.0195855715851499,1.259685,0.06071527191396469,2.99405502,0.14405502,0.9726,0.0968277106107655,0.4201,0.0151,0.8101,0.0950999999999992,1.0451,0.0951,1.6626,0.2726
HSC_624,1.28635,0.0164458710382776,3.9876850000000004,0.05098220021866056,3.56,,1.8126,0.0259602010819715,0.8151,0.0301,1.8701,0.0300999999999999,2.8151,0.0501000000000001,3.6501,0.0550999999999999
HSC_625,0.8376,0.0266753645318366,2.59656,0.08269363004869346,5.149083595,0.439083595,1.2451,0.0300999999999999,0.6526,0.00760000000000001,1.3526,0.0276,1.9276,0.0226,2.5901,0.0501000000000001
HSC_63,0.25385,0.0307950728945219,0.786935,0.09546472597301789,3.315276755,0.084723245,0.60385,0.0022650635094611,0.5076,0.0176,0.7201,0.0451,0.9501,0.1051,1.1851,0.1851
HSC_630,0.70635,0.0249432586429397,2.1896850000000003,0.07732410179311308,2.11162892,0.19837108,1.02385,0.0233849200127465,0.5601,0.00509999999999995,1.0776,0.00260000000000006,1.5526,0.0176000000000001,2.0251,0.0751000000000001
HSC_648,0.88285,0.0110630059746404,2.736835,0.03429531852138524,3.65433017,0.0843301700000001,1.3776,0.127010401464971,0.1976,0.0126,0.8801,0.0151,1.8946,0.320600000000001,2.2276,0.0426
HSC_652,0.88285,0.0110630059746404,2.736835,0.03429531852138524,3.65433017,0.0843301700000001,1.3776,0.127010401464971,0.1976,0.0126,0.8801,0.0151,1.8946,0.320600000000001,2.2276,0.0426
HSC_654,0.88285,0.0110630059746404,2.736835,0.03429531852138524,3.65433017,0.0843301700000001,1.3776,0.127010401464971,0.1976,0.0126,0.8801,0.0151,1.8946,0.320600000000001,2.2276,0.0426
HSC_656,0.48135,0.00749509972887453,1.492185,0.023234809159511045,1.55352993,0.02352993,0.7026,0.0044301270189222,0.3476,0.00759999999999998,0.6476,0.0126,0.9526,0.0226,1.3651,0.0301
HSC_669,0.10385,0.0082967981553775,0.321935,0.025720074281670252,2.105377105,0.0746228950000001,0.7526,0.0477313972081441,0.3151,0.0451,0.4901,0.1801,0.7426,0.3626,0.9676,0.4276
HSC_672,0.27635,0.0171934929139717,0.856685,0.05329982803331228,1.61374776,0.296252240000001,0.4526,0.0161078105935821,0.3151,0.00510000000000001,0.5101,0.00510000000000001,0.6826,0.0226,0.9176,0.0426
HSC_679,0.2876,0.00569016994374946,0.8915600000000001,0.017639526825623326,1.23284049,0.0371595100000001,0.4601,0.0151,0.2526,0.0026,0.4526,0.00760000000000001,0.6576,0.0276,0.8876,0.0276
HSC_692,0.5651,0.0107066017177982,1.75181,0.033190465325174424,1.790973565,0.00097356500000001,0.83135,0.0195855715851499,0.4176,0.0226,0.8001,0.0151,1.2101,0.0450999999999999,1.6176,0.0176
HSC_70,0.1301,0.0151,0.40331,0.046810000000000004,2.78413843,0.19586157,0.4501,0.0201,0.2101,0.00510000000000001,0.3376,0.0425999999999998,0.4676,0.0626,0.7176,0.1326
HSC_710,0.36385,0.0333368395007708,1.1279350000000001,0.10334420245238948,2.920154865,0.180154865,0.6351,0.0001,0.2951,0.0001,0.5651,0.00509999999999995,0.8376,0.0426,1.1151,0.0901000000000001
HSC_713,0.42135,0.0202168461742888,1.3061850000000002,0.06267222314029527,2.86667059,0.27667059,0.6626,0.0189745860881769,0.4626,0.0026,0.7901,0.0301,1.0351,0.0401,1.3976,0.0976000000000001
HSC_714,0.49135,0.00970143218483577,1.523185,0.030074439772990885,1.665697685,0.004302315,0.6576,0.106430851590684,0.3526,0.0026,0.7176,0.0176,0.9026,0.1076,1.4151,0.0501000000000001
HSC_718,0.49135,0.00970143218483577,1.523185,0.030074439772990885,1.665697685,0.004302315,0.6576,0.106430851590684,0.3526,0.0026,0.7176,0.0176,0.9026,0.1076,1.4151,0.0501000000000001
HSC_72,0.41635,0.00970143218483575,1.290685,0.030074439772990826,1.99463527,0.35536473,0.7051,0.0151,0.3076,0.0026,0.6076,0.00760000000000001,0.9051,0.0201,1.2776,0.0476
HSC_723,0.25135,0.0246903944661325,0.7791850000000001,0.07654022284501076,3.22954302,0.000456980000000051,1.15135,0.0182572988079174,0.4726,0.0925999999999999,0.8426,0.3026,1.1926,0.5176,1.5676,0.7376
HSC_728,0.04885,0.00554862367942584,0.151435,0.017200733406220105,0.23728086,0.17271914,0.07885,0.00659519052838329,0.0126,0.0126,0.0251,0.0051,0.0651,0.0151,0.1076,0.0126000000000001
HSC_73,0.1301,0.0151,0.40331,0.046810000000000004,2.78413843,0.19586157,0.4501,0.0201,0.2101,0.00510000000000001,0.3376,0.0425999999999998,0.4676,0.0626,0.7176,0.1326
HSC_739,0.16135,0.0144069039278245,0.500185,0.04466140217625595,2.25888487,0.0411151299999999,0.3626,0.00839156197588851,0.3351,0.0101,0.4576,0.0176,0.5726,0.0576,0.7626,0.102600000000001
HSC_746,0.3826,0.00569016994374948,1.1860600000000001,0.017639526825623388,1.466126185,0.00612618500000006,0.57635,0.0195855715851499,0.3051,0.0001,0.5576,0.0026,0.8301,0.0301,1.1201,0.00510000000000001
HSC_748,0.18885,0.0103316909648406,0.585435,0.03202824199100587,0.78118483,0.16881517,0.25385,0.0109253175473055,0.1726,0.00759999999999999,0.2776,0.0026,0.3726,0.0226,0.5776,0.0376
HSC_762,0.0001,0.0001,0.00031,0.00031,1.89320228,0.11679772,0.80185,0.00913811374126257,0.2331,0.1131,0.3626,0.2826,0.5526,0.4276,0.8151,0.6251
HSC_765,0.41385,0.00659519052838328,1.282935,0.02044509063798817,1.35087746,0.17087746,0.62635,0.0065951905283833,0.1351,0.0201,0.3976,0.0226,0.6526,0.0476,1.0651,0.0601000000000001
HSC_766,0.41385,0.00659519052838328,1.282935,0.02044509063798817,1.35087746,0.17087746,0.62635,0.0065951905283833,0.1351,0.0201,0.3976,0.0226,0.6526,0.0476,1.0651,0.0601000000000001
HSC_768,0.2726,0.00839156197588849,0.84506,0.02601384212525432,0.97269365,0.0,0.44135,0.0022650635094611,0.1501,0.0101,0.3026,0.0026,0.4801,0.00510000000000001,0.7876,0.0426
HSC_777,0.2626,0.0044301270189222,0.81406,0.01373339375865882,0.95802325,0.23197675,0.39635,0.0022650635094611,0.1801,0.0201000000000001,0.3301,0.0401000000000002,0.4801,0.0401,0.7401,0.0551
HSC_785,0.1476,0.0144614066163451,0.45756,0.04483036051066981,1.72354598,0.11645402,0.7751,0.0218944947177034,0.3351,0.0151,0.5576,0.1776,0.7776,0.3026,1.0701,0.4451
HSC_792,0.4051,0.0281624304008046,1.25581,0.08730353424249426,3.83592415,0.04407585,0.9151,0.0174205080756888,0.0676,0.0326,0.4576,0.1126,0.7826,0.2026,1.1951,0.3051
HSC_793,0.59385,0.0256868618630734,1.840935,0.07962927177552755,2.05333066,0.0533306600000001,0.9076,0.0304108891324553,0.0551,0.0101,0.4976,0.0476,0.9501,0.00510000000000001,1.4226,0.0825999999999999
HSC_794,0.7401,0.012847548783982,2.29431,0.0398274012303442,2.540376475,0.060376475,1.06635,0.0125373429638327,0.0826,0.0126,0.6126,0.0276,1.1076,0.0376,1.7076,0.0576
HSC_796,0.4051,0.0281624304008046,1.25581,0.08730353424249426,3.83592415,0.04407585,0.9151,0.0174205080756888,0.0676,0.0326,0.4576,0.1126,0.7826,0.2026,1.1951,0.3051
HSC_80,0.6076,0.0126,1.8835600000000001,0.039060000000000004,2.714793925,0.165206075,0.9201,0.0184711730708738,0.3626,0.00760000000000001,0.8076,0.0126,1.2676,0.0126000000000001,1.7451,0.0300999999999999
HSC_800,0.1751,0.00800569415042094,0.54281,0.024817651866304916,0.769434365,0.110565635,0.23885,0.00902678553567856,0.1101,0.00510000000000001,0.2126,0.00760000000000001,0.3051,0.0151,0.4776,0.0326
HSC_807,0.48385,0.00970143218483577,1.499935,0.030074439772990885,2.1,,0.7451,0.0118260393995586,0.1151,0.0051,0.4276,0.0026,0.7551,0.00510000000000001,1.1951,0.0301
HSC_816,0.31135,0.0065951905283833,0.9651850000000001,0.02044509063798823,1.160985905,0.249014095,0.4901,0.00622372435695795,0.2326,0.00759999999999999,0.4301,0.0001,0.6301,0.00510000000000001,0.8976,0.0176
HSC_818,0.42885,0.0179097585609688,1.3294350000000001,0.055520251539003286,,,0.63385,0.0205251682979603,0.3026,0.0026,0.6101,0.00510000000000001,0.8976,0.0176,1.2251,0.0201
HSC_833,0.4801,0.00622372435695795,1.48831,0.019293545506569646,1.885371985,0.114628015,0.73135,0.0065951905283833,0.2001,0.00509999999999999,0.5226,0.00760000000000001,0.8126,0.0176,1.2726,0.0226
HSC_836,0.60135,0.0109253175473055,1.8641850000000002,0.03386848439664705,2.49379868,0.10379868,0.90885,0.00970143218483577,0.0176,0.0076,0.4401,0.00510000000000001,0.8476,0.0126,1.3626,0.0226
HSC_837,0.62135,0.00749509972887453,1.9261849999999998,0.023234809159511045,2.49543103,0.0545689699999998,0.9551,0.012847548783982,0.2251,0.0151,0.6551,0.0201,1.0776,0.0176,1.6226,0.0476
HSC_838,0.60135,0.0109253175473055,1.8641850000000002,0.03386848439664705,2.49379868,0.10379868,0.90885,0.00970143218483577,0.0176,0.0076,0.4401,0.00510000000000001,0.8476,0.0126,1.3626,0.0226
HSC_839,0.46885,0.00659519052838327,1.453435,0.020445090637988137,1.605818625,0.115818625,0.71135,0.0065951905283833,0.2126,0.0026,0.5376,0.0126,0.8076,0.0126,1.2326,0.0126000000000001
HSC_841,0.7676,0.0226,2.37956,0.07006,2.45,,0.69435,0.017031848688197,0.4616,0.0186,0.9501,0.110100000000001,1.3476,0.227599999999999,1.8076,0.262600000000001
HSC_853,0.6751,0.0001,2.09281,0.00031,2.064084355,0.0659156449999999,1.0451,0.0151,0.5051,0.00510000000000001,0.9926,0.0476,1.4326,0.0626,2.0201,0.0551000000000001
HSC_856,0.55385,0.0114880419739304,1.7169349999999999,0.03561293011918425,2.18116679,0.0111667900000001,0.84885,0.00970143218483577,0.0901,0.0051,0.4676,0.0276,0.8451,0.0251,1.3376,0.0476
HSC_857,0.6376,0.0228760839478608,1.9765599999999999,0.07091586023836847,2.14720632,0.00279367999999991,0.9851,0.0288228132326902,0.5101,0.00510000000000001,1.0126,0.0226,1.4751,0.0151,1.9326,0.0925999999999999
HSC_858,0.1676,0.0026,0.51956,0.00806,0.60917809,0.16082191,0.2426,0.0109972473588517,0.1301,0.00510000000000001,0.2176,0.0126,0.3101,0.0151,0.4651,0.0201
HSC_862,0.73885,0.0152554445662277,2.290435,0.047291878155305875,4.09,,1.19385,0.0738711833983975,0.4901,0.0201,1.1051,0.0951,1.7051,0.1301,2.2451,0.1751
HSC_863,0.6376,0.0228760839478608,1.9765599999999999,0.07091586023836847,2.14720632,0.00279367999999991,0.9851,0.0288228132326902,0.5101,0.00510000000000001,1.0126,0.0226,1.4751,0.0151,1.9326,0.0925999999999999
HSC_870,0.73885,0.0152554445662277,2.290435,0.047291878155305875,4.09,,1.19385,0.0738711833983975,0.4901,0.0201,1.1051,0.0951,1.7051,0.1301,2.2451,0.1751
HSC_879,0.59135,0.0109253175473055,1.8331850000000003,0.03386848439664705,2.31527125,0.04472875,0.9226,0.0130903810567666,0.1476,0.0026,0.5651,0.0001,0.9576,0.0176,1.5051,0.0100999999999999
HSC_880,0.6126,0.00760000000000001,1.8990600000000002,0.023560000000000032,1.73383434,0.20383434,0.9526,0.014461406616345,0.3376,0.0026,0.7826,0.00760000000000001,1.1851,0.0201,1.7301,0.0151
HSC_893,0.53885,0.00902678553567857,1.6704350000000001,0.02798303516060357,1.66384935,0.0,0.8701,0.0323102468168129,0.3776,0.0126,0.7801,0.0101,1.1701,0.0500999999999999,1.5826,0.0776
HSC_896,0.3576,0.0266753645318366,1.10856,0.08269363004869346,2.351501125,0.0584988750000002,0.63135,0.061068741991286,0.5826,0.00760000000000001,0.8276,0.0126,1.0401,0.0201,1.4526,0.1476
HSC_903,0.6001,0.0137930639376292,1.86031,0.04275849820665052,2.43834542,0.08834542,0.93135,0.0109253175473054,0.1976,0.0026,0.6076,0.0026,1.0251,0.00510000000000001,1.5576,0.0276
HSC_905,0.5751,0.038505728739343,1.7828099999999998,0.1193677590919633,3.8006795,0.1906795,1.38385,0.00226506350946115,0.2641,0.00610000000000001,0.8226,0.112600000000001,1.2791,0.2391,1.9151,0.4051
HSC_919,0.55885,0.00970143218483572,1.732435,0.030074439772990735,1.998679835,0.041320165,0.85385,0.0109253175473055,0.1501,0.0001,0.5251,0.00510000000000001,0.8776,0.0226,1.3976,0.0126
HSC_923,0.39885,0.0244349029174147,1.236435,0.07574819904398558,3.876178815,0.0238211849999999,0.77885,0.0109253175473055,0.1026,0.0125999999999999,0.4176,0.0026,0.7276,0.0426,1.1226,0.0876
HSC_936,0.4601,0.0294683503111768,1.42631,0.09135188596464808,2.6,,0.75385,0.00902678553567857,0.5051,0.00510000000000001,0.8976,0.0476,1.2076,0.0926,1.5326,0.1826
HSC_939,0.18885,0.00902678553567857,0.585435,0.02798303516060357,0.84,,0.3076,0.00760000000000001,0.1426,0.00259999999999999,0.2351,0.00509999999999999,0.3676,0.0326,0.5876,0.0476
HSC_94,0.51135,0.00902678553567857,1.585185,0.02798303516060357,1.870990615,0.410990615,0.9101,0.0001,0.3376,0.0226,0.6826,0.0226,1.1076,0.0676,1.6301,0.0600999999999999
HSC_947,0.42885,0.00554862367942585,1.3294350000000001,0.017200733406220133,1.469106205,0.199106204999999,0.67885,0.0152554445662276,0.2576,0.0026,0.5326,0.0026,0.8201,0.0151,1.2026,0.00260000000000006
HSC_955,0.37885,0.0182572988079175,1.1744350000000001,0.05659762630454425,2.97959365,0.0504063499999998,0.64385,0.00829679815537751,0.5051,0.0201,0.7976,0.0426,1.0451,0.0901,1.4351,0.0651
HSC_964,0.5351,0.00800569415042095,1.6588100000000001,0.024817651866304948,2.10016816,0.12016816,0.79385,0.00970143218483577,0.0301,0.0201,0.3801,0.0251,0.7226,0.0326,1.2251,0.0801
HSC_980,0.6726,0.0044301270189222,2.08506,0.01373339375865882,2.365563115,0.0544368849999999,0.95135,0.0125373429638327,0.1376,0.0476,0.5651,0.0951000000000006,0.9276,0.132600000000001,1.5476,0.1276
HSC_991,0.34635,0.00554862367942583,1.073685,0.017200733406220074,1.29490904,0.165090960000001,0.41885,0.0524659001641335,0.2426,0.0026,0.4326,0.0326,0.6176,0.0826000000000004,0.9201,0.0751
HSC_997,0.18885,0.00902678553567857,0.585435,0.02798303516060357,0.84,,0.3076,0.00760000000000001,0.1426,0.00259999999999999,0.2351,0.00509999999999999,0.3676,0.0326,0.5876,0.0476
HSC_J0558+20,0.40885,0.00659519052838327,1.267435,0.020445090637988137,1.446256855,0.013743145,0.59635,0.00554862367942585,0.2276,0.0126,0.4776,0.00760000000000001,0.7351,0.0201,1.1026,0.0376
HSC_J0706-10,0.1526,0.00760000000000001,0.47306000000000004,0.023560000000000032,1.06003354,0.26996646,0.2426,0.0044301270189222,0.1051,0.0051,0.1901,0.0101,0.2901,0.00510000000000001,0.4651,0.0451
HSC_J0709-07,0.0751,0.00363553390593274,0.23281000000000002,0.011270155108391494,0.219502695,0.0304973050000001,0.1401,0.00363553390593273,0.0651,0.0001,0.0951,0.0001,0.1601,0.00510000000000001,0.2251,0.0151
HSC_J0745-23,0.0651,0.0001,0.20181000000000002,0.00031,0.078731475,0.011268525,0.0951,0.0001,0.0151,0.0001,0.0451,0.0001,0.0926,0.0026,0.1476,0.00759999999999999
HSC_J0936-54,0.4301,0.00800569415042095,1.33331,0.024817651866304948,1.57549729,0.03549729,0.7276,0.0280508497187474,0.2551,0.0001,0.5951,0.0501,0.8776,0.0576000000000001,1.2601,0.1051
HSC_J0958-57,0.2451,0.0471372193055669,0.7598100000000001,0.1461253798472574,2.845121715,0.0948782850000001,0.6076,0.0603598539659697,0.2426,0.00760000000000001,0.4651,0.0251,0.6426,0.0476,0.9376,0.2576
HSC_J1812-22,0.1801,0.00363553390593274,0.5583100000000001,0.011270155108391494,3.630174545,0.299825455,1.0601,0.0151,0.2751,0.1051,0.5926,0.3176,0.9251,0.4801,1.3101,0.6551
HXHWL_1,0.19635,0.00659519052838329,0.608685,0.0204450906379882,0.629352545,0.180647455,0.29635,0.0022650635094611,0.1451,0.0001,0.2576,0.00760000000000001,0.3926,0.0126,0.5551,0.00510000000000001
HXHWL_15,0.2351,0.0118260393995586,0.7288100000000001,0.03666072213863166,0.82816114,0.03816114,0.4151,0.0159113883008419,0.1726,0.00259999999999999,0.3326,0.00760000000000001,0.4976,0.0575999999999994,0.7501,0.0401
HXHWL_16,0.26635,0.00554862367942585,0.825685,0.017200733406220133,0.883534735,0.006465265,0.40635,0.0152554445662277,0.1851,0.0001,0.3576,0.0026,0.5076,0.0226,0.7801,0.0101
HXHWL_19,0.39385,0.0109253175473055,1.2209349999999999,0.03386848439664705,1.363335255,0.0166647449999999,0.6001,0.0235520787991171,0.2851,0.0201,0.5676,0.0026,0.8226,0.00760000000000001,1.1651,0.0151
HXHWL_20,0.52135,0.0022650635094611,1.616185,0.00702169687932941,1.926460625,0.133539375,0.7801,0.014242135623731,0.3026,0.0176,0.6376,0.0126,0.9776,0.0126,1.4351,0.0301
HXHWL_21,0.1576,0.0026,0.48856,0.00806,0.326609655,0.143390345,0.16635,0.0022650635094611,0.1501,0.00510000000000001,0.2176,0.0176,0.2976,0.0326000000000004,0.4251,0.0600999999999999
HXHWL_22,0.07135,0.00226506350946109,0.221185,0.007021696879329379,0.29175163,0.0982483699999999,0.17885,0.0109253175473055,0.0826,0.0026,0.1351,0.0301,0.2051,0.0351,0.2976,0.0526
HXHWL_24,0.24885,0.0152554445662277,0.771435,0.047291878155305875,0.828579095,0.041420905,0.37385,0.0182572988079175,0.1951,0.0001,0.3576,0.00760000000000001,0.5401,0.00510000000000001,0.6976,0.0176
HXHWL_25,0.3601,0.0907228448019594,1.11631,0.28124081888607416,1.44,,0.47385,0.0225652509445143,0.2451,0.00510000000000001,0.4626,0.0276,0.6251,0.00510000000000001,1.1526,0.1776
HXHWL_26,0.06635,0.00424578098794425,0.20568500000000003,0.013161921062627176,0.243291845,0.0967081550000001,0.1326,0.00760000000000001,0.0401,0.0001,0.0851,0.0101000000000001,0.1401,0.0101,0.2001,0.0301
HXHWL_31,0.51885,0.00749509972887453,1.608435,0.023234809159511045,1.742087755,0.0520877550000001,0.82635,0.0125373429638327,0.3626,0.00760000000000001,0.7151,0.0101,1.0676,0.0176,1.5201,0.0301
HXHWL_32,0.18135,0.0065951905283833,0.562185,0.02044509063798823,0.422457275,0.0824572750000002,0.32135,0.0065951905283833,0.1651,0.00510000000000001,0.2926,0.0126,0.3976,0.0326,0.5826,0.0476
HXHWL_35,0.3176,0.00569016994374948,0.98456,0.017639526825623388,1.05584894,0.03415106,0.5076,0.0130903810567666,0.2326,0.00259999999999999,0.4401,0.0101,0.6476,0.0126,0.9351,0.0301
HXHWL_41,0.1926,0.0026,0.59706,0.00806,0.665056595,0.134943405,0.31885,0.0022650635094611,0.1526,0.0026,0.2801,0.0101,0.4051,0.0151,0.5851,0.0251
HXHWL_43,0.0776,0.0026,0.24056000000000002,0.00806,0.38344958,0.21655042,0.15135,0.00970143218483576,0.0726,0.0026,0.1176,0.0076,0.1776,0.00759999999999999,0.2701,0.0201
HXHWL_48,0.08885,0.00659519052838329,0.275435,0.0204450906379882,0.21402441,0.00597559,0.12135,0.0022650635094611,0.0701,0.0051,0.1151,0.0051,0.1701,0.0001,0.2601,0.0201
HXHWL_49,0.3751,0.011280339887499,1.16281,0.034969053651246904,1.14940623,0.11059377,0.5726,0.0193028643696715,0.2526,0.0026,0.4951,0.0001,0.7776,0.00760000000000001,1.0701,0.00510000000000001
HXHWL_50,0.24885,0.00424578098794425,0.771435,0.013161921062627176,0.534098795,0.0559012049999997,0.4201,0.0142421356237309,0.1976,0.0026,0.3601,0.0101,0.5351,0.0251,0.7601,0.0301
HXHWL_54,0.0801,0.00622372435695795,0.24831000000000003,0.019293545506569646,0.288524065,0.111475935,0.17635,0.00659519052838328,0.0776,0.0026,0.1376,0.0175999999999999,0.2026,0.0225999999999998,0.2826,0.0525999999999999
HXHWL_56,0.2601,0.00622372435695795,0.80631,0.019293545506569646,0.946083955,0.026083955,0.4101,0.00876025403784437,0.2076,0.0026,0.3751,0.0101,0.5751,0.0151,0.7651,0.0251
HXHWL_57,0.2151,0.00510000000000001,0.66681,0.015810000000000032,0.830955735,0.0890442649999997,0.36885,0.0109253175473055,0.1776,0.0026,0.3376,0.0176,0.4851,0.0301,0.6826,0.0476
HXHWL_58,0.33385,0.0109253175473055,1.034935,0.03386848439664705,1.056108865,0.103891135,0.5176,0.00839156197588851,0.2326,0.00259999999999999,0.4426,0.0026,0.6576,0.0026,0.9501,0.0301
HXHWL_59,0.39385,0.00554862367942585,1.2209349999999999,0.017200733406220133,1.21060223,0.11939777,0.6001,0.0087602540378444,0.2326,0.00259999999999999,0.5076,0.00760000000000001,0.7426,0.0026,1.1076,0.0126000000000001
HXHWL_6,0.2151,0.00800569415042095,0.66681,0.024817651866304948,1.33070204,0.54929796,0.3651,0.00363553390593274,0.1751,0.0001,0.3151,0.0001,0.4676,0.00259999999999997,0.6601,0.0251
HXHWL_62,0.3451,0.0263202212042538,1.0698100000000001,0.08159268573318677,1.39896005,0.0310399499999999,0.45385,0.0268803566070357,0.2676,0.00760000000000001,0.4551,0.0151,0.6501,0.0451,1.0151,0.125100000000001
HXHWL_63,0.6676,0.00911387818865998,2.06956,0.02825302238484594,1.991666155,0.108333845,0.98635,0.00902678553567857,0.4326,0.0126,0.8951,0.0001,1.3251,0.0101,1.8626,0.0176
HXHWL_66,0.3801,0.00800569415042095,1.17831,0.024817651866304948,1.22674838,0.216748379999999,0.62135,0.0195855715851499,0.2501,0.00510000000000001,0.5151,0.00510000000000001,0.7851,0.0351,1.1076,0.0326
HXHWL_67,0.59385,0.00902678553567857,1.840935,0.02798303516060357,1.86102593,0.13897407,0.91385,0.0406239126936183,0.3326,0.0126,0.8226,0.0526,1.2251,0.0701,1.7351,0.0751000000000001
HXHWL_69,0.0651,0.00363553390593274,0.20181000000000002,0.011270155108391494,0.224404315,0.105595685,0.09385,0.0022650635094611,0.0401,0.0051,0.0751,0.0001,0.1126,0.0076,0.1751,0.00509999999999999
HXHWL_71,0.17635,0.0125373429638327,0.5466850000000001,0.03886576318788137,1.392557485,0.052557485,0.32635,0.0195855715851499,0.1776,0.0026,0.2701,0.0001,0.4001,0.0101,0.5901,0.0001
HXHWL_73,0.0526,0.00760000000000005,0.16306,0.023560000000000157,1.93707141,0.0529285899999999,1.04835,0.0155656878282215,0.3126,0.2226,0.5926,0.4926,0.8626,0.7226,1.1751,0.9551
HXHWL_9,0.1576,0.00569016994374948,0.48856,0.017639526825623388,0.46622123,0.11377877,0.26885,0.0022650635094611,0.1251,0.0001,0.2251,0.00510000000000001,0.3401,0.0001,0.4851,0.0151
HXWHB_10,0.33635,0.00424578098794425,1.042685,0.013161921062627176,0.86914296,0.06914296,0.53635,0.0065951905283833,0.2426,0.0026,0.4651,0.00509999999999998,0.6651,0.0101,0.9876,0.0226
HXWHB_15,0.1326,0.00569016994374948,0.41106,0.017639526825623388,0.37,,0.2201,0.0001,0.0476,0.00759999999999999,0.1301,0.0101,0.2301,0.0301000000000001,0.3501,0.0151
HXWHB_16,0.35385,0.00749509972887453,1.096935,0.023234809159511045,1.551830515,0.108169485,0.50885,0.0572593168258683,0.2951,0.0001,0.4926,0.0326,0.7726,0.0176,0.9876,0.0726
Haffner_10,0.44885,0.00424578098794425,1.3914350000000002,0.013161921062627176,1.52129002,0.198709980000001,1.0151,0.0001,0.6201,0.3951,0.9326,0.4176,1.2551,0.4651,1.7826,0.5826
Haffner_11,0.6401,0.0107066017177982,1.98431,0.033190465325174424,1.88,,0.43835,0.00841790237980707,0.4086,0.0116,0.7126,0.1576,1.0151,0.2801,1.4051,0.4101
Haffner_13,0.0501,0.0001,0.15531,0.00031,0.268006785,0.161993215,0.1101,0.0001,0.0151,0.0051,0.0426,0.0126,0.0876,0.0176,0.1476,0.0226
Haffner_14,0.50935,0.00572916512459886,1.5789849999999999,0.017760411886256468,1.78999985,0.01999985,0.76135,0.0195855715851499,0.2326,0.00759999999999999,0.5601,0.0251,0.9136,0.0236,1.3476,0.0626
Haffner_15,0.4401,0.0232840462387393,1.36431,0.07218054334009183,3.43,,0.76135,0.0065951905283833,0.1026,0.0125999999999999,0.4426,0.0026,0.7526,0.0376,1.1376,0.0726
Haffner_16,0.1651,0.00622372435695794,0.51181,0.019293545506569615,0.53,,0.31635,0.0022650635094611,0.1326,0.0026,0.2451,0.0151,0.3801,0.0151,0.5351,0.0401
Haffner_17,0.3076,0.0208665596572952,0.95356,0.06468633493761512,3.53672531,0.02327469,0.6401,0.0087602540378444,0.2176,0.00760000000000001,0.4551,0.0201,0.6951,0.0551,1.0276,0.0926
Haffner_18,0.19885,0.0291204669156099,0.6164350000000001,0.09027344743839069,2.42390025,0.0,0.3801,0.0001,0.0001,0.0001,0.0126,0.0026,0.1776,0.0126,0.4651,0.0700999999999999
Haffner_19,0.32635,0.00424578098794425,1.011685,0.013161921062627176,1.17196922,0.20196922,0.4901,0.0001,0.0901,0.0101000000000001,0.2751,0.0300999999999997,0.4726,0.0525999999999999,0.8026,0.0676
Haffner_20,0.58385,0.00970143218483577,1.809935,0.030074439772990885,2.23,,0.8776,0.0179535710713571,0.2926,0.0026,0.6876,0.00759999999999995,1.0851,0.0151,1.5926,0.0326
Haffner_21,0.1976,0.0076,0.61256,0.02356,0.64634404,0.20365596,0.34885,0.0135047566184545,0.1576,0.0026,0.2851,0.00509999999999998,0.4301,0.0201,0.6076,0.0376
Haffner_22,0.2151,0.0146773797371133,0.66681,0.04549987718505123,0.413098455,0.166901545,0.2251,0.00363553390593274,0.1126,0.0026,0.2151,0.0301000000000001,0.3351,0.0551,0.5201,0.1051
Haffner_23,0.20135,0.00749509972887452,0.624185,0.02323480915951101,0.61535325,0.0946467500000003,0.33385,0.00554862367942585,0.1776,0.0026,0.2976,0.0026,0.4301,0.00510000000000001,0.6201,0.0201
Haffner_24,0.4001,0.0128475487839819,1.24031,0.039827401230343895,1.333801285,0.266198715,0.59885,0.0022650635094611,0.0151,0.0101,0.2676,0.0126,0.5276,0.0526,0.9376,0.0776
Haffner_26,0.19135,0.0109253175473055,0.593185,0.03386848439664705,0.427382255,0.202617745,0.29885,0.00554862367942585,0.1751,0.0001,0.2801,0.00509999999999998,0.4126,0.0126,0.5676,0.00759999999999995
Haffner_3,0.0276,0.0179535710713571,0.08556,0.05565607032120701,0.863544915,0.133544915,0.2576,0.0130903810567666,0.2951,0.0101,0.3276,0.0226,0.3776,0.0626,0.4901,0.1351
Haffner_4,0.39385,0.00902678553567857,1.2209349999999999,0.02798303516060357,1.300772355,0.169227645000001,0.5826,0.0130903810567666,0.2101,0.00510000000000001,0.4351,0.0301,0.6951,0.0351,1.0626,0.0876
Haffner_5,0.2601,0.0118260393995586,0.80631,0.03666072213863166,0.736115655,0.006115655,0.32885,0.00970143218483574,0.1601,0.0151,0.3026,0.0426,0.4701,0.0650999999999998,0.6951,0.1101
Haffner_6,0.42135,0.00554862367942585,1.3061850000000002,0.017200733406220133,1.3,,0.65135,0.00554862367942585,0.2826,0.00259999999999997,0.5426,0.0026,0.8201,0.0101,1.2026,0.0126000000000001
Haffner_7,0.2176,0.00911387818865998,0.6745599999999999,0.02825302238484594,0.802177575,0.397822425,0.31885,0.00424578098794425,0.1651,0.00510000000000001,0.2801,0.0101,0.4226,0.0276,0.6251,0.0301
Haffner_8,0.3426,0.00839156197588848,1.06206,0.02601384212525429,1.103851715,0.196148285,0.53885,0.00902678553567857,0.2376,0.0026,0.4601,0.0001,0.6751,0.0101,0.9751,0.0251
Haffner_9,0.14885,0.0388903016229573,0.46143500000000004,0.12055993503116763,2.24191758,0.0680824200000001,0.5676,0.0228760839478607,0.2501,0.0001,0.4001,0.0500999999999998,0.5501,0.1801,0.7601,0.2351
Harvard_10,0.10885,0.00554862367942584,0.33743500000000004,0.017200733406220105,0.356718865,0.073281135,0.2101,0.0001,0.0776,0.0076,0.1576,0.0126,0.2351,0.0201,0.3351,0.0451000000000002
Harvard_13,0.34385,0.0109253175473055,1.065935,0.03386848439664705,1.929178215,0.150821785,0.57635,0.0109253175473055,0.3801,0.0001,0.6376,0.0176,0.8876,0.0376,1.2101,0.0651
Harvard_16,0.67885,0.0109253175473055,2.104435,0.03386848439664705,2.60617442,0.16382558,1.0151,0.0142421356237309,0.4201,0.0001,0.9026,0.0026,1.3651,0.0001,1.9076,0.00760000000000006
Harvard_20,0.2151,0.00717106781186548,0.66681,0.022230310216782987,0.663541195,0.103541194999999,0.35385,0.00970143218483577,0.1201,0.0101,0.2626,0.0126,0.4301,0.0201,0.6101,0.0151
Harvard_5,0.1676,0.00569016994374947,0.51956,0.017639526825623357,0.721347245,0.0986527549999993,0.2976,0.0044301270189222,0.1301,0.0001,0.2401,0.00510000000000001,0.3601,0.00510000000000001,0.5176,0.0276
Harvard_8,0.36635,0.0065951905283833,1.135685,0.02044509063798823,1.31125023,0.10874977,0.6176,0.0109972473588517,0.2276,0.0026,0.4751,0.0001,0.7226,0.00760000000000001,1.0776,0.0226000000000001
Havlen-Moffat_1,0.75635,0.00829679815537751,2.344685,0.025720074281670283,3.361535685,0.298464315,1.20385,0.00659519052838334,0.3976,0.0276,0.9401,0.0351,1.4951,0.0251,2.1351,0.0400999999999998
He_Zhihong_12,0.23885,0.00970143218483576,0.7404350000000001,0.03007443977299086,0.982664945,0.117335055000001,0.33635,0.00970143218483576,0.1776,0.0026,0.3326,0.0026,0.4576,0.0026,0.6901,0.0151
Hodapp_11,0.0126,0.00569016994374947,0.039060000000000004,0.017639526825623357,0.59224625,0.14775375,0.0876,0.0076,0.0301,0.0151,0.0451,0.0301,0.0851,0.0401,0.0976,0.0726
Hodapp_17,0.18135,0.0065951905283833,0.562185,0.02044509063798823,0.422457275,0.0824572750000002,0.32135,0.0065951905283833,0.1651,0.00510000000000001,0.2926,0.0126,0.3976,0.0326,0.5826,0.0476
Hodapp_3,0.32635,0.00424578098794425,1.011685,0.013161921062627176,0.75046335,0.11953665,0.4476,0.0044301270189222,0.2001,0.00509999999999999,0.4026,0.0026,0.5926,0.0126,0.8701,0.0201
Hodapp_34,0.59635,0.0315990079208854,1.8486850000000001,0.09795692455474475,,,0.76635,0.124114868060245,0.0001,0.0001,0.2926,0.1526,0.9476,0.0176,1.0501,0.2551
Hodapp_7,0.2626,0.00569016994374948,0.81406,0.017639526825623388,1.59240239,0.01759761,0.4376,0.00760000000000001,0.2101,0.0001,0.3876,0.00760000000000001,0.5676,0.0026,0.8001,0.0401
Hogg_11,0.35385,0.00554862367942585,1.096935,0.017200733406220133,1.19522941,0.0,0.52885,0.0065951905283833,0.1826,0.0026,0.3951,0.0201,0.6251,0.0201,0.9376,0.0376
Hogg_12,0.45135,0.00970143218483577,1.399185,0.030074439772990885,,,0.68385,0.0182572988079174,0.2201,0.0001,0.4876,0.0126,0.8026,0.0026,1.2176,0.0676
Hogg_13,0.18635,0.0065951905283833,0.577685,0.02044509063798823,0.688265615,0.0817343850000003,0.3226,0.0026,0.1376,0.0026,0.2601,0.00510000000000001,0.3876,0.00760000000000001,0.5526,0.0326
Hogg_15,0.5251,0.0435453679924569,1.62781,0.1349906407766164,3.86528774,0.20528774,0.9576,0.0189745860881768,0.1151,0.0101,0.5701,0.0201,0.9176,0.0925999999999996,1.4776,0.0776
Hogg_16,0.3726,0.00569016994374948,1.15506,0.017639526825623388,1.42,,0.6276,0.00760000000000001,0.2101,0.00510000000000001,0.4526,0.00760000000000001,0.7126,0.0176,1.0726,0.0126
Hogg_17,0.5651,0.00622372435695791,1.75181,0.01929354550656952,1.776207015,0.056207015,0.16385,0.0171934929139718,0.2026,0.1076,0.4276,0.2926,0.6176,0.4376,0.9351,0.6451
Hogg_18,0.4526,0.00839156197588851,1.40306,0.02601384212525438,1.550505375,0.040505375,0.70635,0.0022650635094611,0.3101,0.00510000000000001,0.6151,0.0101,0.9051,0.00510000000000001,1.2976,0.0326000000000001
Hogg_19,0.09135,0.0286864915650732,0.283185,0.08892812385172692,2.31493869,0.264938690000001,0.92635,0.0022650635094611,0.1901,0.0501,0.4176,0.2126,0.6476,0.3576,0.9376,0.6276
Hogg_21,0.5076,0.021750635094611,1.5735600000000003,0.0674269687932941,1.90948745,0.14051255,0.79885,0.0022650635094611,0.2626,0.0476,0.6501,0.0201,0.9501,0.0301,1.4626,0.0276
Hogg_22,0.62385,0.00902678553567857,1.9339350000000002,0.02798303516060357,2.105811545,0.034188455,0.9276,0.0044301270189222,0.3051,0.0101,0.7351,0.0251,1.1076,0.0526,1.6551,0.0151
IC_1311,0.3851,0.00800569415042095,1.19381,0.024817651866304948,1.352264245,0.312264245,0.5601,0.0001,0.0726,0.0376,0.2976,0.0576,0.5326,0.0826000000000001,0.9201,0.1201
IC_1369,0.36885,0.209753732377938,1.143435,0.6502365703716079,2.815973505,0.024026495,1.1126,0.0179535710713571,0.4501,0.0001,0.8026,0.1926,1.1401,0.3651,1.5226,0.5876
IC_1396,0.4251,0.0001,1.31781,0.00031,1.72501689,0.02498311,0.7026,0.0044301270189222,0.3576,0.0276,0.6726,0.0476,0.9601,0.0401,1.3376,0.0876
IC_1434,0.3001,0.0101,0.93031,0.03131,1.409282285,0.250717715,0.4701,0.00363553390593272,0.2151,0.0001,0.4051,0.00509999999999998,0.5901,0.00510000000000001,0.8601,0.0101
IC_1442,0.4401,0.00800569415042095,1.36431,0.024817651866304948,1.52620243,0.01379757,0.6576,0.0109972473588517,0.2526,0.0026,0.5376,0.0126,0.8176,0.0026,1.1776,0.00259999999999995
IC_1590,0.2926,0.00569016994374948,0.9070600000000001,0.017639526825623388,1.23521207,0.33521207,0.4876,0.0044301270189222,0.1751,0.00509999999999999,0.3676,0.0026,0.5651,0.0101,0.8626,0.0126
IC_1805,0.6926,0.0115564392373896,2.14706,0.03582496163590776,2.40637471,0.00362529,1.00885,0.0182572988079175,0.2651,0.0151,0.7226,0.0526,1.2126,0.0376,1.7676,0.0976000000000001
IC_1848,0.56135,0.0125373429638327,1.740185,0.03886576318788137,1.91323252,0.05676748,0.8576,0.0249746859276655,0.3251,0.0001,0.7101,0.00510000000000001,1.1151,0.0001,1.5651,0.00510000000000001
IC_2156,0.46135,0.00902678553567855,1.430185,0.02798303516060351,1.61165719,0.04834281,0.72635,0.0164458710382775,0.2826,0.00259999999999997,0.5901,0.00510000000000001,0.8926,0.00760000000000001,1.3076,0.0226000000000001
IC_2157,0.4276,0.0044301270189222,1.32556,0.01373339375865882,1.356845105,0.056845105,0.65635,0.00424578098794425,0.2426,0.0126,0.5126,0.00760000000000001,0.7726,0.0126,1.1701,0.0101
IC_2391,0.0726,0.0130903810567666,0.22506,0.040580181275976464,0.290498735,0.199501265,0.0901,0.00717106781186548,0.0101,0.0101,0.0401,0.0201,0.0801,0.0251,0.1976,0.0626
IC_2395,0.0726,0.00569016994374947,0.22506,0.017639526825623357,0.527586625,0.222413375,0.1826,0.0130903810567666,0.0701,0.0051,0.1076,0.0076,0.2001,0.0301,0.2626,0.0325999999999999
IC_2488,0.22385,0.00424578098794425,0.693935,0.013161921062627176,0.802973155,0.077026845,0.3751,0.00363553390593274,0.1626,0.0026,0.3076,0.00760000000000001,0.4651,0.0101,0.6701,0.0201
IC_2581,0.3626,0.00760000000000001,1.12406,0.023560000000000032,1.39149703,0.00850297,0.5951,0.012847548783982,0.2151,0.0001,0.4651,0.0001,0.7101,0.00510000000000001,1.0551,0.0001
IC_2602,0.0151,0.00622372435695795,0.046810000000000004,0.019293545506569646,0.38217087,0.26782913,0.0901,0.0001,0.0126,0.0076,0.0151,0.0101,0.0501,0.0101,0.0726,0.0426
IC_2714,0.3351,0.00945414346693484,1.03881,0.029307844747498004,1.01192989,0.05807011,0.5051,0.0378491721763538,0.2401,0.0001,0.4651,0.0001,0.6526,0.0526,0.9876,0.0126
IC_348,0.5601,0.0128475487839819,1.7363100000000002,0.039827401230343895,2.757251665,0.212748335,0.90385,0.0199037243971936,0.5226,0.0026,0.9576,0.0176,1.4126,0.00260000000000006,1.8426,0.0476
IC_4291,0.6451,0.012847548783982,1.99981,0.0398274012303442,2.21392788,0.18392788,1.0176,0.0193028643696715,0.4251,0.0001,0.8776,0.00760000000000001,1.3526,0.00259999999999995,1.8901,0.0101
IC_4651,0.12385,0.0022650635094611,0.383935,0.00702169687932941,0.34614461,0.15385539,0.1851,0.00717106781186548,0.1001,0.0001,0.1701,0.00509999999999999,0.2451,0.0101,0.3601,0.00510000000000001
IC_4665,0.14885,0.00424578098794425,0.46143500000000004,0.013161921062627176,0.74945973,0.19054027,0.27635,0.0065951905283833,0.1051,0.0051,0.2101,0.0101,0.3126,0.0226,0.4626,0.0376
IC_4756,0.21635,0.00749509972887453,0.670685,0.023234809159511045,0.62496542,0.26503458,0.3001,0.0151,0.1501,0.00510000000000001,0.2751,0.0101,0.3876,0.0176,0.5951,0.0351
IC_4996,0.5626,0.0176,1.74406,0.054560000000000004,1.74304554,0.00695446,0.86385,0.0266459507269942,0.3801,0.0201,0.8101,0.0201,1.1851,0.0701,1.5951,0.1001
ICA_11,0.0376,0.00443012701892219,0.11656000000000001,0.01373339375865879,,,0.0851,0.0001,0.0126,0.0126,0.0176,0.0076,0.0301,0.0201,0.0726,0.0276
Ivanov_2,0.0551,0.0001,0.17081000000000002,0.00031,0.31718703,0.00281297,0.18885,0.0022650635094611,0.0451,0.0251,0.0901,0.0501,0.1576,0.0626,0.2526,0.0776
Ivanov_4,0.15885,0.0217145205822382,0.492435,0.06731501380493841,1.30183705,0.06183705,0.35135,0.00424578098794425,0.3526,0.0026,0.4701,0.0201,0.6001,0.0451,0.7376,0.1076
Ivanov_6,0.12885,0.0082967981553775,0.399435,0.025720074281670252,0.86808024,0.43191976,0.2251,0.0001,0.0326,0.0026,0.1026,0.0125999999999999,0.1976,0.00759999999999999,0.3601,0.0251
Ivanov_7,0.16885,0.0130301005409858,0.523435,0.04039331167705598,0.547839775,0.142160225,0.28135,0.00226506350946107,0.1476,0.0026,0.2576,0.0026,0.3851,0.0001,0.5001,0.0401
Ivanov_8,0.2251,0.00800569415042095,0.69781,0.024817651866304948,4.1094902,0.3605098,0.3701,0.0608247890074557,0.2151,0.00510000000000001,0.3551,0.00510000000000001,0.5026,0.0126,0.7176,0.0476
Juc-Sal_1,0.2901,0.0263202212042538,0.89931,0.08159268573318677,1.59524835,0.39524835,0.6151,0.0174205080756888,0.1776,0.0026,0.3976,0.0176,0.5876,0.0326,0.9526,0.0876
Juchert_13,0.08635,0.0284670142947756,0.267685,0.08824774431380436,2.09765573,0.0623442700000001,0.3851,0.0177776695296637,0.3276,0.0226,0.4226,0.0626,0.5176,0.1026,0.6551,0.1851
Juchert_16,0.4776,0.0104077640640441,1.48056,0.03226406859853671,2.96369869,0.16630131,0.7476,0.0109972473588517,0.0001,0.0001,0.3151,0.0101,0.6626,0.0176,1.1026,0.0476
Juchert_18,0.49385,0.0144069039278245,1.5309350000000002,0.04466140217625595,1.43556073,0.05443927,0.7351,0.0123474487139159,0.3426,0.00259999999999997,0.6701,0.0001,1.0001,0.00509999999999995,1.4176,0.0326
Juchert_19,0.34885,0.0458404361588299,1.081435,0.14210535209237268,3.47023391,0.24023391,0.7301,0.0174205080756888,0.0076,0.0076,0.2851,0.0850999999999999,0.4926,0.1776,0.9076,0.2076
Juchert_20,0.6151,0.0311241841149772,1.90681,0.09648497075642933,2.268152155,0.061847845,0.9351,0.0151,0.2551,0.00510000000000001,0.6901,0.00509999999999995,1.1226,0.00759999999999995,1.5701,0.0451
Juchert_21,0.72135,0.00970143218483577,2.2361850000000003,0.030074439772990885,,,1.1926,0.0249746859276655,0.2701,0.0201,0.8251,0.0701,1.3676,0.0976000000000001,2.0251,0.0651
Juchert_23,0.2001,0.0188082869338697,0.62031,0.05830568949499607,0.893348315,0.063348315,0.4151,0.0376832409459323,0.3101,0.00510000000000001,0.4426,0.0176,0.5901,0.0451,0.7951,0.0651
Juchert_24,0.4876,0.0130903810567666,1.51156,0.040580181275976464,1.784457235,0.085542765,0.7701,0.042673465914816,0.3526,0.00760000000000001,0.7151,0.00510000000000001,1.0851,0.0450999999999999,1.4301,0.0501000000000001
Juchert_25,0.4951,0.00717106781186548,1.53481,0.022230310216782987,1.70397655,0.12397655,0.7526,0.0161078105935821,0.1776,0.0026,0.5201,0.0101,0.8176,0.0026,1.2701,0.0201
Juchert_7,0.44635,0.0239156986040721,1.383685,0.07413866567262352,1.230990665,0.049009335,0.6551,0.0174205080756888,0.2626,0.0026,0.5976,0.0276,0.8526,0.0376,1.2801,0.0450999999999999
Juchert_9,0.28635,0.0284670142947755,0.8876850000000001,0.08824774431380406,2.367201105,0.0872011050000001,0.53385,0.0307950728945217,0.0001,0.0001,0.1301,0.0200999999999999,0.2976,0.0276,0.6726,0.0276
Karhula_3,0.70385,0.0130301005409857,2.181935,0.04039331167705567,2.409725445,0.000274555000000065,1.00885,0.0152554445662276,0.4576,0.0026,0.9351,0.0201,1.4076,0.0226,1.9676,0.0526
Kharchenko_1,0.20135,0.00424578098794424,0.624185,0.013161921062627143,0.64149247,0.04850753,0.33135,0.0022650635094611,0.1501,0.00510000000000001,0.2876,0.00759999999999998,0.4251,0.0101,0.6001,0.0251
Kharchenko_2,0.3926,0.0266753645318366,1.21706,0.08269363004869346,4.053067135,0.203067135,0.8176,0.0161078105935821,0.0001,0.0001,0.3001,0.0201,0.6201,0.0551000000000001,1.0376,0.1076
Kharchenko_3,0.6626,0.0115564392373896,2.0540599999999998,0.03582496163590776,2.945194045,0.134805955,1.03135,0.018598310733686,0.1401,0.00509999999999999,0.5826,0.0276,1.0851,0.0151,1.6301,0.0600999999999999
King_10,0.3701,0.0460619407771255,1.14731,0.14279201640908906,2.450441645,0.019558355,0.7601,0.0087602540378444,0.1101,0.00510000000000001,0.3926,0.0276,0.6876,0.0776,1.0876,0.0876
King_12,0.5526,0.014890199457749,1.71306,0.0461596183190219,1.766118795,0.043881205,0.79385,0.0160589316685046,0.2026,0.00759999999999999,0.5726,0.0276,0.9476,0.0575999999999999,1.4151,0.0751
King_13,0.5626,0.0115564392373896,1.74406,0.03582496163590776,1.74130437,0.00869562999999995,0.83385,0.0139631706330117,0.3776,0.0026,0.7676,0.00760000000000001,1.1326,0.00260000000000006,1.5801,0.0351
King_14,0.4576,0.00760000000000001,1.41856,0.023560000000000032,1.62695648,0.0930435199999999,0.7226,0.029574565306379,0.2251,0.0001,0.5801,0.0451,0.8651,0.0501000000000001,1.2476,0.0176
King_16,0.67135,0.0182572988079175,2.081185,0.05659762630454425,2.36551877,0.07551877,0.9576,0.0130903810567666,0.1801,0.0101,0.6601,0.0501,1.0951,0.0350999999999999,1.6351,0.0751
King_17,0.5026,0.00569016994374948,1.5580600000000002,0.017639526825623388,1.444613105,0.125386895,0.76135,0.0065951905283833,0.2526,0.0126,0.5851,0.0001,0.8901,0.0201,1.3576,0.00759999999999995
King_18,0.62135,0.00749509972887453,1.9261849999999998,0.023234809159511045,2.49543103,0.0545689699999998,0.9551,0.012847548783982,0.2251,0.0151,0.6551,0.0201,1.0776,0.0176,1.6226,0.0476
King_19,0.59135,0.0109253175473055,1.8331850000000003,0.03386848439664705,2.31527125,0.04472875,0.9226,0.0130903810567666,0.1476,0.0026,0.5651,0.0001,0.9576,0.0176,1.5051,0.0100999999999999
King_20,0.76885,0.00902678553567857,2.383435,0.02798303516060357,2.578035595,0.0519644049999999,1.1126,0.0044301270189222,0.5051,0.0101,1.0451,0.00510000000000001,1.5251,0.0151,2.1651,0.00509999999999989
King_21,0.19885,0.244138291052859,0.6164350000000001,0.7568287022638629,2.588255165,0.031744835,1.0176,0.0044301270189222,0.1201,0.0351,0.3076,0.3076,0.5401,0.5101,0.8626,0.7726
King_23,0.0551,0.00363553390593274,0.17081000000000002,0.011270155108391494,0.377053815,0.282946185,0.11135,0.0125373429638329,0.0876,0.0026,0.1126,0.0026,0.1526,0.0126,0.2251,0.0101
King_25,0.18885,0.00902678553567857,0.585435,0.02798303516060357,0.84,,0.3076,0.00760000000000001,0.1426,0.00259999999999999,0.2351,0.00509999999999999,0.3676,0.0326,0.5876,0.0476
King_26,0.30385,0.0168238602003246,0.9419350000000001,0.05215396662100626,3.337785565,0.0377855650000001,0.6026,0.0104077640640442,0.3751,0.0151,0.6276,0.0676000000000003,0.8776,0.117600000000001,1.1526,0.152600000000001
King_4,0.73135,0.0195855715851499,2.267185,0.06071527191396469,2.49032363,0.06967637,1.0676,0.0179535710713571,0.3376,0.0026,0.8501,0.0001,1.3626,0.0126,1.9701,0.0550999999999999
King_5,0.85635,0.0148372826531895,2.6546849999999997,0.04599557622488745,2.602605045,0.0273949549999999,1.2351,0.0213132034355964,0.5776,0.0026,1.2076,0.00760000000000006,1.8101,0.00510000000000001,2.4401,0.0101
King_6,0.6126,0.0161078105935821,1.8990600000000002,0.04993421284010451,2.10755265,0.0,0.9526,0.057382196186948,0.4576,0.0026,0.9976,0.0626,1.4376,0.0826,1.8526,0.1276
King_8,0.3326,0.0104077640640441,1.03106,0.03226406859853671,1.15,,0.49635,0.0109253175473055,0.2176,0.00760000000000001,0.4151,0.0001,0.6501,0.0101,0.9401,0.0351
King_9,0.30385,0.00970143218483577,0.9419350000000001,0.030074439772990885,1.68435136,0.11435136,0.3926,0.0135629120178363,0.2701,0.00510000000000001,0.4601,0.0001,0.6101,0.0351,0.8976,0.0476
Kirkpatrick_1,0.1876,0.0135629120178363,0.58156,0.04204502725529253,0.76641887,0.13358113,0.22635,0.0139631706330118,0.1651,0.0151,0.2501,0.0151,0.3451,0.0201,0.5376,0.0826000000000004
Koposov_10,0.70135,0.0349882143423821,2.174185,0.10846346446138451,2.608233725,0.038233725,1.0226,0.0193028643696715,0.2526,0.00760000000000001,0.7451,0.0001,1.2501,0.0501000000000001,1.8626,0.0876
Koposov_12,0.49885,0.0109253175473055,1.546435,0.03386848439664705,1.57626549,0.00373451000000002,0.74635,0.00902678553567857,0.3351,0.0001,0.6701,0.0001,0.9951,0.00510000000000001,1.4101,0.00510000000000001
Koposov_43,0.5226,0.00569016994374948,1.6200599999999998,0.017639526825623388,1.4678545,0.0278545,0.8001,0.0087602540378444,0.3651,0.00510000000000001,0.7426,0.0276,1.0576,0.0226000000000001,1.5301,0.0450999999999999
Koposov_62,0.39385,0.00902678553567857,1.2209349999999999,0.02798303516060357,1.677717265,0.117717265,0.5801,0.0347410161513775,0.0001,0.0001,0.1301,0.0200999999999999,0.3601,0.0451000000000003,0.7251,0.0651
Kronb_J1817.5-1851,0.4151,0.0107066017177982,1.28681,0.033190465325174424,2.360935655,0.199064345,0.6526,0.0144614066163451,0.1901,0.00510000000000001,0.4651,0.0151,0.7676,0.0276,1.1676,0.0676
Kronberger_1,0.45385,0.0130301005409857,1.406935,0.04039331167705567,1.7,,0.66135,0.0239156986040721,0.2201,0.0001,0.5051,0.0151,0.8126,0.0426,1.2226,0.0626
Kronberger_102,0.5176,0.0148901994577491,1.60456,0.04615961831902221,2.000461965,0.309538035000002,0.7701,0.00945414346693486,0.2651,0.00510000000000001,0.6151,0.0101,0.9401,0.0101,1.4276,0.0376000000000001
Kronberger_103,0.40885,0.00424578098794423,1.267435,0.013161921062627114,1.28635225,0.283647749999999,0.6476,0.0390711431702998,0.2476,0.0026,0.5551,0.0451,0.8051,0.0401,1.1926,0.0776
Kronberger_112,0.28785,0.00752882897905181,0.892335,0.02333936983506061,1.8,,0.41885,0.0211282548015759,0.0351,0.0151,0.1801,0.0551,0.3576,0.0725999999999999,0.6776,0.1326
Kronberger_117,0.3601,0.00945414346693486,1.11631,0.02930784474749807,1.9137403,0.0762597,0.5976,0.0026,0.2126,0.0026,0.4451,0.0151,0.7051,0.0151,1.0426,0.00259999999999995
Kronberger_12,0.53885,0.00424578098794425,1.6704350000000001,0.013161921062627176,1.879436145,0.0494361449999999,0.79635,0.00970143218483577,0.1801,0.0201000000000001,0.5301,0.00510000000000001,0.8726,0.0176,1.3726,0.0476
Kronberger_121,0.48385,0.0152554445662277,1.499935,0.047291878155305875,2.132019405,0.252019405,0.68885,0.106188111963594,0.0401,0.0101,0.3526,0.0326,0.5976,0.1826,1.1676,0.0926
Kronberger_126,0.45635,0.0065951905283833,1.414685,0.02044509063798823,1.352269545,0.057730455,0.52385,0.134607202409387,0.3101,0.00510000000000001,0.5726,0.0426,0.8051,0.115100000000001,1.1601,0.170099999999999
Kronberger_131,0.26635,0.00554862367942585,0.825685,0.017200733406220133,1.1,,0.4326,0.00760000000000001,0.2126,0.0026,0.3776,0.0026,0.5676,0.0026,0.8051,0.00510000000000001
Kronberger_132,0.3401,0.0001,1.05431,0.00031,,,0.5701,0.0235520787991171,0.3076,0.0176,0.5526,0.0326,0.7826,0.0376,1.0951,0.0701000000000001
Kronberger_134,0.24135,0.0114880419739304,0.7481850000000001,0.03561293011918425,0.888141735,0.141858265,0.36635,0.0239156986040721,0.1676,0.0026,0.3151,0.0001,0.4601,0.0501000000000003,0.7026,0.00760000000000001
Kronberger_136,0.2976,0.0126,0.9225599999999999,0.039060000000000004,,,0.50135,0.00902678553567857,0.1751,0.00509999999999999,0.3701,0.00510000000000001,0.5851,0.0101,0.8651,0.0001
Kronberger_139,0.1051,0.00363553390593274,0.32581,0.011270155108391494,0.50197572,0.16802428,0.20385,0.00659519052838328,0.0876,0.0076,0.1576,0.0175999999999999,0.2376,0.0126,0.3501,0.0351
Kronberger_14,0.27385,0.00554862367942585,0.848935,0.017200733406220133,1.180446505,0.189553495000001,0.41885,0.0065951905283833,0.2076,0.0026,0.3851,0.00510000000000001,0.5701,0.0001,0.8051,0.00510000000000001
Kronberger_143,0.17885,0.00970143218483576,0.554435,0.03007443977299086,0.687521415,0.132478585,0.2576,0.0109972473588517,0.1351,0.0001,0.2276,0.0176,0.3301,0.0301,0.5276,0.0626
Kronberger_18,0.17385,0.00424578098794424,0.538935,0.013161921062627143,1.17,,0.30635,0.0065951905283833,0.1176,0.0026,0.2376,0.00759999999999999,0.3601,0.00510000000000001,0.5226,0.0326
Kronberger_23,0.5226,0.0161078105935821,1.6200599999999998,0.04993421284010451,1.97,,0.8251,0.0151,0.2876,0.0176,0.6301,0.0151,1.0501,0.0001,1.4951,0.0701
Kronberger_25,0.3926,0.0266753645318366,1.21706,0.08269363004869346,4.053067135,0.203067135,0.8176,0.0161078105935821,0.0001,0.0001,0.3001,0.0201,0.6201,0.0551000000000001,1.0376,0.1076
Kronberger_28,0.1351,0.00363553390593274,0.41881,0.011270155108391494,0.5223679,0.2076321,0.2001,0.0001,0.0876,0.0026,0.1701,0.0001,0.2551,0.00510000000000001,0.3801,0.00510000000000001
Kronberger_29,0.36635,0.0164458710382775,1.135685,0.050982200218660255,3.12,,0.5701,0.00717106781186544,0.3226,0.0276,0.5901,0.00510000000000001,0.8476,0.0026,1.1601,0.0001
Kronberger_33,0.0876,0.00443012701892219,0.27156,0.01373339375865879,0.28115258,0.14884742,0.1401,0.0001,0.0476,0.0026,0.0976,0.0026,0.1551,0.0001,0.2526,0.0126
Kronberger_36,0.61635,0.00749509972887453,1.910685,0.023234809159511045,2.427021625,0.0729783749999999,0.9751,0.00622372435695795,0.2851,0.00509999999999998,0.7176,0.00760000000000001,1.1326,0.0326,1.7126,0.0376
Kronberger_37,0.5076,0.021750635094611,1.5735600000000003,0.0674269687932941,1.57835721,0.09164279,0.93135,0.0282458256229942,0.4376,0.2376,0.7651,0.0751,1.0901,0.0851000000000001,1.6401,0.1151
Kronberger_38,0.4351,0.056889083458003,1.34881,0.1763561587198093,3.44,,0.9526,0.0161078105935821,0.0201,0.0001,0.4051,0.0151,0.7526,0.1476,1.1801,0.1851
Kronberger_39,0.2526,0.0026,0.78306,0.00806,1.15,,0.4101,0.00876025403784437,0.1926,0.0226,0.3551,0.0201,0.5026,0.0126,0.7676,0.0176
Kronberger_52,0.3201,0.0281624304008046,0.99231,0.08730353424249426,3.431244835,0.0387551650000002,0.67135,0.0152554445662277,0.2601,0.00510000000000001,0.5251,0.0201,0.7201,0.0701,1.1101,0.1151
Kronberger_53,0.3201,0.0281624304008046,0.99231,0.08730353424249426,3.431244835,0.0387551650000002,0.67135,0.0152554445662277,0.2601,0.00510000000000001,0.5251,0.0201,0.7201,0.0701,1.1101,0.1151
Kronberger_54,0.38135,0.0249432586429397,1.182185,0.07732410179311308,3.767865875,0.187865875,0.7251,0.0174205080756888,0.1626,0.00760000000000001,0.4726,0.0226,0.7426,0.0526000000000001,1.1051,0.1251
Kronberger_6,0.4226,0.0115564392373896,1.31006,0.03582496163590776,,,0.6176,0.0320178633370093,0.2801,0.00509999999999998,0.5701,0.0001,0.8601,0.0151,1.1701,0.0151
Kronberger_68,0.5426,0.00760000000000001,1.6820599999999999,0.023560000000000032,6.26,,0.7876,0.0130903810567666,0.0001,0.0001,0.3376,0.0326,0.6901,0.0351,1.1276,0.0476
Kronberger_69,0.7226,0.0044301270189222,2.24006,0.01373339375865882,2.573027995,0.0130279950000001,1.0876,0.0284945417290013,0.3676,0.0026,0.9026,0.0226,1.4046,0.0706,1.9801,0.0300999999999999
Kronberger_73,0.50385,0.00902678553567857,1.561935,0.02798303516060357,,,0.65385,0.0109253175473055,0.2976,0.0126,0.6176,0.0376,0.9076,0.0576,1.3201,0.0751
Kronberger_79,0.35385,0.0114880419739304,1.096935,0.03561293011918425,1.720838575,0.410838575,0.5376,0.0355436171968946,0.3276,0.0176,0.5726,0.0126,0.7726,0.0026,1.1051,0.0151
Kronberger_83,0.0826,0.0220374109684803,0.25606,0.06831597400228893,2.245216395,0.065216395,0.83135,0.0385667063835728,0.1126,0.0526,0.3776,0.2776,0.5901,0.4351,0.8576,0.6476
Kronberger_84,0.5276,0.0104077640640442,1.63556,0.032264068598537025,1.72725523,0.0272552300000001,0.7901,0.0107066017177982,0.3226,0.0026,0.6851,0.0001,1.0201,0.00510000000000001,1.4626,0.0126000000000001
Kronberger_85,0.39885,0.00554862367942585,1.236435,0.017200733406220133,1.493158495,0.146841505,0.57635,0.0643626446701342,0.2901,0.0001,0.5401,0.00510000000000001,0.7351,0.0651,1.1601,0.0101
Kronberger_96,0.3926,0.00911387818865998,1.21706,0.02825302238484594,1.422783435,0.077216565,0.6101,0.014242135623731,0.2776,0.0026,0.5401,0.00510000000000001,0.8026,0.00760000000000001,1.1401,0.0151
Kumar_21,0.7651,0.0303076149339865,2.37181,0.09395360629535815,2.456049495,0.0339505050000002,1.1326,0.0320178633370093,0.5801,0.00510000000000001,1.1801,0.0101,1.7026,0.0476,2.2001,0.1051
L1634_Cl,0.0851,0.0101000000000001,0.26381,0.03131000000000031,0.595574595,0.274425405,0.1851,0.0155110350074224,0.0376,0.00759999999999999,0.1126,0.0276,0.1726,0.0226000000000001,0.3251,0.0151
LISC_1034,0.57135,0.00749509972887449,1.7711850000000002,0.02323480915951092,2.32860471,0.04860471,0.84885,0.00970143218483577,0.1501,0.0101,0.5251,0.0201,0.9026,0.0176,1.3951,0.0450999999999999
LISC_1081,0.21385,0.0065951905283833,0.662935,0.02044509063798823,0.80312709,0.0968729099999994,0.3251,0.0174205080756888,0.1501,0.00510000000000001,0.2851,0.0151,0.4476,0.0126,0.6051,0.0201
LISC_1112,0.3551,0.0107066017177982,1.10081,0.033190465325174424,2.83,,0.52135,0.00970143218483577,0.2376,0.0026,0.4651,0.00509999999999998,0.6926,0.0126,0.9951,0.0101
LISC_1141,0.2826,0.0126,0.8760600000000001,0.039060000000000004,1.12,,0.4476,0.0044301270189222,0.2176,0.0026,0.3826,0.00760000000000001,0.5651,0.0151,0.8676,0.0476
LISC_1144,0.3551,0.0107066017177982,1.10081,0.033190465325174424,1.346093575,0.016093575,0.43635,0.0542265877365277,0.2476,0.0026,0.4376,0.0476000000000002,0.6551,0.0750999999999996,0.9001,0.1051
LISC_1202,0.08135,0.0022650635094611,0.25218500000000005,0.00702169687932941,0.306033925,0.073966075,0.11885,0.00554862367942584,0.0826,0.0026,0.1176,0.0026,0.1626,0.0126,0.2476,0.0126
LISC_1248,0.3676,0.0183002747232013,1.13956,0.05673085164192403,1.32376801,0.40376801,0.62385,0.0195855715851499,0.2326,0.00259999999999999,0.4501,0.0101,0.7426,0.0126,1.1251,0.0801000000000001
LISC_1273,0.4051,0.00363553390593272,1.25581,0.011270155108391433,2.090140245,0.079859755,0.6451,0.0204100960115899,0.0001,0.0001,0.2076,0.0126,0.4676,0.0376,0.8651,0.0451
LISC_1308,0.3476,0.00569016994374946,1.07756,0.017639526825623326,1.36062838,0.0393716199999999,0.5976,0.00760000000000001,0.2476,0.0026,0.4726,0.0026,0.7126,0.00760000000000001,1.0451,0.0201
LISC_1313,0.7576,0.00911387818865998,2.3485600000000004,0.02825302238484594,,,0.99385,0.322926869234889,0.5176,0.0326,1.1501,0.0600999999999999,1.6826,0.0876,2.3201,0.0601000000000001
LISC_1343,0.7151,0.00717106781186548,2.2168099999999997,0.022230310216782987,2.573593825,0.0135938250000001,1.03385,0.00970143218483574,0.3126,0.0226,0.8176,0.0226,1.2701,0.0301,1.8451,0.0401
LISC_1359,0.30385,0.00970143218483577,0.9419350000000001,0.030074439772990885,1.68435136,0.11435136,0.3926,0.0135629120178363,0.2701,0.00510000000000001,0.4601,0.0001,0.6101,0.0351,0.8976,0.0476
LISC_1382,0.48635,0.0156623744974859,1.5076850000000002,0.04855336094220629,1.76610545,0.06389455,0.72385,0.0280228848796109,0.2201,0.00510000000000001,0.5426,0.00760000000000001,0.8801,0.0101,1.2376,0.0126
LISC_1411,0.58135,0.0244349029174147,1.8021850000000001,0.07574819904398558,2.151551745,0.138448255,0.84885,0.0109253175473055,0.2976,0.0026,0.6926,0.0026,1.0751,0.0501000000000001,1.6101,0.0600999999999999
LISC_1428,0.3226,0.0044301270189222,1.00006,0.01373339375865882,,,0.49385,0.0171934929139717,0.2501,0.00510000000000001,0.4151,0.0201,0.6476,0.0176,0.9326,0.0126
LISC_1438,0.19885,0.0022650635094611,0.6164350000000001,0.00702169687932941,,,0.4026,0.0310232921921325,0.1076,0.0076,0.2576,0.0325999999999999,0.4126,0.0676000000000001,0.6351,0.0700999999999997
LISC_1460,0.3051,0.00800569415042095,0.9458099999999999,0.024817651866304948,1.5,,0.4726,0.0044301270189222,0.0051,0.0001,0.1826,0.0126,0.3826,0.0376,0.6876,0.0526
LISC_1481,0.4151,0.00363553390593274,1.28681,0.011270155108391494,0.97,,0.6551,0.0001,0.2401,0.0001,0.5026,0.0026,0.7626,0.00760000000000001,1.1651,0.00510000000000001
LISC_1483,0.5851,0.00622372435695795,1.81381,0.019293545506569646,2.353084805,0.146915195,0.8651,0.0174205080756888,0.1926,0.00760000000000001,0.5701,0.0301,0.9651,0.00510000000000001,1.4526,0.0576
LISC_1500,0.25385,0.0125373429638328,0.786935,0.03886576318788168,1.01077265,0.18922735,0.41635,0.0022650635094611,0.2026,0.00259999999999999,0.3826,0.0026,0.5276,0.0226,0.7751,0.0201
LISC_1551,0.4276,0.0115564392373896,1.32556,0.03582496163590776,,,0.73135,0.0160589316685046,0.0776,0.0076,0.3801,0.00510000000000001,0.7001,0.0101,1.0876,0.0326000000000001
LISC_1567,0.22635,0.0144069039278245,0.701685,0.04466140217625595,2.15,,0.50885,0.0109253175473055,0.3451,0.00509999999999998,0.5051,0.0201,0.6801,0.0351,0.9676,0.0726
LISC_1593,0.3901,0.00510000000000001,1.20931,0.015810000000000032,1.28242105,0.16242105,0.6301,0.0001,0.2526,0.0026,0.4901,0.00510000000000001,0.7426,0.0176,1.1476,0.0326
LISC_1618,0.4126,0.00569016994374946,1.27906,0.017639526825623326,2.3,,0.6826,0.00759999999999996,0.0976,0.0026,0.3676,0.0126,0.6451,0.0001,1.0726,0.0426
LISC_1633,0.35385,0.00554862367942585,1.096935,0.017200733406220133,1.19522941,0.0,0.52885,0.0065951905283833,0.1826,0.0026,0.3951,0.0201,0.6251,0.0201,0.9376,0.0376
LISC_1638,0.1801,0.00363553390593274,0.5583100000000001,0.011270155108391494,0.645077595,0.034922405,0.3051,0.00717106781186548,0.1401,0.0001,0.2526,0.0026,0.3801,0.00510000000000001,0.5551,0.00510000000000001
LISC_1671,0.93635,0.0109253175473054,2.902685,0.03386848439664674,3.419491825,0.049491825,1.3676,0.0130903810567665,0.3076,0.0376,0.9476,0.0276,1.6201,0.0300999999999999,2.3576,0.0776000000000001
LISC_1733,0.14635,0.0139631706330118,0.45368500000000006,0.04328582896233658,2.827607585,0.177607585,0.5426,0.0126,0.0801,0.0501,0.2401,0.1051,0.4176,0.1476,0.6901,0.2201
LISC_1746,0.23135,0.0175553000547112,0.7171850000000001,0.05442143016960472,2.834648035,0.034648035,0.5451,0.0001,0.3251,0.00510000000000001,0.4951,0.0401,0.7126,0.0725999999999998,0.9676,0.1176
LISC_1749,0.36135,0.022001769334919,1.120185,0.0682054849382489,3.466000375,0.0239996250000001,0.7151,0.0118260393995586,0.5501,0.00510000000000001,0.8376,0.0376,1.1051,0.0601000000000001,1.4726,0.1126
LISC_1758,0.74635,0.0311996382615618,2.313685,0.09671887861084158,4.94641129,0.13358871,1.2826,0.0431842198490352,0.5651,0.0851000000000006,1.2001,0.1051,1.7176,0.1026,2.3826,0.2126
LISC_1763,0.29885,0.0189331489666492,0.926435,0.058692761796612515,3.6904937,0.0495063,0.63385,0.0022650635094611,0.0601,0.0101,0.3126,0.0325999999999999,0.5726,0.0925999999999999,0.8676,0.117600000000001
LISC_1764,0.50385,0.0277981497577005,1.561935,0.08617426424887155,4.24102234,0.0110223399999998,1.5876,0.0214600093632939,0.4501,0.0650999999999998,1.0726,0.2926,1.6351,0.5451,2.2376,0.7126
LISC_1766,0.35135,0.0175553000547112,1.089185,0.05442143016960472,3.58906016,0.23093984,0.66635,0.0152554445662277,0.4176,0.0126,0.6951,0.0401,0.9376,0.0576,1.3101,0.1001
LISC_1774,0.42885,0.0273431183971292,1.3294350000000001,0.08476366703110053,3.9390046,0.1809954,1.35785,0.0078580603245915,0.2251,0.0351000000000001,0.7251,0.2101,1.1636,0.3686,1.7301,0.5651
LISC_1776,0.2026,0.0389104367406499,0.6280600000000001,0.1206223538960147,3.1257593,0.00575930000000002,0.5801,0.00510000000000001,0.4951,0.0151,0.6726,0.0576,0.8751,0.1201,1.0826,0.2376
LISC_1804,0.27385,0.0327678358634299,0.848935,0.10158029117663268,3.321503655,0.208496345,0.67385,0.0022650635094611,0.3201,0.0101,0.5601,0.0451,0.8101,0.110099999999999,1.0926,0.192599999999999
LISC_1811,0.4651,0.00622372435695793,1.44181,0.019293545506569584,2.35870969,0.261290310000001,0.11885,0.0202168461742889,0.0301,0.0301,0.1826,0.1826,0.3351,0.3351,0.5651,0.5601
LISC_1816,0.01635,0.0114880419739304,0.050685,0.03561293011918425,2.299422745,0.0805772549999999,0.78635,0.00829679815537751,0.2826,0.00759999999999998,0.4251,0.1701,0.6151,0.3301,0.8726,0.5026
LISC_1883,0.4351,0.0309220700148449,1.34881,0.09585841704601919,3.61994669,0.0499466900000001,0.79635,0.0185983107336859,0.2601,0.0001,0.6201,0.0401,0.8901,0.0751,1.3151,0.160100000000001
LISC_192,0.4726,0.0327917420765551,1.46506,0.10165440043732081,2.927711755,0.117711755,0.84135,0.0065951905283833,0.0776,0.0026,0.4376,0.0026,0.7601,0.0351,1.2526,0.0326
LISC_1962,0.00135,0.0022650635094611,0.004185,0.00702169687932941,2.161844725,0.051844725,0.9176,0.0130903810567666,0.1601,0.1251,0.3751,0.3651,0.5801,0.5151,0.9066,0.7586
LISC_1991,0.2601,0.00363553390593274,0.80631,0.011270155108391494,0.802449715,0.037550285,0.3951,0.0118260393995586,0.1926,0.0026,0.3476,0.00759999999999998,0.5226,0.0026,0.7451,0.0151
LISC_2004,0.38135,0.00749509972887453,1.182185,0.023234809159511045,1.301771955,0.048228045,0.54135,0.0109253175473055,0.1701,0.00509999999999999,0.3826,0.0376,0.5976,0.0526,0.9601,0.0801
LISC_2009,0.2651,0.00800569415042095,0.82181,0.024817651866304948,0.80662761,0.05337239,0.4276,0.0144614066163451,0.2226,0.00760000000000001,0.4101,0.0101,0.5901,0.0201,0.8151,0.0351
LISC_2034,0.28885,0.0249432586429397,0.895435,0.07732410179311308,0.714311275,0.0756887250000002,0.4551,0.0001,0.2051,0.0001,0.3726,0.00760000000000001,0.5751,0.0351,0.8626,0.0426
LISC_2038,0.3626,0.00569016994374948,1.12406,0.017639526825623388,1.05,,0.56135,0.0185983107336859,0.1926,0.0226,0.4626,0.0276,0.6601,0.0001,1.0626,0.00760000000000006
LISC_2040,0.3876,0.00839156197588851,1.20156,0.02601384212525438,1.0564831,0.0235169000000001,0.5901,0.0267926956300783,0.2451,0.0001,0.4976,0.0026,0.7476,0.00760000000000001,1.0776,0.0226000000000001
LISC_2041,0.3826,0.0104077640640442,1.1860600000000001,0.032264068598537025,0.68731543,0.02268457,0.57385,0.00970143218483577,0.2201,0.0001,0.4551,0.00510000000000001,0.7026,0.0026,1.0526,0.0226
LISC_2044,0.21135,0.00424578098794425,0.655185,0.013161921062627176,0.601585385,0.128414615,0.31635,0.0022650635094611,0.1701,0.0001,0.2851,0.0101,0.4076,0.0176,0.6176,0.0276
LISC_2052,0.3301,0.0378491721763542,1.02331,0.11733243374669804,1.95,,0.4476,0.151654445662277,0.0001,0.0001,0.1251,0.0001,0.3326,0.00760000000000001,0.6476,0.0126
LISC_2056,0.6476,0.0297858552175948,2.00756,0.09233615117454388,2.25463878,0.27463878,0.95635,0.0160589316685046,0.0001,0.0001,0.5226,0.0776000000000003,0.9726,0.0676,1.4476,0.0476000000000001
LISC_2060,0.2476,0.0104077640640442,0.76756,0.032264068598537025,0.35386126,0.10613874,0.2976,0.0179535710713571,0.1376,0.00759999999999999,0.2776,0.00759999999999998,0.4051,0.0351,0.6351,0.0650999999999998
LISC_2073,0.27635,0.00424578098794425,0.856685,0.013161921062627176,0.814869755,0.315130245,0.44885,0.00970143218483577,0.1951,0.00510000000000001,0.3676,0.0026,0.5451,0.0151,0.8051,0.0101
LISC_2075,0.27635,0.00970143218483575,0.856685,0.030074439772990826,0.849704125,0.290295875,0.3776,0.0109972473588517,0.1976,0.0026,0.3476,0.0276,0.5126,0.0525999999999996,0.7526,0.0576000000000001
LISC_2083,0.3151,0.00363553390593274,0.97681,0.011270155108391494,1.35,,0.4801,0.0087602540378444,0.1751,0.0101,0.3701,0.0151,0.5776,0.00760000000000001,0.8526,0.0176
LISC_2091,0.1776,0.0104077640640442,0.55056,0.032264068598537025,,,0.21385,0.0065951905283833,0.1176,0.0026,0.2101,0.0151,0.3126,0.0426000000000001,0.4801,0.0800999999999999
LISC_2094,0.3151,0.00510000000000001,0.97681,0.015810000000000032,1.75,,0.48135,0.0114880419739304,0.0601,0.0001,0.2401,0.0201,0.4476,0.0226,0.7476,0.0626
LISC_2110,0.14385,0.00424578098794424,0.445935,0.013161921062627143,3.02,,0.23135,0.00659519052838328,0.0976,0.0026,0.1751,0.0151,0.2851,0.00509999999999998,0.4001,0.0151
LISC_2122,0.34135,0.00902678553567855,1.058185,0.02798303516060351,1.65,,0.51385,0.0325759526419164,0.0001,0.0001,0.0676,0.0576,0.2776,0.0776000000000001,0.5976,0.0926000000000002
LISC_2130,0.5821,0.0112579568022107,1.8045099999999998,0.03489966608685317,1.75,,0.4401,0.0001,0.3151,0.0151,0.5801,0.1301,0.8601,0.2151,1.2426,0.3526
LISC_2171,0.2501,0.00717106781186548,0.7753099999999999,0.022230310216782987,1.1741955,0.145804499999999,0.3976,0.0044301270189222,0.1901,0.0001,0.3401,0.0101,0.4976,0.0126,0.7601,0.0301
LISC_2245,0.3601,0.00945414346693486,1.11631,0.02930784474749807,1.9137403,0.0762597,0.5976,0.0026,0.2126,0.0026,0.4451,0.0151,0.7051,0.0151,1.0426,0.00259999999999995
LISC_2324,0.33385,0.0120242400177118,1.034935,0.03727514405490658,,,0.3376,0.125673683548744,0.2776,0.0026,0.4351,0.0750999999999999,0.6101,0.1351,0.8201,0.1951
LISC_2385,0.26885,0.0189331489666492,0.8334349999999999,0.058692761796612515,2.69840309,0.25840309,0.9976,0.0228760839478607,0.0001,0.0001,0.3151,0.1151,0.6326,0.2576,1.0526,0.4176
LISC_2412,0.14635,0.0139631706330118,0.45368500000000006,0.04328582896233658,2.827607585,0.177607585,0.5426,0.0126,0.0801,0.0501,0.2401,0.1051,0.4176,0.1476,0.6901,0.2201
LISC_2435,0.75635,0.0109253175473055,2.344685,0.03386848439664705,2.95,,1.1001,0.0107066017177982,0.5251,0.0001,1.0726,0.00760000000000006,1.5801,0.0151,2.1926,0.0226
LISC_2457,0.4726,0.00839156197588848,1.46506,0.02601384212525429,4.4289967,0.1110033,0.88635,0.0195855715851499,0.2426,0.0876000000000001,0.6251,0.1051,1.0626,0.1276,1.4951,0.1201
LISC_2458,0.4851,0.00717106781186548,1.5038099999999999,0.022230310216782987,1.773597765,0.053597765,0.75885,0.0109253175473055,0.2926,0.0026,0.6251,0.0001,0.9426,0.00759999999999995,1.3851,0.00510000000000001
LISC_2468,0.63385,0.0156623744974859,1.964935,0.04855336094220629,4.076885255,0.613114744999996,1.06885,0.0396877190552828,0.4726,0.0426,0.9276,0.0676,1.5301,0.1001,1.9701,0.0801
LISC_2472,0.15635,0.00424578098794425,0.484685,0.013161921062627176,0.342392595,0.207607405,0.2326,0.00759999999999999,0.1201,0.0051,0.1901,0.0101,0.2951,0.0101,0.4351,0.0301
LISC_2477,0.11135,0.0404693881548879,0.345185,0.1254551032801525,2.74518183,0.0748181699999999,0.45385,0.0125373429638328,0.2301,0.0001,0.3201,0.0450999999999998,0.4776,0.0776000000000001,0.6351,0.1951
LISC_2495,0.2751,0.00800569415042094,0.8528100000000001,0.024817651866304916,5.7,,0.6626,0.203615969889343,0.2376,0.0176,0.4676,0.0276,0.7051,0.0351,0.9751,0.0701
LISC_2601,0.29385,0.00424578098794425,0.910935,0.013161921062627176,1.21008982,0.0799101800000001,0.4551,0.0001,0.1976,0.0026,0.3826,0.0026,0.5651,0.0001,0.8351,0.00510000000000001
LISC_2621,0.54885,0.00749509972887453,1.7014349999999998,0.023234809159511045,2.28989857,0.0498985699999999,0.8401,0.0087602540378444,0.2326,0.00259999999999999,0.6001,0.00510000000000001,0.9726,0.0026,1.4301,0.0001
LISC_2626,0.6926,0.0271416345659799,2.14706,0.08413906715453769,3.4,,1.0601,0.0001,0.4276,0.0126,0.9526,0.00760000000000001,1.4326,0.0276,1.9251,0.0801
LISC_2645,0.5326,0.00911387818865998,1.65106,0.02825302238484594,2.50738705,0.0126129500000001,0.8276,0.00760000000000001,0.1151,0.0051,0.4726,0.0126,0.8426,0.0276,1.3201,0.0351
LISC_2702,0.31885,0.00424578098794425,0.9884350000000001,0.013161921062627176,1.3,,0.42135,0.124968681021303,0.2351,0.0001,0.4276,0.0026,0.5026,0.1276,0.9151,0.00510000000000001
LISC_2748,0.7401,0.012847548783982,2.29431,0.0398274012303442,2.540376475,0.060376475,1.06635,0.0125373429638327,0.0826,0.0126,0.6126,0.0276,1.1076,0.0376,1.7076,0.0576
LISC_2758,0.49385,0.0175553000547112,1.5309350000000002,0.05442143016960472,3.631974035,0.141974035,0.85635,0.0199037243971936,0.2251,0.00510000000000001,0.6126,0.00760000000000001,0.9626,0.0276,1.4301,0.0501000000000001
LISC_2761,0.42385,0.0301780235387899,1.313935,0.0935518729702487,,,0.75385,0.0114880419739304,0.1026,0.0026,0.4326,0.00760000000000001,0.7451,0.0351,1.1351,0.0701000000000001
LISC_2862,0.6951,0.00717106781186544,2.1548100000000003,0.022230310216782866,2.39080869,0.04080869,1.03885,0.0130301005409858,0.2726,0.0176,0.7526,0.00760000000000001,1.2251,0.0351,1.7826,0.0126
LISC_2867,0.70385,0.0130301005409857,2.181935,0.04039331167705567,2.409725445,0.000274555000000065,1.00885,0.0152554445662276,0.4576,0.0026,0.9351,0.0201,1.4076,0.0226,1.9676,0.0526
LISC_2905,0.62135,0.0144069039278245,1.9261849999999998,0.04466140217625595,2.35659087,0.0234091299999999,0.97885,0.0065951905283833,0.1551,0.0101,0.5576,0.00759999999999995,1.0476,0.0576,1.6001,0.0701
LISC_291,0.6801,0.0290395922569755,2.1083100000000004,0.09002273599662405,2.371635925,0.101635925,0.9326,0.0217506350946109,0.2651,0.0300999999999997,0.7026,0.0626,1.2426,0.1226,1.6476,0.0876
LISC_2913,0.6051,0.00622372435695795,1.87581,0.019293545506569646,2.44796578,0.11796578,0.8726,0.00760000000000001,0.0001,0.0001,0.3326,0.00760000000000001,0.7276,0.0176,1.2451,0.0551000000000001
LISC_2918,0.46635,0.00659519052838327,1.445685,0.020445090637988137,2.0,,0.7226,0.0044301270189222,0.0576,0.0026,0.3551,0.00510000000000001,0.6551,0.0251,1.0951,0.0251
LISC_2924,0.46635,0.00659519052838327,1.445685,0.020445090637988137,2.0,,0.7226,0.0044301270189222,0.0576,0.0026,0.3551,0.00510000000000001,0.6551,0.0251,1.0951,0.0251
LISC_2972,0.22635,0.00554862367942584,0.701685,0.017200733406220105,0.446739755,0.083260245,0.3776,0.0044301270189222,0.2176,0.0026,0.3476,0.0026,0.5001,0.00510000000000001,0.7276,0.0026
LISC_2987,0.18385,0.0065951905283833,0.5699350000000001,0.02044509063798823,0.3,,0.27385,0.0022650635094611,0.1326,0.0026,0.2276,0.00759999999999999,0.3501,0.0151,0.5226,0.0276
LISC_3203,0.18385,0.0022650635094611,0.5699350000000001,0.00702169687932941,1.83504988,0.31495012,0.51885,0.0164458710382775,0.2341,0.0261000000000002,0.4176,0.0675999999999999,0.5801,0.0900999999999997,0.8451,0.1801
LISC_3214,0.5626,0.00911387818865994,1.74406,0.028253022384845818,2.004622745,0.034622745,0.8426,0.0193028643696715,0.2976,0.0026,0.6751,0.00510000000000001,1.0551,0.00510000000000001,1.5226,0.0176000000000001
LISC_3223,0.73135,0.0195855715851499,2.267185,0.06071527191396469,2.49032363,0.06967637,1.0676,0.0179535710713571,0.3376,0.0026,0.8501,0.0001,1.3626,0.0126,1.9701,0.0550999999999999
LISC_3225,0.6801,0.0290395922569755,2.1083100000000004,0.09002273599662405,2.371635925,0.101635925,0.9326,0.0217506350946109,0.2651,0.0300999999999997,0.7026,0.0626,1.2426,0.1226,1.6476,0.0876
LISC_3265,0.25435,0.0241143186453416,0.7884850000000001,0.07475438780055896,3.769450625,0.150549375,0.93185,0.0127169528809455,0.1426,0.1176,0.4526,0.2626,0.7186,0.3936,1.1851,0.4701
LISC_3267,0.2951,0.0305138126514908,0.9148099999999999,0.09459281921962148,4.06977442,0.00977442000000028,0.66885,0.0065951905283833,0.0701,0.0051,0.3276,0.0375999999999998,0.5651,0.1101,0.8701,0.1701
LISC_3284,0.90385,0.0195855715851499,2.8019350000000003,0.06071527191396469,4.1,,1.28885,0.0130301005409858,0.4451,0.00510000000000001,1.1226,0.0126,1.7626,0.0376,2.4401,0.0450999999999999
LISC_464,0.1026,0.0161078105935822,0.31806,0.049934212840104825,2.643286755,0.206713245,0.3326,0.0026,0.2901,0.00510000000000001,0.3526,0.0226,0.4701,0.0501,0.6126,0.0975999999999997
LISC_525,0.59385,0.0256868618630734,1.840935,0.07962927177552755,2.05333066,0.0533306600000001,0.9076,0.0304108891324553,0.0551,0.0101,0.4976,0.0476,0.9501,0.00510000000000001,1.4226,0.0825999999999999
LISC_534,0.5476,0.0231488611432322,1.69756,0.07176146954401982,2.15,,0.84635,0.0109253175473055,0.0251,0.0051,0.3951,0.0101,0.8126,0.0426,1.2951,0.0701
LISC_570,0.21635,0.0022650635094611,0.670685,0.00702169687932941,0.71362544,0.17637456,0.3401,0.00363553390593272,0.1976,0.0026,0.3226,0.0026,0.4551,0.0001,0.6576,0.00760000000000001
LISC_701,0.4501,0.0001,1.39531,0.00031,1.45,,0.7276,0.0477313972081441,0.3201,0.0301,0.6551,0.0351,0.9476,0.0426,1.3951,0.0501000000000001
LISC_788,0.35635,0.0295480474734744,1.1046850000000001,0.09159894716777064,2.231832115,0.0518321149999998,0.60635,0.0139631706330118,0.1526,0.0026,0.3976,0.00760000000000001,0.6251,0.0451,0.9551,0.0251
LISC_825,0.24885,0.0208289049397213,0.771435,0.06456960531313603,1.97,,0.58885,0.0022650635094611,0.0001,0.0001,0.1551,0.0250999999999999,0.3776,0.0626,0.6676,0.1076
LP_1002,0.49135,0.0148372826531895,1.523185,0.04599557622488745,1.99072423,0.18927577,0.75385,0.00902678553567857,0.1476,0.00759999999999999,0.4851,0.00510000000000001,0.8301,0.0301,1.2851,0.0500999999999999
LP_1004,0.38635,0.0109253175473055,1.197685,0.03386848439664705,,,0.63385,0.0109253175473055,0.0751,0.0051,0.3926,0.00760000000000001,0.6526,0.0226,1.0351,0.00510000000000001
LP_1006,0.0001,0.0001,0.00031,0.00031,,,0.55135,0.0109253175473054,0.2276,0.00759999999999999,0.3051,0.1101,0.4526,0.1926,0.6476,0.3126
LP_1017,0.14385,0.0179097585609687,0.445935,0.055520251539002974,2.74954175,0.0195417499999999,0.61135,0.204409048991962,0.0326,0.0276,0.1776,0.0826000000000001,0.4326,0.0376,0.6666,0.1036
LP_1019,0.4001,0.0438321392113393,1.24031,0.13587963155515184,2.70249271,0.21249271,0.6651,0.00510000000000001,0.0001,0.0001,0.2451,0.0101,0.5026,0.0026,0.9176,0.0126
LP_1020,0.4776,0.0104077640640441,1.48056,0.03226406859853671,2.96369869,0.16630131,0.7476,0.0109972473588517,0.0001,0.0001,0.3151,0.0101,0.6626,0.0176,1.1026,0.0476
LP_1031,0.24635,0.00424578098794425,0.7636850000000001,0.013161921062627176,1.4,,0.5076,0.049280788932265,0.0526,0.0026,0.3076,0.0976000000000001,0.5276,0.1426,0.8001,0.1301
LP_1036,0.11885,0.00424578098794425,0.368435,0.013161921062627176,0.46970506,0.22029494,0.2376,0.0076,0.0726,0.0076,0.1576,0.0175999999999999,0.2676,0.0276000000000005,0.3726,0.0376
LP_1040,0.36135,0.0139631706330118,1.120185,0.04328582896233658,1.358944915,0.058944915,0.6401,0.043401270189222,0.2476,0.0026,0.5226,0.0526,0.7901,0.0451,1.1351,0.1051
LP_1049,0.26135,0.0246903944661325,0.8101850000000002,0.07654022284501076,0.8,,0.4276,0.021750635094611,0.1576,0.00760000000000001,0.3401,0.0151,0.5076,0.0176,0.7226,0.0426
LP_1071,0.32385,0.00749509972887453,1.003935,0.023234809159511045,1.490326785,0.000326785000000052,0.5501,0.0001,0.2051,0.00509999999999999,0.4076,0.00259999999999997,0.6301,0.0001,0.9401,0.0201
LP_1086,0.4601,0.0001,1.42631,0.00031,1.670183825,0.049816175,0.7276,0.0196256241897667,0.2551,0.0101,0.5576,0.00759999999999995,0.8526,0.0326,1.2801,0.00510000000000001
LP_1103,0.60385,0.0160589316685046,1.8719350000000001,0.04978268817236427,2.513962405,0.026037595,0.63385,0.0228417567483253,0.2101,0.0501,0.5526,0.1626,0.9101,0.2801,1.3801,0.3351
LP_1107,0.4926,0.0115564392373896,1.52706,0.03582496163590776,2.53299504,0.07700496,0.80385,0.0195855715851498,0.3501,0.0001,0.6851,0.00509999999999995,1.0276,0.00260000000000006,1.5126,0.00760000000000006
LP_1115,0.3926,0.0044301270189222,1.21706,0.01373339375865882,1.21860942,0.24139058,0.6401,0.0087602540378444,0.2251,0.0001,0.4801,0.00510000000000001,0.7351,0.00510000000000001,1.1201,0.0100999999999999
LP_1119,0.33635,0.00659519052838328,1.042685,0.02044509063798817,1.228604665,0.0613953350000001,0.54385,0.00554862367942585,0.2351,0.0001,0.4576,0.0026,0.6726,0.00760000000000001,0.9926,0.00760000000000001
LP_1120,0.4051,0.00363553390593272,1.25581,0.011270155108391433,2.090140245,0.079859755,0.6451,0.0204100960115899,0.0001,0.0001,0.2076,0.0126,0.4676,0.0376,0.8651,0.0451
LP_1142,0.39885,0.0109253175473055,1.236435,0.03386848439664705,1.154714025,0.264714025,0.6276,0.0130903810567666,0.3151,0.0151,0.5601,0.00509999999999995,0.8901,0.0001,1.1976,0.0176000000000001
LP_1145,0.3501,0.0286043856274784,1.08531,0.08867359544518304,3.3600932,0.3100932,0.85635,0.0297595262942617,0.0601,0.0101,0.3726,0.0525999999999999,0.6551,0.0800999999999994,1.1401,0.1601
LP_1156,0.04635,0.0114880419739304,0.143685,0.03561293011918425,2.335795635,0.0242043649999999,0.7551,0.0001,0.1851,0.0101,0.3376,0.1576,0.5301,0.2751,0.8576,0.3926
LP_1174,0.60135,0.0220017693349191,1.8641850000000002,0.06820548493824921,1.06,,0.9501,0.0230128784747792,0.4626,0.0126,0.9401,0.0251,1.3426,0.0526,1.8851,0.1051
LP_1175,1.1526,0.0148901994577491,3.5730600000000003,0.04615961831902221,4.41524981,0.05475019,1.71885,0.0233849200127464,0.7476,0.0026,1.6651,0.0001,2.5526,0.0226000000000002,3.3926,0.0176000000000001
LP_1177,0.5101,0.0274861278752583,1.58131,0.08520699641330073,4.241360545,0.00863945499999996,0.9076,0.0304108891324554,0.1901,0.0001,0.6151,0.0251,0.9351,0.0151,1.4451,0.1201
LP_1183,0.35885,0.0463837714539344,1.112435,0.14378969150719664,3.45553855,0.375538549999998,0.8826,0.0026,0.6451,0.0551,0.9851,0.1201,1.3026,0.2476,1.6001,0.390099999999999
LP_1188,0.8976,0.0144614066163451,2.78256,0.04483036051066981,6.2,,1.4501,0.0323102468168128,0.4251,0.0201,1.1401,0.0351,1.8426,0.0676,2.5201,0.1001
LP_1200,0.2151,0.00800569415042095,0.66681,0.024817651866304948,1.33070204,0.54929796,0.3651,0.00363553390593274,0.1751,0.0001,0.3151,0.0001,0.4676,0.00259999999999997,0.6601,0.0251
LP_1208,0.7776,0.0202556443707464,2.41056,0.06279249754931383,3.26216208,0.03216208,1.1676,0.0320178633370092,0.3451,0.00509999999999998,0.9651,0.0001,1.5451,0.0001,2.1376,0.0326
LP_1218,0.71285,0.0113998893799895,2.209835,0.03533965707796745,2.66,,0.7276,0.016493596310755,0.2726,0.0176,0.6926,0.1376,1.0806,0.2256,1.6626,0.3676
LP_1225,0.01635,0.0114880419739304,0.050685,0.03561293011918425,2.299422745,0.0805772549999999,0.78635,0.00829679815537751,0.2826,0.00759999999999998,0.4251,0.1701,0.6151,0.3301,0.8726,0.5026
LP_1230,0.2301,0.0255950975679642,0.71331,0.07934480246068902,2.79090208,0.16090208,0.54135,0.0022650635094611,0.3276,0.0026,0.5001,0.0201,0.7001,0.0751000000000007,0.9401,0.1201
LP_1263,0.4351,0.0309220700148449,1.34881,0.09585841704601919,3.61994669,0.0499466900000001,0.79635,0.0185983107336859,0.2601,0.0001,0.6201,0.0401,0.8901,0.0751,1.3151,0.160100000000001
LP_1288,0.3001,0.0232840462387393,0.93031,0.07218054334009183,3.437917955,0.0720820449999999,0.56385,0.0114880419739303,0.3726,0.0126,0.6051,0.0151,0.7976,0.0326,1.1001,0.0951000000000001
LP_1302,0.0651,0.00363553390593274,0.20181000000000002,0.011270155108391494,0.294356895,0.185643105,0.1026,0.00443012701892219,0.0326,0.0026,0.0601,0.0001,0.1051,0.0051,0.1601,0.0001
LP_1306,0.5701,0.00510000000000001,1.7673100000000002,0.015810000000000032,2.559727915,0.330272085000002,0.72885,0.0144069039278245,0.3376,0.00759999999999998,0.6901,0.0601,1.0126,0.0926,1.4976,0.1276
LP_1316,0.43135,0.00424578098794425,1.337185,0.013161921062627176,,,0.69385,0.0109253175473054,0.2551,0.0001,0.5426,0.00760000000000001,0.8026,0.0226,1.2051,0.0451
LP_1326,0.09635,0.0284670142947755,0.29868500000000003,0.08824774431380406,2.731127675,0.111127675,1.0751,0.0177776695296637,0.1101,0.1101,0.3701,0.3701,0.6376,0.6076,0.9401,0.8751
LP_1329,0.6746,0.0106237825899246,2.09126,0.032933726028766264,2.34,,0.9826,0.0271416345659799,0.2301,0.0151,0.7201,0.0151,1.1626,0.0326000000000001,1.7306,0.0556
LP_1332,0.1201,0.0001,0.37231000000000003,0.00031,2.12080353,0.13080353,0.4976,0.0593135964116347,0.3151,0.0251,0.4451,0.1051,0.6076,0.1276,0.8651,0.2301
LP_1334,0.00135,0.0022650635094611,0.004185,0.00702169687932941,2.161844725,0.051844725,0.9176,0.0130903810567666,0.1601,0.1251,0.3751,0.3651,0.5801,0.5151,0.9066,0.7586
LP_1342,0.1276,0.0026,0.39555999999999997,0.00806,0.505696945,0.134303055,0.2351,0.00717106781186547,0.1151,0.0001,0.1901,0.0001,0.2851,0.0101,0.4151,0.0101
LP_1367,0.40385,0.00659519052838327,1.251935,0.020445090637988137,1.427210775,0.062789225,0.62635,0.00829679815537751,0.1776,0.0026,0.4251,0.0001,0.6951,0.0001,1.0451,0.0001
LP_1372,0.25385,0.0065951905283833,0.786935,0.02044509063798823,,,0.3451,0.0001,0.1926,0.0126,0.3326,0.0276,0.4726,0.0475999999999999,0.7101,0.0601
LP_1377,0.23635,0.00902678553567856,0.732685,0.027983035160603534,0.57,,0.36385,0.0580196641910153,0.0951,0.0001,0.2726,0.0026,0.3226,0.0975999999999999,0.6551,0.0201
LP_1390,0.45135,0.00424578098794425,1.399185,0.013161921062627176,1.65,,0.7901,0.0001,0.3351,0.1201,0.6376,0.1276,0.9226,0.1426,1.3876,0.1676
LP_1393,0.0156,0.0145308696896618,0.04836,0.04504569603795158,1.862395965,0.247604035,0.3826,0.240165095338743,0.0001,0.0001,0.1076,0.1076,0.0001,0.0001,0.0526,0.0226
LP_1394,0.0156,0.0145308696896618,0.04836,0.04504569603795158,1.862395965,0.247604035,0.3826,0.240165095338743,0.0001,0.0001,0.1076,0.1076,0.0001,0.0001,0.0526,0.0226
LP_140,0.23135,0.0175553000547112,0.7171850000000001,0.05442143016960472,2.834648035,0.034648035,0.5451,0.0001,0.3251,0.00510000000000001,0.4951,0.0401,0.7126,0.0725999999999998,0.9676,0.1176
LP_1406,0.3876,0.00839156197588851,1.20156,0.02601384212525438,1.0564831,0.0235169000000001,0.5901,0.0267926956300783,0.2451,0.0001,0.4976,0.0026,0.7476,0.00760000000000001,1.0776,0.0226000000000001
LP_1407,0.34135,0.00659519052838327,1.058185,0.020445090637988137,1.161270055,0.158729945,0.53635,0.0130301005409858,0.2051,0.00509999999999999,0.4276,0.00760000000000001,0.6451,0.0151,0.9426,0.0326
LP_1414,0.24635,0.00424578098794425,0.7636850000000001,0.013161921062627176,0.587000785,0.027000785,0.3851,0.0001,0.1551,0.0001,0.3026,0.0026,0.4651,0.0101,0.7026,0.0226
LP_1420,0.3651,0.00510000000000001,1.13181,0.015810000000000032,1.17962269,0.09037731,0.5776,0.00760000000000001,0.2351,0.0001,0.4801,0.00510000000000001,0.7001,0.0101,1.0376,0.0276
LP_1422,0.24135,0.00424578098794425,0.7481850000000001,0.013161921062627176,0.752840685,0.067159315,0.3276,0.029361749776799,0.1676,0.00759999999999999,0.3026,0.00760000000000001,0.4251,0.0401,0.6676,0.0376
LP_1428,0.3251,0.00800569415042095,1.00781,0.024817651866304948,0.93,,0.4876,0.021750635094611,0.2176,0.0026,0.4001,0.0151,0.6451,0.0101,0.9051,0.0401
LP_1431,0.3051,0.0258390753524675,0.9458099999999999,0.08010113359264925,0.95336761,0.00336761000000002,0.5076,0.0183002747232013,0.2176,0.0026,0.4251,0.0001,0.6526,0.0226,0.8676,0.0776
LP_1437,0.22135,0.027343118397129,0.686185,0.0847636670310999,1.13,,0.3151,0.0347410161513776,0.1901,0.0101,0.3126,0.0126,0.4576,0.0276,0.6101,0.0251
LP_1441,0.2876,0.00569016994374946,0.8915600000000001,0.017639526825623326,1.55,,0.44885,0.00424578098794425,0.1401,0.00509999999999999,0.2976,0.0126,0.4876,0.0126,0.7801,0.0451
LP_1454,0.3251,0.0151,1.00781,0.046810000000000004,2.26,,0.4801,0.0001,0.1076,0.0426,0.2851,0.0600999999999999,0.4876,0.0876,0.7351,0.0301
LP_1457,0.2951,0.00363553390593274,0.9148099999999999,0.011270155108391494,1.02002989,0.23997011,0.46885,0.00226506350946107,0.2001,0.00509999999999999,0.3701,0.0001,0.5501,0.0101,0.8401,0.0001
LP_1480,0.0876,0.0026,0.27156,0.00806,0.31531793,0.21468207,0.14385,0.00226506350946109,0.0451,0.0001,0.0976,0.0026,0.1501,0.0001,0.2351,0.0101
LP_1487,0.40885,0.0109253175473055,1.267435,0.03386848439664705,1.59026034,0.05973966,0.6651,0.0118260393995586,0.2776,0.00759999999999998,0.5376,0.0026,0.8401,0.0101,1.2001,0.00510000000000001
LP_1531,0.35385,0.00554862367942585,1.096935,0.017200733406220133,1.19522941,0.0,0.52885,0.0065951905283833,0.1826,0.0026,0.3951,0.0201,0.6251,0.0201,0.9376,0.0376
LP_1540,0.25635,0.0139631706330118,0.7946850000000001,0.04328582896233658,0.88,,0.28635,0.0114880419739304,0.1776,0.00759999999999999,0.3076,0.0226,0.4576,0.0475999999999996,0.6876,0.1076
LP_1557,0.2126,0.0228760839478606,0.6590600000000001,0.07091586023836786,0.91440196,0.23559804,0.3551,0.0001,0.1476,0.0126,0.2901,0.0151,0.4276,0.0226,0.5851,0.0451
LP_1558,0.0626,0.0161078105935821,0.19406,0.04993421284010451,2.524924025,0.445075975000001,0.36885,0.0022650635094611,0.2201,0.0201,0.2801,0.0551,0.3976,0.0926000000000002,0.5626,0.1426
LP_1582,0.38885,0.00554862367942585,1.205435,0.017200733406220133,4.9,,0.8576,0.0044301270189222,0.0976,0.0926,0.4326,0.1626,0.8626,0.1526,1.2676,0.1876
LP_1593,0.3676,0.00839156197588851,1.13956,0.02601384212525438,1.728448755,0.221551244999999,0.62385,0.00554862367942585,0.2626,0.0026,0.5076,0.0026,0.7626,0.0026,1.1176,0.0176
LP_1595,0.2101,0.0177776695296637,0.6513100000000001,0.05511077554195747,3.729081425,0.590918574999998,0.57385,0.0109253175473054,0.0901,0.0051,0.2726,0.0376000000000002,0.4976,0.0876,0.7701,0.1201
LP_1599,0.2626,0.0104077640640442,0.81406,0.032264068598537025,,,0.5201,0.0001,0.1376,0.0426,0.3651,0.0101,0.5751,0.0201,0.8401,0.0651
LP_160,0.73135,0.0152554445662277,2.267185,0.047291878155305875,2.151769575,0.031769575,1.00135,0.00902678553567853,0.5051,0.0101,1.0076,0.0226,1.4626,0.0276,2.0676,0.0825999999999999
LP_1607,0.34635,0.0222852991866236,1.073685,0.06908442747853316,1.46,,0.54635,0.051744820650284,0.2126,0.0026,0.4301,0.00510000000000001,0.7201,0.0151,0.9551,0.0101
LP_1612,0.5351,0.00622372435695795,1.6588100000000001,0.019293545506569646,1.729153245,0.0391532450000001,0.81385,0.0109253175473054,0.3376,0.0026,0.7126,0.0026,1.0476,0.00260000000000006,1.5201,0.0151
LP_1613,0.68135,0.0144069039278245,2.112185,0.04466140217625595,2.58,,0.99635,0.0233849200127464,0.4351,0.0001,0.9451,0.00510000000000001,1.4026,0.00260000000000006,1.9401,0.0101
LP_1614,0.38635,0.0349882143423822,1.197685,0.10846346446138483,3.79604418,0.02604418,0.7921,0.024379621084358,0.5076,0.0276,0.8351,0.0751,1.0691,0.0891,1.4001,0.155100000000001
LP_1616,0.5976,0.00839156197588851,1.8525600000000002,0.02601384212525438,,,0.89385,0.0171934929139717,0.3901,0.00510000000000001,0.8251,0.00510000000000001,1.2076,0.0126,1.6976,0.0326
LP_1620,0.47635,0.0256868618630734,1.476685,0.07962927177552755,1.637536555,0.112463445,0.7776,0.0247221445044903,0.3276,0.0026,0.6776,0.0026,1.0051,0.0101,1.3901,0.0801
LP_1624,0.22385,0.0189331489666492,0.693935,0.058692761796612515,3.04355658,0.346443420000003,0.5026,0.0026,0.4151,0.0001,0.5776,0.0126,0.7651,0.0551,1.0151,0.0801
LP_1625,0.4726,0.0293617497767991,1.46506,0.09102142430807722,4.123614895,0.096385105,0.89635,0.0301780235387899,0.2101,0.00510000000000001,0.5726,0.0226,0.8926,0.0526,1.3951,0.1001
LP_1632,0.40635,0.0074950997288745,1.259685,0.023234809159510948,1.71741664,0.0,0.65135,0.0103316909648406,0.1976,0.00759999999999999,0.4601,0.00510000000000001,0.7301,0.0201,1.1226,0.0276
LP_1639,0.71135,0.0225652509445143,2.205185,0.06995227792799433,3.20740227,0.00259772999999997,1.0826,0.0044301270189222,0.1801,0.0001,0.6751,0.0201,1.1851,0.0551000000000001,1.8351,0.1001
LP_1647,0.25435,0.0241143186453416,0.7884850000000001,0.07475438780055896,3.769450625,0.150549375,0.93185,0.0127169528809455,0.1426,0.1176,0.4526,0.2626,0.7186,0.3936,1.1851,0.4701
LP_1668,0.2726,0.0135629120178363,0.84506,0.04204502725529253,2.17958393,0.240416070000001,1.0631,0.0187949190958399,0.5081,0.1381,0.9026,0.3526,1.2476,0.5426,1.6376,0.6676
LP_1669,0.46885,0.0195855715851499,1.453435,0.06071527191396469,3.518651455,0.0786514549999999,0.76385,0.0065951905283833,0.3301,0.0001,0.6826,0.0026,1.0326,0.0376,1.3976,0.0476
LP_1725,0.6601,0.0303076149339864,2.04631,0.09395360629535784,2.23773988,0.06773988,1.0051,0.0323102468168128,0.4566,0.0136,1.0801,0.0500999999999999,1.5351,0.0001,1.9051,0.1251
LP_1740,0.38135,0.0249432586429397,1.182185,0.07732410179311308,3.767865875,0.187865875,0.7251,0.0174205080756888,0.1626,0.00760000000000001,0.4726,0.0226,0.7426,0.0526000000000001,1.1051,0.1251
LP_1759,0.44635,0.0109253175473055,1.383685,0.03386848439664705,3.68500981,0.504990189999997,0.66635,0.0301780235387899,0.3701,0.0201,0.6726,0.00760000000000001,0.9826,0.0026,1.3526,0.0226
LP_1771,0.20385,0.0280228848796109,0.631935,0.08687094312679379,2.834361415,0.00563858500000003,0.68635,0.0125373429638327,0.2001,0.0701,0.4151,0.1351,0.6176,0.1976,0.9026,0.3426
LP_1772,0.4751,0.00945414346693484,1.4728100000000002,0.029307844747498004,1.72191563,0.16191563,0.7151,0.0107066017177982,0.2476,0.00760000000000001,0.5701,0.0001,0.8901,0.00510000000000001,1.3026,0.0126
LP_1775,0.43385,0.0109253175473055,1.344935,0.03386848439664705,1.17,,0.32135,0.0355215682882618,0.2551,0.0001,0.4676,0.0825999999999999,0.6401,0.2001,0.9526,0.2276
LP_1777,0.23385,0.00424578098794424,0.724935,0.013161921062627143,0.980148895,0.140148895,0.38635,0.00970143218483577,0.2026,0.00759999999999999,0.3576,0.00760000000000001,0.5151,0.0101,0.7301,0.0251
LP_1795,0.42885,0.0179097585609688,1.3294350000000001,0.055520251539003286,,,0.63385,0.0205251682979603,0.3026,0.0026,0.6101,0.00510000000000001,0.8976,0.0176,1.2251,0.0201
LP_1800,0.42885,0.0179097585609688,1.3294350000000001,0.055520251539003286,,,0.63385,0.0205251682979603,0.3026,0.0026,0.6101,0.00510000000000001,0.8976,0.0176,1.2251,0.0201
LP_1805,0.7401,0.012847548783982,2.29431,0.0398274012303442,2.540376475,0.060376475,1.06635,0.0125373429638327,0.0826,0.0126,0.6126,0.0276,1.1076,0.0376,1.7076,0.0576
LP_1807,0.8176,0.0161078105935821,2.53456,0.04993421284010451,2.996918075,0.00691807499999997,1.1776,0.0130903810567666,0.1401,0.00509999999999999,0.7251,0.0201,1.3001,0.0401,1.9551,0.0801000000000001
LP_1809,0.1576,0.0522416340365355,0.48856,0.16194906551326005,3.62,,1.18135,0.0164458710382775,0.0451,0.0451,0.3576,0.3526,0.6276,0.6276,1.0251,0.8701
LP_1820,0.59385,0.0202168461742889,1.840935,0.0626722231402956,2.52490937,0.28490937,0.9701,0.0174205080756888,0.1751,0.00509999999999999,0.5851,0.00510000000000001,1.0251,0.0151,1.5926,0.0226
LP_1821,0.4851,0.0281624304008046,1.5038099999999999,0.08730353424249426,3.378795875,0.0212041249999999,0.8901,0.0451,0.3651,0.00510000000000001,0.7901,0.0351,1.1326,0.0326,1.6101,0.1501
LP_1822,0.8201,0.0001,2.54231,0.00031,3.417376165,0.407376165,1.26135,0.0231149407994024,0.5726,0.00760000000000001,1.1801,0.0401,1.7651,0.0751000000000001,2.3976,0.0826
LP_1825,0.4751,0.00800569415042094,1.4728100000000002,0.024817651866304916,,,0.72385,0.0022650635094611,0.2526,0.00760000000000001,0.5501,0.0101,0.8501,0.0351,1.3001,0.0351
LP_1831,0.53385,0.0065951905283833,1.6549350000000003,0.02044509063798823,2.208023555,0.051976445,0.8201,0.0087602540378444,0.0001,0.0001,0.3226,0.0026,0.6926,0.0126,1.1826,0.0426000000000001
LP_1832,0.53385,0.0065951905283833,1.6549350000000003,0.02044509063798823,2.208023555,0.051976445,0.8201,0.0087602540378444,0.0001,0.0001,0.3226,0.0026,0.6926,0.0126,1.1826,0.0426000000000001
LP_1845,0.6276,0.00839156197588851,1.9455600000000002,0.02601384212525438,2.245917475,0.0740825249999999,0.93135,0.023915698604072,0.2126,0.00760000000000001,0.6476,0.0026,1.0801,0.0201,1.5976,0.0476
LP_1864,0.47135,0.00970143218483574,1.461185,0.030074439772990794,1.39,,0.7051,0.0151,0.2526,0.0026,0.5601,0.0101,0.8776,0.0026,1.2551,0.0001
LP_1875,0.6526,0.0044301270189222,2.02306,0.01373339375865882,2.084665055,0.025334945,0.9501,0.0174205080756887,0.3376,0.0226,0.8001,0.00510000000000001,1.1826,0.00759999999999995,1.7601,0.00510000000000001
LP_1880,0.45885,0.0120242400177118,1.422435,0.03727514405490658,1.43650526,0.00349473999999994,0.71635,0.0301780235387899,0.3276,0.0126,0.6601,0.00510000000000001,0.9801,0.0251,1.3276,0.0526
LP_1930,0.6026,0.00911387818865998,1.86806,0.02825302238484594,3.15,,0.9026,0.0214600093632938,0.3926,0.0026,0.8076,0.0026,1.2076,0.00760000000000006,1.7126,0.00260000000000006
LP_1937,0.36135,0.0065951905283833,1.120185,0.02044509063798823,1.34739072,0.11260928,0.5826,0.0183002747232013,0.2576,0.0026,0.5226,0.0176,0.7826,0.0326,1.0801,0.0600999999999999
LP_1957,0.2326,0.00839156197588849,0.72106,0.02601384212525432,0.65,,0.33635,0.0130301005409857,0.1851,0.00510000000000001,0.3301,0.00510000000000001,0.4576,0.0176,0.6901,0.0201
LP_1960,0.09635,0.00749509972887452,0.29868500000000003,0.02323480915951101,2.220894805,0.00910519500000007,0.9851,0.00876025403784439,0.3151,0.0600999999999999,0.5826,0.2776,0.8451,0.4101,1.1851,0.6651
LP_1970,0.23635,0.00902678553567856,0.732685,0.027983035160603534,0.57,,0.36385,0.0580196641910153,0.0951,0.0001,0.2726,0.0026,0.3226,0.0975999999999999,0.6551,0.0201
LP_1977,0.16635,0.00424578098794425,0.5156850000000001,0.013161921062627176,0.75,,0.26635,0.0022650635094611,0.1326,0.0026,0.2251,0.00510000000000001,0.3301,0.00510000000000001,0.4826,0.0026
LP_198,0.30635,0.0065951905283833,0.9496850000000001,0.02044509063798823,1.19,,0.4751,0.0207155281280883,0.2251,0.0101,0.4326,0.00760000000000001,0.6176,0.0126,0.8876,0.0226
LP_1980,0.05635,0.0168238602003246,0.174685,0.05215396662100626,0.75,,0.2276,0.0168705098312484,0.1876,0.0126,0.2326,0.00759999999999999,0.2801,0.0201,0.3951,0.0800999999999998
LP_1981,0.17135,0.00424578098794424,0.531185,0.013161921062627143,0.67,,0.28635,0.0022650635094611,0.1751,0.0001,0.2701,0.0001,0.3851,0.00510000000000001,0.5526,0.0026
LP_1987,0.23885,0.00424578098794425,0.7404350000000001,0.013161921062627176,0.99,,0.38635,0.00424578098794425,0.1701,0.0001,0.3151,0.00510000000000001,0.4676,0.00259999999999997,0.6926,0.0026
LP_1989,0.14635,0.00554862367942584,0.45368500000000006,0.017200733406220105,0.85,,0.2451,0.0001,0.1226,0.0026,0.1951,0.0001,0.2976,0.0126,0.4476,0.00760000000000001
LP_1994,0.3876,0.0176,1.20156,0.054560000000000004,1.48,,0.4976,0.0249746859276655,0.3151,0.0101,0.5451,0.0151,0.7651,0.0501,1.1326,0.1076
LP_2000,0.4886,0.00636498204307084,1.51466,0.019731444333519605,1.74100272,0.02899728,0.66885,0.115500119150719,0.3801,0.0001,0.7401,0.0201,0.9001,0.1301,1.4501,0.0550999999999999
LP_201,0.0226,0.0179535710713571,0.07006,0.05565607032120701,1.9,,0.21885,0.0139631706330118,0.3101,0.0101,0.3351,0.0251,0.3851,0.0651000000000001,0.4726,0.1126
LP_2036,0.4451,0.0227384628453435,1.37981,0.07048923482056485,1.91439899,0.31560101,0.6826,0.0390711431702997,0.0001,0.0001,0.1351,0.0101,0.4226,0.0426000000000004,0.8126,0.0276
LP_204,0.3276,0.00569016994374948,1.01556,0.017639526825623388,1.19834464,0.22165536,0.5576,0.0109972473588517,0.1801,0.00510000000000001,0.4026,0.0126,0.6201,0.0151,0.9326,0.0426
LP_2059,0.1176,0.0026,0.36456,0.00806,,,0.25135,0.0152554445662277,0.0526,0.0026,0.1401,0.0101,0.2351,0.0251,0.3726,0.0426000000000001
LP_2068,0.1326,0.0202556443707463,0.41106,0.06279249754931354,2.465035205,0.0449647949999998,0.3601,0.0101,0.3151,0.0001,0.4126,0.0326,0.5126,0.0626,0.7026,0.1126
LP_2094,0.21635,0.0022650635094611,0.670685,0.00702169687932941,0.75,,0.36635,0.0065951905283833,0.1726,0.00259999999999999,0.3126,0.00760000000000001,0.4576,0.00760000000000001,0.6726,0.0176
LP_2100,0.5851,0.00510000000000001,1.81381,0.015810000000000032,,,0.93635,0.00659519052838325,0.3376,0.0126,0.7651,0.0301,1.1226,0.0326,1.6701,0.0651000000000001
LP_2106,0.42135,0.022001769334919,1.3061850000000002,0.0682054849382489,3.674120885,0.035879115,0.7776,0.0044301270189222,0.1751,0.0101,0.5226,0.00760000000000001,0.8526,0.0576,1.2251,0.0851000000000001
LP_2113,0.1176,0.0193028643696715,0.36456,0.05983887954598165,3.007323205,0.362676795000001,0.37635,0.00554862367942585,0.3751,0.00510000000000001,0.4551,0.0251,0.5901,0.0551,0.7626,0.117600000000001
LP_2139,0.3651,0.0170558249578132,1.13181,0.052873057369220926,1.63,,0.60635,0.0114880419739304,0.3001,0.0151,0.5601,0.00509999999999995,0.8426,0.00760000000000001,1.1226,0.0776
LP_2143,0.28635,0.0120242400177118,0.8876850000000001,0.03727514405490658,0.82,,0.4551,0.0174205080756888,0.2351,0.0001,0.4126,0.00759999999999998,0.6051,0.0001,0.8851,0.0001
LP_2156,0.39385,0.0211282548015759,1.2209349999999999,0.06549758988488528,2.431102505,0.0488974950000001,0.65385,0.0109253175473055,0.4751,0.0001,0.7776,0.0226,1.0351,0.0451,1.3876,0.0726
LP_2161,0.3651,0.0260807621135332,1.13181,0.08085036255195292,3.50051583,0.14948417,0.68135,0.0271127284812179,0.2101,0.00510000000000001,0.5051,0.0401,0.7201,0.0251,1.0801,0.0901
LP_2178,0.5301,0.0001,1.64331,0.00031,,,0.80635,0.0412362066797608,0.3476,0.0226,0.7551,0.0451,1.0701,0.0551000000000001,1.5601,0.0751
LP_2198,0.2901,0.0753495847164621,0.89931,0.2335837126210325,0.69,,0.33635,0.0139631706330118,0.2051,0.0001,0.3601,0.00510000000000001,0.5051,0.00510000000000001,0.7301,0.0101
LP_220,0.4901,0.012847548783982,1.51931,0.0398274012303442,2.165620295,0.105620295,0.2651,0.00622372435695795,0.2526,0.0126,0.4376,0.1226,0.6651,0.2451,0.9851,0.4001
LP_2216,0.1476,0.00569016994374947,0.45756,0.017639526825623357,0.71,,0.2851,0.0301000000000002,0.1126,0.0126,0.2276,0.0426,0.3651,0.0551,0.5076,0.0576000000000006
LP_2219,0.3301,0.0107066017177982,1.02331,0.033190465325174424,1.300639655,0.0693603450000001,0.52135,0.0239156986040721,0.2301,0.0001,0.4576,0.00760000000000001,0.6976,0.0226,0.9601,0.0101
LP_2220,0.24885,0.00554862367942585,0.771435,0.017200733406220133,0.89,,0.3726,0.0126,0.1826,0.0026,0.3426,0.00759999999999998,0.4901,0.0151,0.7201,0.0201
LP_2236,0.33635,0.00902678553567854,1.042685,0.027983035160603475,1.42238452,0.00238452,0.51635,0.00902678553567857,0.2926,0.0026,0.5276,0.0026,0.7551,0.0001,1.0726,0.00760000000000006
LP_2238,0.1026,0.0026,0.31806,0.00806,0.38,,0.1701,0.0001,0.0826,0.0026,0.1351,0.00510000000000001,0.2101,0.00510000000000001,0.3126,0.0026
LP_2253,0.4126,0.0249746859276655,1.27906,0.07742152637576305,1.58,,0.66135,0.0205251682979602,0.3176,0.0026,0.6051,0.0251,0.9426,0.0226,1.2176,0.0676
LP_2287,0.15635,0.00424578098794425,0.484685,0.013161921062627176,0.786294255,0.123705745,0.28385,0.0109253175473055,0.1126,0.0026,0.2226,0.0126,0.3401,0.0201,0.4826,0.0426
LP_2290,0.0976,0.0026,0.30256000000000005,0.00806,0.26357942,0.06642058,0.17385,0.00424578098794424,0.0751,0.0001,0.1326,0.0026,0.2076,0.0026,0.3101,0.0151
LP_2293,0.3901,0.0188082869338697,1.20931,0.05830568949499607,1.591318575,0.278681425,0.62385,0.0139631706330118,0.2651,0.0001,0.5326,0.00760000000000001,0.8076,0.0126,1.1251,0.0450999999999999
LP_2309,0.25635,0.00749509972887453,0.7946850000000001,0.023234809159511045,0.71,,0.3826,0.0161078105935821,0.2076,0.0026,0.3651,0.00510000000000001,0.5226,0.0026,0.7551,0.0201
LP_2312,0.47635,0.00554862367942585,1.476685,0.017200733406220133,2.00709447,0.17290553,0.5476,0.117013429510899,0.3026,0.0026,0.5401,0.0850999999999999,0.8101,0.1351,1.1476,0.212600000000001
LP_2339,0.81335,0.00693282518435818,2.521385,0.02149175807151036,2.873847085,0.0361529150000002,1.13635,0.0125373429638327,0.5151,0.0101,1.1001,0.00510000000000001,1.5766,0.0486,2.2426,0.00259999999999995
LP_2377,0.2451,0.00363553390593274,0.7598100000000001,0.011270155108391494,2.83935074,0.12935074,0.42635,0.0297595262942617,0.2076,0.00759999999999999,0.4101,0.0301,0.6001,0.0501,0.8176,0.0676
LP_2383,0.09385,0.0022650635094611,0.290935,0.00702169687932941,0.42,,0.1526,0.0026,0.0401,0.0001,0.0951,0.0001,0.1551,0.0001,0.2476,0.0026
LP_2389,0.1476,0.0026,0.45756,0.00806,0.480831715,0.209168285,0.2401,0.0001,0.0476,0.0026,0.1426,0.00259999999999999,0.2451,0.00510000000000001,0.3751,0.0101
LP_253,0.83135,0.0144069039278245,2.577185,0.04466140217625595,3.45,,1.2451,0.0184711730708738,0.3951,0.0101,1.0051,0.0101,1.6201,0.0100999999999999,2.2676,0.0275999999999999
LP_279,0.75635,0.00829679815537751,2.344685,0.025720074281670283,3.361535685,0.298464315,1.20385,0.00659519052838334,0.3976,0.0276,0.9401,0.0351,1.4951,0.0251,2.1351,0.0400999999999998
LP_282,1.20385,0.0144069039278245,3.7319350000000004,0.04466140217625595,4.13,,1.7826,0.0214600093632938,0.8576,0.0026,1.8426,0.00760000000000006,2.7601,0.0101,3.6151,0.0200999999999998
LP_288,0.5151,0.00717106781186548,1.59681,0.022230310216782987,2.25,,0.79885,0.0109253175473055,0.3426,0.00759999999999998,0.6851,0.0001,1.0326,0.0126,1.5026,0.0126
LP_289,0.2201,0.016683123951777,0.68231,0.0517176842505087,3.842532515,0.092532515,0.4551,0.0087602540378444,0.3251,0.0001,0.4801,0.0101,0.6551,0.0401,0.8851,0.0651
LP_290,0.60385,0.00554862367942585,1.8719350000000001,0.017200733406220133,3.886958455,0.313041545,0.5726,0.0226,0.2126,0.00760000000000001,0.5516,0.0715999999999999,0.8526,0.1676,1.3016,0.2266
LP_332,0.5176,0.0208665596572952,1.60456,0.06468633493761512,4.022589155,0.132589155,0.8676,0.0189745860881769,0.2401,0.0101,0.6651,0.0401,1.0151,0.0551000000000001,1.4651,0.1151
LP_341,0.52635,0.0135047566184545,1.631685,0.04186474551720895,1.94082274,0.0208227400000001,0.7676,0.0304108891324553,0.2401,0.0101,0.5776,0.0426,0.9401,0.0351,1.3926,0.1076
LP_344,0.17635,0.026645950726994,0.5466850000000001,0.0826024472536814,2.571362515,0.0313625150000001,0.9026,0.0104077640640442,0.2426,0.0426,0.5001,0.1851,0.7526,0.3526,1.0751,0.5251
LP_368,0.41135,0.00424578098794423,1.275185,0.013161921062627114,1.11278012,0.37721988,0.6401,0.0001,0.2726,0.0026,0.5126,0.00760000000000001,0.7576,0.0176,1.1626,0.0176
LP_373,0.24635,0.0022650635094611,0.7636850000000001,0.00702169687932941,0.753391535,0.276608465,0.4051,0.00876025403784437,0.1501,0.00510000000000001,0.2901,0.00510000000000001,0.4251,0.0201,0.7101,0.0151
LP_403,0.3651,0.00800569415042095,1.13181,0.024817651866304948,,,0.56135,0.0109253175473054,0.1326,0.0026,0.3526,0.0126,0.6151,0.0251,0.9551,0.0600999999999999
LP_434,0.44635,0.0222852991866236,1.383685,0.06908442747853316,4.051021865,0.191021865,1.5126,0.0278263412660236,0.4276,0.1126,0.9976,0.3426,1.5451,0.5951,2.0876,0.7526
LP_438,0.1651,0.0290395922569755,0.51181,0.09002273599662405,3.2,,0.53385,0.0313999600638723,0.3001,0.0151,0.4851,0.0800999999999999,0.6151,0.1001,0.8901,0.2451
LP_449,0.42635,0.0065951905283833,1.321685,0.02044509063798823,2.1530196,0.3969804,0.6351,0.014242135623731,0.1026,0.0326,0.3776,0.0226,0.6551,0.0151,1.0576,0.0626000000000001
LP_452,0.1376,0.0126,0.42656,0.039060000000000004,2.920625625,0.329374375,0.34885,0.0022650635094611,0.1826,0.0026,0.2726,0.0126,0.4026,0.0376,0.5826,0.0526
LP_458,0.3651,0.0260807621135332,1.13181,0.08085036255195292,3.50051583,0.14948417,0.68135,0.0271127284812179,0.2101,0.00510000000000001,0.5051,0.0401,0.7201,0.0251,1.0801,0.0901
LP_486,0.5326,0.00911387818865998,1.65106,0.02825302238484594,2.50738705,0.0126129500000001,0.8276,0.00760000000000001,0.1151,0.0051,0.4726,0.0126,0.8426,0.0276,1.3201,0.0351
LP_488,0.7226,0.0044301270189222,2.24006,0.01373339375865882,2.573027995,0.0130279950000001,1.0876,0.0284945417290013,0.3676,0.0026,0.9026,0.0226,1.4046,0.0706,1.9801,0.0300999999999999
LP_497,0.6126,0.00839156197588851,1.8990600000000002,0.02601384212525438,2.2881259,0.1418741,0.9476,0.0044301270189222,0.3751,0.0001,0.8101,0.00509999999999995,1.2026,0.0126000000000001,1.7401,0.0301
LP_502,0.88285,0.0110630059746404,2.736835,0.03429531852138524,3.65433017,0.0843301700000001,1.3776,0.127010401464971,0.1976,0.0126,0.8801,0.0151,1.8946,0.320600000000001,2.2276,0.0426
LP_503,0.8551,0.0170558249578132,2.65081,0.052873057369220926,3.205380555,0.0346194450000001,1.2451,0.0184711730708738,0.3926,0.0026,1.0101,0.0301,1.6076,0.0476,2.3076,0.0875999999999999
LP_506,0.62885,0.00749509972887453,1.949435,0.023234809159511045,2.510840205,0.169159795,0.91385,0.0065951905283833,0.3826,0.0026,0.8026,0.00760000000000001,1.2226,0.0226000000000001,1.7376,0.0326
LP_511,0.2401,0.0174205080756888,0.74431,0.05400357503463528,2.73275768,0.12275768,0.56135,0.046383771453934,0.2051,0.00509999999999999,0.4276,0.0676000000000001,0.5701,0.0650999999999994,0.9701,0.1301
LP_518,0.72885,0.0135047566184545,2.259435,0.04186474551720895,2.670200475,0.030200475,1.1626,0.119917569663217,0.2451,0.0001,0.7626,0.0026,1.6551,0.3751,1.8376,0.0176
LP_525,0.59385,0.0202168461742889,1.840935,0.0626722231402956,2.52490937,0.28490937,0.9701,0.0174205080756888,0.1751,0.00509999999999999,0.5851,0.00510000000000001,1.0251,0.0151,1.5926,0.0226
LP_532,0.54635,0.00424578098794425,1.693685,0.013161921062627176,1.601636615,0.0416366149999999,0.8376,0.0109972473588517,0.3376,0.0226,0.7101,0.0401,1.0476,0.0476,1.5501,0.0401
LP_533,0.3701,0.0224606797749979,1.14731,0.0696281073024935,3.023129705,0.143129705,0.78385,0.0256868618630734,0.0401,0.0051,0.3426,0.0226,0.6276,0.0526000000000001,1.0601,0.1051
LP_546,0.50385,0.0065951905283833,1.561935,0.02044509063798823,2.00912191,0.0208780899999999,0.7751,0.00622372435695795,0.2326,0.00259999999999999,0.5576,0.00759999999999995,0.8901,0.0101,1.3501,0.0300999999999999
LP_566,0.68635,0.0144069039278245,2.127685,0.04466140217625595,1.65,,0.1306,0.0265244205234476,0.1926,0.1926,0.4401,0.4401,0.6676,0.6676,0.9451,0.9451
LP_589,0.10635,0.0109253175473056,0.329685,0.033868484396647365,,,0.2301,0.0001,0.0876,0.0026,0.1551,0.0101,0.2426,0.0126,0.3476,0.0475999999999999
LP_613,0.59135,0.0168238602003246,1.8331850000000003,0.05215396662100626,2.19791512,0.10791512,0.89885,0.0022650635094611,0.0151,0.0101,0.4151,0.0001,0.8126,0.0526,1.3576,0.0426
LP_665,0.3551,0.0184711730708738,1.10081,0.05726063651970878,1.02129827,0.06129827,0.3751,0.0260807621135332,0.2401,0.0151,0.4251,0.0251,0.6241,0.0640999999999999,0.9101,0.1451
LP_676,0.25135,0.00829679815537751,0.7791850000000001,0.025720074281670283,0.67668307,0.25331693,0.28885,0.0156623744974859,0.1426,0.0126,0.2551,0.0601000000000001,0.4076,0.0776000000000001,0.6151,0.1201
LP_692,0.38885,0.0135047566184545,1.205435,0.04186474551720895,2.0,,0.6476,0.0247221445044903,0.2076,0.00759999999999999,0.4776,0.0026,0.7626,0.0026,1.1126,0.0276
LP_714,0.37135,0.0769419644465183,1.1511850000000001,0.23852008978420672,1.801051055,0.041051055,0.5376,0.0284945417290014,0.3726,0.0026,0.6226,0.0126,0.7901,0.0401,1.2776,0.1076
LP_733,0.34635,0.0239156986040721,1.073685,0.07413866567262352,1.178701445,0.161298555,0.53635,0.0199037243971936,0.2076,0.0026,0.4476,0.00760000000000001,0.6676,0.0026,0.9501,0.0301
LP_780,0.5201,0.00800569415042095,1.6123100000000001,0.024817651866304948,1.996994605,0.113005395,0.77635,0.00829679815537751,0.1876,0.00760000000000001,0.5176,0.0276,0.8576,0.0226,1.3351,0.0751
LP_782,0.38635,0.00749509972887453,1.197685,0.023234809159511045,1.60632658,0.203673419999999,0.5401,0.0087602540378444,0.1626,0.0126,0.3851,0.0151,0.6501,0.0251,0.9826,0.0776
LP_826,0.20885,0.00902678553567856,0.6474350000000001,0.027983035160603534,1.55,,0.41635,0.0195855715851499,0.2801,0.00509999999999998,0.4001,0.0001,0.5501,0.00510000000000001,0.8126,0.00259999999999995
LP_859,0.23135,0.0164458710382775,0.7171850000000001,0.050982200218660255,3.307721315,0.057721315,0.5901,0.0201,0.2301,0.0101,0.4426,0.0475999999999999,0.6226,0.0626,0.9501,0.1501
LP_860,0.20085,0.00594700778176324,0.622635,0.018435724123466044,1.37314021,0.176859790000001,0.37885,0.0282458256229943,0.3251,0.00510000000000001,0.4726,0.0326,0.5876,0.0026,0.8031,0.0971000000000006
LP_861,0.3351,0.00363553390593274,1.03881,0.011270155108391494,1.296398675,0.273601325,0.5426,0.0130903810567666,0.2701,0.0151,0.5076,0.0126,0.7176,0.0026,1.0526,0.0176000000000001
LP_869,0.31135,0.0241767003553228,0.9651850000000001,0.0749477711015007,3.446619215,0.0533807850000001,0.66135,0.0139631706330118,0.2951,0.0151,0.5576,0.0626,0.7951,0.1101,1.1201,0.1751
LP_884,0.5276,0.00839156197588851,1.63556,0.02601384212525438,1.873480235,0.00651976499999996,0.7976,0.0044301270189222,0.1026,0.0026,0.4651,0.00509999999999998,0.7951,0.0301,1.2926,0.0326
LP_888,0.5926,0.0148901994577491,1.8370600000000001,0.04615961831902221,1.86470586,0.00529414000000006,0.87135,0.0246903944661325,0.3451,0.0151,0.7576,0.0026,1.1501,0.0151,1.6076,0.0276
LP_921,0.6351,0.00363553390593274,1.96881,0.011270155108391494,2.305708195,0.124291805,0.95135,0.0125373429638327,0.3376,0.0026,0.7776,0.0126,1.1926,0.0376,1.7226,0.0176
LP_935,0.3251,0.00363553390593274,1.00781,0.011270155108391494,1.19012766,0.159872340000001,0.50385,0.00554862367942585,0.1901,0.0001,0.3876,0.0026,0.5876,0.0026,0.8901,0.0001
LP_942,0.0226,0.0179535710713571,0.07006,0.05565607032120701,1.9,,0.21885,0.0139631706330118,0.3101,0.0101,0.3351,0.0251,0.3851,0.0651000000000001,0.4726,0.1126
LP_944,0.3751,0.00622372435695795,1.16281,0.019293545506569646,1.256090285,0.186090285000001,0.6376,0.0109972473588517,0.2426,0.0026,0.4901,0.00510000000000001,0.7451,0.0201,1.1001,0.0300999999999999
LP_947,0.2651,0.00622372435695795,0.82181,0.019293545506569646,,,0.3301,0.0001,0.2301,0.00509999999999999,0.3801,0.0301,0.5551,0.0451,0.7351,0.0551
LP_951,0.2926,0.0104077640640442,0.9070600000000001,0.032264068598537025,1.1,,0.4851,0.00717106781186548,0.2276,0.0026,0.4151,0.0101,0.6226,0.0026,0.8801,0.0301
LP_953,0.3376,0.0115564392373896,1.0465600000000002,0.03582496163590776,1.12334445,0.18665555,0.5051,0.0001,0.1426,0.0126,0.3351,0.0251,0.5401,0.0451,0.9051,0.0901
LP_965,0.3201,0.00363553390593274,0.99231,0.011270155108391494,1.35,,0.5301,0.00510000000000001,0.2376,0.0126,0.4301,0.00510000000000001,0.6401,0.00510000000000001,0.9651,0.0201
LP_967,0.32385,0.0022650635094611,1.003935,0.00702169687932941,1.25,,0.5326,0.0026,0.2526,0.0126,0.4551,0.0151,0.6576,0.0276,0.9676,0.0326
LP_977,0.6201,0.0155110350074225,1.92231,0.04808420852300975,2.282878485,0.147121515,0.8976,0.0333603367391252,0.4176,0.0026,0.8426,0.0176,1.3076,0.0126000000000001,1.7726,0.0676
La_Serena_139,0.3051,0.0151,0.9458099999999999,0.046810000000000004,2.4,,0.98135,0.0125373429638328,0.2976,0.00760000000000001,0.5926,0.0776000000000003,0.9226,0.1976,1.3906,0.3246
La_Serena_343,0.1751,0.0174205080756888,0.54281,0.05400357503463528,0.485135145,0.264864855,0.20885,0.0130301005409858,0.1126,0.0176,0.2151,0.0550999999999999,0.2426,0.0226,0.4476,0.0826000000000001
La_Serena_409,0.1651,0.0290395922569755,0.51181,0.09002273599662405,3.2,,0.53385,0.0313999600638723,0.3001,0.0151,0.4851,0.0800999999999999,0.6151,0.1001,0.8901,0.2451
La_Serena_42,0.7126,0.047862432936357,2.20906,0.1483735421027067,2.557778235,0.182221765,0.9576,0.0130903810567665,0.3051,0.0101,0.8226,0.1026,1.2776,0.147600000000001,1.8801,0.195100000000001
LeD-Kn_2,1.00135,0.0246903944661325,3.104185,0.07654022284501076,3.90932798,0.16932798,1.40135,0.0164458710382775,0.4626,0.0026,1.2501,0.00509999999999989,1.9041,0.0340999999999999,2.6701,0.0101
LeDrew_6,0.05885,0.0022650635094611,0.182435,0.00702169687932941,0.249707675,0.150292325,0.0976,0.00569016994374948,0.0201,0.0051,0.0576,0.0076,0.0826,0.0076,0.1526,0.00760000000000001
Lin-Chen_71,0.3976,0.00911387818865996,1.23256,0.028253022384845877,1.554795025,0.00520497500000006,0.6051,0.0001,0.2326,0.00259999999999999,0.4651,0.0151,0.7226,0.0376,1.0926,0.0326
Loden_112,0.1251,0.0177776695296637,0.38781,0.05511077554195747,1.646041925,0.0260419249999999,0.3351,0.0001,0.3326,0.0026,0.4326,0.0276,0.5376,0.0675999999999999,0.6876,0.1126
Loden_1256,0.52135,0.0120242400177118,1.616185,0.03727514405490658,1.78326699,0.27673301,0.80135,0.0065951905283833,0.3551,0.00510000000000001,0.7251,0.0101,1.0526,0.0326,1.5126,0.00760000000000006
Loden_153,0.2401,0.00363553390593274,0.74431,0.011270155108391494,0.859859525,0.110140475,0.4001,0.00363553390593274,0.1726,0.00259999999999999,0.3126,0.00760000000000001,0.4726,0.0126,0.7176,0.0126
Loden_282,0.21385,0.00424578098794425,0.662935,0.013161921062627176,0.80244894,0.03755106,0.3551,0.0174205080756888,0.1651,0.00510000000000001,0.3101,0.0101,0.4501,0.00510000000000001,0.6551,0.0301
Loden_372,0.2726,0.0104077640640441,0.84506,0.03226406859853671,0.979609735,0.100390265,0.4201,0.0118260393995586,0.1926,0.0026,0.3601,0.00510000000000001,0.5726,0.0026,0.7826,0.0026
Loden_733,0.2226,0.00569016994374948,0.69006,0.017639526825623388,0.72949252,0.0905074799999995,0.3751,0.0087602540378444,0.1576,0.0026,0.3076,0.00760000000000001,0.4426,0.00760000000000001,0.6726,0.0226
Luginbuhl-Skiff_1,0.1451,0.0439748219369606,0.44981000000000004,0.13632194800457786,1.769356445,0.0806435550000001,0.5376,0.0176,0.2151,0.0151,0.3701,0.0351,0.5051,0.0800999999999998,0.7226,0.2376
Lynga_1,0.4576,0.0104077640640441,1.41856,0.03226406859853671,1.515305805,0.225305804999999,0.72635,0.0152554445662277,0.3126,0.0026,0.6426,0.0026,0.9501,0.00510000000000001,1.3401,0.0351
Lynga_14,0.49135,0.0254414186658916,1.523185,0.07886839786426396,3.506808845,0.0531911549999999,0.8551,0.0248487373415292,0.1201,0.0001,0.4851,0.0001,0.8276,0.0226,1.3176,0.0226000000000001
Lynga_2,0.2351,0.00363553390593273,0.7288100000000001,0.011270155108391463,0.752057325,0.017942675,0.3851,0.00363553390593274,0.1651,0.0001,0.3176,0.00760000000000001,0.4651,0.0101,0.6951,0.0151
Lynga_5,1.12385,0.0256868618630734,3.4839350000000002,0.07962927177552755,4.326113655,0.073886345,1.4151,0.271577439209964,0.7651,0.0101,1.6476,0.0276,2.4351,0.0401,3.2526,0.0675999999999999
Lynga_6,0.44635,0.0222852991866236,1.383685,0.06908442747853316,4.051021865,0.191021865,1.5126,0.0278263412660236,0.4276,0.1126,0.9976,0.3426,1.5451,0.5951,2.0876,0.7526
Lynga_7,0.7701,0.012847548783982,2.3873100000000003,0.0398274012303442,3.2,,1.06635,0.0264094564748115,0.0001,0.0001,0.4401,0.0201,0.9626,0.0276,1.5126,0.0526
Lynga_8,0.1976,0.0228760839478606,0.61256,0.07091586023836786,,,0.4701,0.00509999999999998,0.1176,0.0026,0.2776,0.0126,0.4351,0.0600999999999999,0.6601,0.1051
Lynga_9,0.7701,0.0137930639376292,2.3873100000000003,0.04275849820665052,3.15,,1.1426,0.0109972473588517,0.4401,0.0001,0.9876,0.00760000000000001,1.5276,0.0226000000000001,2.1676,0.0475999999999999
M_103,0.4101,0.00717106781186546,1.2713100000000002,0.022230310216782928,1.43498806,0.14501194,0.6226,0.00760000000000001,0.2576,0.0026,0.5251,0.00510000000000001,0.7776,0.0026,1.1451,0.0101
M_107,0.51885,0.0130301005409858,1.608435,0.04039331167705598,1.34,0.0,0.84635,0.0416895118990353,0.3126,0.00760000000000001,0.6701,0.00510000000000001,1.0501,0.0101,1.5326,0.00760000000000006
M_11,0.38885,0.00749509972887453,1.205435,0.023234809159511045,1.49266263,0.177337370000001,0.6301,0.0213132034355964,0.2701,0.00510000000000001,0.5301,0.0101,0.8051,0.0351,1.1376,0.0376
M_12,0.16885,0.00659519052838328,0.523435,0.02044509063798817,1.29,0.0,0.3176,0.0104077640640442,0.0001,0.0001,0.0826,0.0426,0.2126,0.0176,0.4126,0.0376
M_16,0.58135,0.0022650635094611,1.8021850000000001,0.00702169687932941,2.58894845,0.08105155,0.8951,0.0001,0.1126,0.0426,0.5051,0.0800999999999998,0.8976,0.0976000000000008,1.4401,0.1201
M_17,0.8316,0.0129160056179763,2.57796,0.04003961741572653,3.0424095,0.00240949999999995,1.24885,0.0097014321848357,0.2876,0.00759999999999998,0.9051,0.0151,1.4776,0.0126,2.1851,0.0501000000000001
M_18,0.3951,0.00717106781186548,1.22481,0.022230310216782987,1.499768515,0.0402314850000001,0.63135,0.0160589316685046,0.2651,0.0001,0.5351,0.0001,0.8051,0.00510000000000001,1.1601,0.0101
M_19,0.03385,0.00424578098794425,0.104935,0.013161921062627176,0.34551992,0.24448008,0.09135,0.00970143218483559,0.0001,0.0001,0.0026,0.0026,0.0076,0.0026,0.0676,0.0026
M_2,0.0501,0.00876025403784436,0.15531,0.027156787517317517,,,0.4301,0.0001,0.0001,0.0001,0.0001,0.0001,0.0001,0.0001,0.0001,0.0001
M_20,0.6951,0.00945414346693483,2.1548100000000003,0.029307844747497973,2.588414245,0.151585755,1.0951,0.0260807621135331,0.4851,0.0251,0.9826,0.0226,1.5126,0.0676,2.0401,0.0450999999999999
M_21,0.23885,0.00424578098794425,0.7404350000000001,0.013161921062627176,0.890199325,0.0898006749999999,0.39385,0.0109253175473055,0.1976,0.0026,0.3576,0.00760000000000001,0.5151,0.0001,0.7426,0.0226
M_22,0.21385,0.0192621371459449,0.662935,0.05971262515242919,1.55,,0.53885,0.00749509972887453,0.0301,0.0301,0.2226,0.0676000000000001,0.4151,0.1251,0.6626,0.1926
M_23,0.33135,0.00554862367942585,1.027185,0.017200733406220133,1.380012425,0.249987575000001,0.5101,0.0263202212042538,0.2601,0.0001,0.4826,0.0026,0.6826,0.0376,1.0026,0.0126
M_25,0.3401,0.00622372435695793,1.05431,0.019293545506569584,1.360669935,0.000669934999999899,0.5876,0.0236849528301415,0.2451,0.00510000000000001,0.5026,0.0376,0.7551,0.0551000000000001,1.0526,0.0726
M_29,0.6751,0.0163018517460196,2.09281,0.05053574041266076,2.92556178,0.0644382200000002,1.05885,0.140873532668609,0.4376,0.0026,0.9351,0.0101,1.6251,0.2451,1.9251,0.0151
M_3,0.13135,0.0195855715851499,0.407185,0.06071527191396469,0.34,0.0,0.2251,0.0245948974278318,0.0001,0.0001,0.0001,0.0001,0.0276,0.0026,0.1951,0.0401
M_34,0.0851,0.0001,0.26381,0.00031,0.256746365,0.113253635,0.1326,0.0044301270189222,0.0601,0.0051,0.1051,0.0051,0.1576,0.0026,0.2376,0.00759999999999999
M_35,0.20135,0.00424578098794424,0.624185,0.013161921062627143,0.64149247,0.04850753,0.33135,0.0022650635094611,0.1501,0.00510000000000001,0.2876,0.00759999999999998,0.4251,0.0101,0.6001,0.0251
M_36,0.21885,0.00424578098794425,0.678435,0.013161921062627176,0.78207263,0.01207263,0.3576,0.00760000000000001,0.1551,0.0001,0.3051,0.0101,0.4551,0.0101,0.6476,0.0276
M_37,0.25885,0.00424578098794425,0.8024350000000001,0.013161921062627176,0.75416178,0.13583822,0.37635,0.0130301005409858,0.2051,0.0001,0.3651,0.00510000000000001,0.5151,0.0201,0.7476,0.00760000000000001
M_38,0.25385,0.00424578098794425,0.786935,0.013161921062627176,0.78964834,0.06035166,0.41135,0.00970143218483574,0.1876,0.0026,0.3601,0.0101,0.5351,0.0151,0.7576,0.0276
M_39,0.0476,0.00569016994374947,0.14756000000000002,0.017639526825623357,0.98,,0.1126,0.0044301270189222,0.0026,0.0026,0.0201,0.0051,0.0676,0.0026,0.1251,0.0151000000000001
M_41,0.0551,0.0051,0.17081000000000002,0.01581,0.07788879,0.00788879,0.09885,0.0022650635094611,0.0251,0.0051,0.0601,0.0051,0.1026,0.0026,0.1451,0.0200999999999999
M_42,0.1051,0.0001,0.32581,0.00031,0.75480823,0.24519177,0.2426,0.0104077640640442,0.0926,0.0376,0.1726,0.0526000000000001,0.2551,0.0651000000000001,0.4176,0.1076
M_44,0.07135,0.0114880419739303,0.221185,0.035612930119183935,0.37934808,0.22065192,0.05135,0.00902678553567856,0.0476,0.0026,0.0576,0.0176,0.0876,0.0426,0.1676,0.0776
M_46,0.1401,0.00622372435695794,0.43431000000000003,0.019293545506569615,0.38584543,0.11415457,0.2426,0.0044301270189222,0.1301,0.0001,0.2151,0.0001,0.3176,0.00760000000000001,0.4376,0.0226
M_47,0.0876,0.00569016994374947,0.27156,0.017639526825623357,0.33951346,0.18048654,0.1626,0.0026,0.0676,0.0076,0.1301,0.0101,0.1876,0.0126,0.2676,0.0376
M_5,0.05135,0.0022650635094611,0.159185,0.00702169687932941,6.04637599,0.0,0.06885,0.00659519052838329,0.0076,0.0026,0.0226,0.0076,0.0451,0.0301,0.0976,0.0376
M_52,0.60135,0.00554862367942585,1.8641850000000002,0.017200733406220133,1.9699158,0.0200842,0.91885,0.0195855715851499,0.3751,0.00510000000000001,0.7951,0.00510000000000001,1.2001,0.0201,1.7126,0.00759999999999995
M_55,0.1576,0.0044301270189222,0.48856,0.01373339375865882,1.13,0.0,0.3301,0.0087602540378444,0.0001,0.0001,0.1376,0.0175999999999999,0.3001,0.0201,0.4701,0.0201
M_6,0.14635,0.00424578098794424,0.45368500000000006,0.013161921062627143,0.96249141,0.58750859,0.2626,0.0026,0.1001,0.0051,0.2026,0.0126,0.3051,0.0151,0.4426,0.0376
M_67,0.08135,0.0022650635094611,0.25218500000000005,0.00702169687932941,,,0.09135,0.0022650635094611,0.0576,0.0026,0.0876,0.0126,0.1376,0.0175999999999999,0.1951,0.0301
M_68,0.1401,0.0118260393995586,0.43431000000000003,0.03666072213863166,0.02,0.0,0.2851,0.0210165006633519,0.0001,0.0001,0.0076,0.0076,0.1251,0.0351,0.2951,0.0300999999999997
M_7,0.10385,0.00424578098794425,0.321935,0.013161921062627176,0.57911401,0.37088599,0.1551,0.00363553390593274,0.0526,0.0026,0.1101,0.00510000000000001,0.1701,0.0101,0.2776,0.0176
M_71,0.2151,0.00717106781186548,0.66681,0.022230310216782987,0.663541195,0.103541194999999,0.35385,0.00970143218483577,0.1201,0.0101,0.2626,0.0126,0.4301,0.0201,0.6101,0.0151
M_8,0.24885,0.0208289049397213,0.771435,0.06456960531313603,1.48810038,0.01189962,0.4376,0.0747240577829964,0.0401,0.0401,0.2526,0.0276,0.4576,0.0276,0.3376,0.2076
M_80,0.21635,0.00970143218483577,0.670685,0.030074439772990885,0.28,0.0,0.41385,0.0125373429638327,0.0726,0.0026,0.2651,0.0101,0.3976,0.0276,0.6776,0.0226
MLG_1,0.2201,0.00510000000000001,0.68231,0.015810000000000032,1.134393785,0.065606215,0.38385,0.0109253175473055,0.1476,0.0026,0.3101,0.0001,0.4451,0.0101,0.6926,0.00759999999999995
MQI_Cl_49.3,0.7076,0.0044301270189222,2.19356,0.01373339375865882,2.24093916,0.17906084,0.99385,0.0109253175473055,0.4951,0.0201,0.9751,0.00510000000000001,1.4001,0.0151,1.9726,0.00759999999999995
Majaess_107,0.3801,0.0213132034355964,1.17831,0.06607093065034884,3.09730848,0.0473084800000001,0.71635,0.023915698604072,0.0076,0.0026,0.3151,0.0301,0.5576,0.0176,0.9751,0.1001
Majaess_151,0.39635,0.0132029576813787,1.228685,0.04092916881227397,3.35595242,0.15595242,0.82385,0.153819509171738,0.3211,0.0440999999999999,0.4586,0.0036,0.8151,0.00509999999999995,1.2376,0.00259999999999995
Majaess_90,0.12885,0.0082967981553775,0.399435,0.025720074281670252,0.86808024,0.43191976,0.2251,0.0001,0.0326,0.0026,0.1026,0.0125999999999999,0.1976,0.00759999999999999,0.3601,0.0251
Majaess_99,0.4376,0.021750635094611,1.35656,0.0674269687932941,1.54952448,0.13047552,0.64635,0.0152554445662277,0.2976,0.00760000000000001,0.6176,0.0176,0.8776,0.0226,1.2851,0.0301
Mamajek_10,0.12635,0.00749509972887452,0.391685,0.02323480915951101,0.73624722,0.26375278,0.2126,0.0044301270189222,0.0951,0.0001,0.1726,0.00259999999999999,0.2576,0.0176,0.3501,0.0301
Mamajek_11,0.1076,0.0161078105935821,0.33356,0.04993421284010451,0.72,,0.22135,0.0325759526419164,0.0451,0.0101,0.1501,0.0101,0.2226,0.0426,0.3301,0.0701
Mamajek_13,0.68635,0.0144069039278245,2.127685,0.04466140217625595,1.65,,0.1306,0.0265244205234476,0.1926,0.1926,0.4401,0.4401,0.6676,0.6676,0.9451,0.9451
Mamajek_18,0.6351,0.0001,1.96881,0.00031,1.88966925,0.05966925,1.00385,0.00226506350946105,0.4401,0.0301,0.8926,0.0476,1.2951,0.0600999999999999,1.8576,0.0876
Mamajek_2,0.1851,0.00363553390593274,0.5738099999999999,0.011270155108391494,0.913187035,0.166812965,0.30885,0.0327678358634299,0.1151,0.0051,0.2501,0.0101,0.3076,0.0426,0.5601,0.0351
Markarian_38,0.2626,0.00569016994374948,0.81406,0.017639526825623388,1.290371555,0.309628445,0.45385,0.00902678553567857,0.1926,0.0026,0.3676,0.0026,0.5476,0.0126,0.8051,0.0201
Markarian_38_B,0.2626,0.00569016994374948,0.81406,0.017639526825623388,1.290371555,0.309628445,0.45385,0.00902678553567857,0.1926,0.0026,0.3676,0.0026,0.5476,0.0126,0.8051,0.0201
Markarian_50,0.60135,0.0120242400177118,1.8641850000000002,0.03727514405490658,2.324990565,0.0849905649999998,0.88885,0.0182572988079175,0.0876,0.0026,0.4926,0.0126,0.9251,0.0101,1.4201,0.0600999999999999
Mayer_1,0.46135,0.00902678553567854,1.430185,0.027983035160603475,1.604403995,0.0544039949999999,0.7151,0.0118260393995586,0.2626,0.0026,0.5476,0.00760000000000001,0.8776,0.0126,1.3001,0.0451
Mayer_3,0.4076,0.00759999999999998,1.26356,0.02355999999999994,3.56512626,0.14512626,0.7026,0.0130903810567665,0.1626,0.0026,0.4801,0.00510000000000001,0.7551,0.0151,1.1651,0.0301
Melnik-Efremov_2,0.29135,0.00554862367942585,0.903185,0.017200733406220133,0.92462691,0.18537309,0.46885,0.0103316909648405,0.1926,0.0026,0.3701,0.00510000000000001,0.5751,0.0001,0.8451,0.0001
Melnik-Efremov_4,0.52385,0.0152554445662277,1.6239350000000001,0.047291878155305875,1.7617204,0.0782796,0.84135,0.0585567147554496,0.3276,0.00760000000000001,0.7251,0.0401,1.0951,0.0251,1.5526,0.0875999999999999
Melotte_101,0.3026,0.00839156197588851,0.93806,0.02601384212525438,1.080268085,0.049731915,0.4951,0.00717106781186548,0.2151,0.0001,0.4101,0.00509999999999998,0.6176,0.0026,0.8876,0.0226
Melotte_105,0.37885,0.0130301005409858,1.1744350000000001,0.04039331167705598,1.284222585,0.055777415,0.6276,0.0144614066163451,0.2476,0.0026,0.5026,0.00760000000000001,0.7651,0.0151,1.0951,0.0501000000000001
Melotte_186,0.1351,0.00622372435695795,0.41881,0.019293545506569646,0.659633355,0.250366645,0.24385,0.00554862367942585,0.0901,0.0051,0.1901,0.0101,0.2851,0.0201,0.4026,0.0426000000000004
Melotte_20,0.1001,0.0051,0.31031,0.01581,0.491165415,0.248834585,0.1901,0.0001,0.0526,0.00760000000000002,0.1201,0.0051,0.1951,0.0001,0.2901,0.0251
Melotte_71,0.2001,0.00622372435695794,0.62031,0.019293545506569615,0.338586015,0.171413985,0.26385,0.00554862367942585,0.1351,0.00510000000000001,0.2476,0.0026,0.3601,0.0151,0.5401,0.0301
Melotte_72,0.1951,0.0118260393995586,0.60481,0.03666072213863166,0.2692474,0.1307526,0.23385,0.00970143218483576,0.1251,0.0101,0.2226,0.00760000000000001,0.3351,0.0251,0.5126,0.0675999999999999
Mercer_32,0.2101,0.0177776695296637,0.6513100000000001,0.05511077554195747,3.729081425,0.590918574999998,0.57385,0.0109253175473054,0.0901,0.0051,0.2726,0.0376000000000002,0.4976,0.0876,0.7701,0.1201
Mercer_41,1.25135,0.0348086084422871,3.879185,0.10790668617109002,4.262109575,0.142109575,1.7826,0.0355436171968945,0.5651,0.00509999999999995,1.6001,0.00510000000000001,2.6101,0.0450999999999999,3.4651,0.0851
Mercer_64,0.68635,0.0109253175473054,2.127685,0.03386848439664674,2.79,,1.07135,0.0482371737849243,0.4701,0.00509999999999998,0.9926,0.00760000000000001,1.5201,0.0751,2.0276,0.0376
Messineo_1,0.71285,0.0113998893799895,2.209835,0.03533965707796745,2.66,,0.7276,0.016493596310755,0.2726,0.0176,0.6926,0.1376,1.0806,0.2256,1.6626,0.3676
Miller_1,0.4576,0.0109972473588517,1.41856,0.03409146681244027,1.42101523,0.18101523,0.70135,0.0195855715851499,0.2301,0.0001,0.5201,0.0201,0.8526,0.0126,1.2251,0.0351
Minni_37,0.69635,0.0543419348843678,2.158685,0.1684599981415402,2.440291215,0.039708785,1.0551,0.0267926956300783,0.4726,0.0126,1.0476,0.0126000000000001,1.5401,0.0001,1.9851,0.1401
Moffat_1,0.7701,0.0267926956300783,2.3873100000000003,0.08305735645324273,2.494106235,0.494106234999999,1.1651,0.0248487373415292,0.3751,0.0351,0.9676,0.0326,1.5476,0.0126000000000001,2.1451,0.0201
Moffat_2,0.67385,0.0148372826531895,2.0889349999999998,0.04599557622488745,2.665186265,0.164813735,1.0326,0.0161078105935822,0.4051,0.00509999999999998,0.8801,0.0001,1.3551,0.00510000000000001,1.9226,0.0176
Moffat-Fitzgerald_1,0.4301,0.00717106781186548,1.33331,0.022230310216782987,1.83902901,0.09097099,0.6776,0.0130903810567665,0.1826,0.0026,0.4576,0.0126,0.7551,0.0001,1.1351,0.0201
Muzzio_1,0.53885,0.0231149407994024,1.6704350000000001,0.07165631647814744,3.61679113,0.23679113,0.9151,0.0283842712474619,0.2901,0.00510000000000001,0.7176,0.00760000000000001,1.0926,0.0276000000000001,1.5776,0.0626
NGC_1027,0.36135,0.0065951905283833,1.120185,0.02044509063798823,1.34739072,0.11260928,0.5826,0.0183002747232013,0.2576,0.0026,0.5226,0.0176,0.7826,0.0326,1.0801,0.0600999999999999
NGC_103,0.43385,0.00554862367942585,1.344935,0.017200733406220133,1.457390015,0.052609985,0.6851,0.00876025403784435,0.1976,0.00759999999999999,0.4976,0.0026,0.7626,0.0126,1.1901,0.00510000000000001
NGC_1220,0.7576,0.0115564392373896,2.3485600000000004,0.03582496163590776,2.437849985,0.032150015,1.0751,0.014242135623731,0.3201,0.00510000000000001,0.8651,0.0001,1.3601,0.00510000000000001,1.9676,0.0276000000000001
NGC_1245,0.28885,0.0125373429638327,0.895435,0.03886576318788137,0.77229345,0.22770655,0.3451,0.0142421356237309,0.2451,0.0101,0.4076,0.00759999999999998,0.5576,0.0326,0.8226,0.0776
NGC_129,0.52635,0.00970143218483577,1.631685,0.030074439772990885,1.76962834,0.03037166,0.8001,0.0184711730708738,0.3426,0.00259999999999997,0.7151,0.0101,1.0576,0.0176,1.4951,0.0400999999999999
NGC_133,0.5351,0.00800569415042095,1.6588100000000001,0.024817651866304948,2.10016816,0.12016816,0.79385,0.00970143218483577,0.0301,0.0201,0.3801,0.0251,0.7226,0.0326,1.2251,0.0801
NGC_1342,0.2901,0.0112803398874989,0.89931,0.03496905365124659,1.31829385,0.04829385,0.48635,0.0185983107336859,0.2426,0.00760000000000001,0.4551,0.0251,0.6151,0.0201,0.9076,0.0526
NGC_1348,0.3456,0.0173699160391705,1.07136,0.053846739721428546,3.05887111,0.0188711100000001,1.1901,0.0204100960115899,0.2911,0.0791000000000001,0.7751,0.1851,1.1801,0.3851,1.6001,0.5401
NGC_1444,0.6351,0.0001,1.96881,0.00031,1.88966925,0.05966925,1.00385,0.00226506350946105,0.4401,0.0301,0.8926,0.0476,1.2951,0.0600999999999999,1.8576,0.0876
NGC_146,0.5051,0.00717106781186548,1.56581,0.022230310216782987,1.639477155,0.0305228449999999,0.7876,0.0179535710713571,0.2651,0.0101,0.6226,0.0326,0.9576,0.0475999999999999,1.4001,0.0451
NGC_1496,0.48635,0.0109253175473055,1.5076850000000002,0.03386848439664705,1.51512422,0.02487578,0.75635,0.0268803566070357,0.3151,0.00510000000000001,0.6526,0.00760000000000001,1.0026,0.0176,1.3976,0.0226
NGC_1502,0.70135,0.00902678553567857,2.174185,0.02798303516060357,2.13426789,0.0357321099999999,1.0476,0.0193028643696715,0.5026,0.0176,1.0251,0.0351,1.4551,0.0551000000000001,2.0301,0.0851000000000001
NGC_1513,0.6826,0.0122757956618859,2.11606,0.038054966551846287,2.14555489,0.0844451100000001,1.00385,0.0164458710382775,0.4651,0.0001,0.9421,0.0281,1.3711,0.0691,1.9351,0.0351
NGC_1528,0.2651,0.00363553390593274,0.82181,0.011270155108391494,0.90883022,0.00883022,0.41885,0.0022650635094611,0.2151,0.0001,0.3926,0.00760000000000001,0.5676,0.0026,0.8026,0.0176
NGC_1545,0.2976,0.00760000000000001,0.9225599999999999,0.023560000000000032,1.053558465,0.0664415350000001,0.44385,0.0065951905283833,0.2401,0.0001,0.4351,0.00510000000000001,0.6276,0.0026,0.9001,0.0201
NGC_1582,0.31885,0.00749509972887453,0.9884350000000001,0.023234809159511045,1.150370135,0.069629865,0.51885,0.0231149407994025,0.2351,0.0001,0.4751,0.0151,0.7076,0.0476,0.9526,0.0576
NGC_1605,0.4026,0.00759999999999998,1.2480600000000002,0.02355999999999994,1.124432225,0.084432225,0.63635,0.0152554445662277,0.2726,0.0026,0.5476,0.0276,0.7976,0.00760000000000001,1.1776,0.0426
NGC_1624,0.6376,0.0144614066163451,1.9765599999999999,0.04483036051066981,2.483955035,0.093955035,0.9801,0.0107066017177982,0.0001,0.0001,0.4426,0.0126,0.8801,0.0001,1.4076,0.0276000000000001
NGC_1647,0.32885,0.0130301005409857,1.0194349999999999,0.04039331167705567,1.354634575,0.00536542500000004,0.52385,0.0139631706330118,0.2876,0.0026,0.5201,0.00510000000000001,0.7126,0.00760000000000001,1.0276,0.0276
NGC_1662,0.2976,0.0026,0.9225599999999999,0.00806,,,0.45885,0.036047009611371,0.2526,0.0126,0.4226,0.0276,0.6851,0.00509999999999995,0.8726,0.0526000000000001
NGC_1664,0.2351,0.00363553390593273,0.7288100000000001,0.011270155108391463,0.717937515,0.002062485,0.3601,0.0118260393995586,0.1901,0.0001,0.3351,0.0001,0.4726,0.00759999999999998,0.7001,0.0001
NGC_1708,0.3601,0.0414823633931175,1.11631,0.12859532651866426,1.5098341,0.0298341,0.51635,0.0303851035989643,0.3126,0.00760000000000001,0.5251,0.0151,0.6976,0.00760000000000001,1.1151,0.0550999999999999
NGC_1750,0.29635,0.0109253175473055,0.9186850000000001,0.03386848439664705,1.4,,0.49385,0.0199037243971936,0.2351,0.00509999999999999,0.4376,0.0176,0.6026,0.00760000000000001,0.9151,0.0301
NGC_1758,0.29635,0.0135047566184545,0.9186850000000001,0.04186474551720895,1.033525615,0.026474385,0.4426,0.0168705098312484,0.2351,0.0001,0.4276,0.0026,0.5926,0.0026,0.8901,0.0151
NGC_1778,0.36885,0.00749509972887453,1.143435,0.023234809159511045,1.195269755,0.164730245000001,0.58635,0.0195855715851498,0.2651,0.0001,0.5251,0.0101,0.7851,0.0251,1.0876,0.0326000000000001
NGC_1798,0.4851,0.00622372435695795,1.5038099999999999,0.019293545506569646,1.551110895,0.0788891049999999,0.7326,0.0144614066163451,0.2301,0.0201,0.5526,0.0376,0.8786,0.0016,1.2951,0.0500999999999999
NGC_1857,0.45135,0.00554862367942585,1.399185,0.017200733406220133,1.390027585,0.119972415,0.68635,0.00659519052838325,0.2401,0.0151,0.5376,0.0126,0.8151,0.0301,1.2351,0.0200999999999999
NGC_189,0.5776,0.0115564392373896,1.7905600000000002,0.03582496163590776,1.67816786,0.09816786,0.60635,0.12366046090882,0.3951,0.0001,0.7251,0.0701,1.0351,0.1451,1.4026,0.2076
NGC_1893,0.3876,0.0115564392373896,1.20156,0.03582496163590776,1.41104304,0.11104304,0.5826,0.0044301270189222,0.0176,0.0126,0.2451,0.0401,0.5026,0.0876000000000002,0.8676,0.0826
NGC_1901,0.08135,0.00554862367942584,0.25218500000000005,0.017200733406220105,0.217119195,0.092880805,0.1226,0.0109972473588517,0.0451,0.0101,0.0776,0.0026,0.1201,0.0151,0.2126,0.0176
NGC_1907,0.4001,0.0315245127249414,1.24031,0.09772598944731835,1.20325335,0.08674665,0.60885,0.0239156986040721,0.2751,0.0001,0.5351,0.0101,0.8276,0.0026,1.0801,0.0401
NGC_1977,0.0526,0.0026,0.16306,0.00806,0.05,,0.3126,0.00839156197588851,0.0001,0.0001,0.0001,0.0001,0.0426,0.0426,0.1401,0.1001
NGC_1980,0.1051,0.0001,0.32581,0.00031,0.75480823,0.24519177,0.2426,0.0104077640640442,0.0926,0.0376,0.1726,0.0526000000000001,0.2551,0.0651000000000001,0.4176,0.1076
NGC_1981,0.05135,0.0239156986040721,0.159185,0.07413866567262352,0.39486479,0.16513521,0.1901,0.0001,0.0226,0.0226,0.0851,0.0201,0.1576,0.0376,0.2401,0.0601
NGC_2112,0.43385,0.0244349029174147,1.344935,0.07574819904398558,2.24338183,0.05338183,0.70635,0.0217145205822382,0.4451,0.00510000000000001,0.7826,0.0376,1.0451,0.0401,1.4076,0.0376
NGC_2126,0.23135,0.0144069039278245,0.7171850000000001,0.04466140217625595,0.55893344,0.21106656,0.34135,0.0125373429638327,0.1426,0.00259999999999999,0.2901,0.00510000000000001,0.4251,0.0101,0.6651,0.0301
NGC_2129,0.2901,0.00945414346693484,0.89931,0.029307844747498004,0.82666336,0.04333664,0.4151,0.0001,0.1801,0.0001,0.3801,0.0101,0.5326,0.0026,0.8001,0.0151
NGC_2141,0.2526,0.00839156197588851,0.78306,0.02601384212525438,1.006302415,0.0536975850000001,0.4251,0.0376832409459323,0.1776,0.0026,0.3451,0.00509999999999998,0.5301,0.00510000000000001,0.7751,0.0251
NGC_2158,0.3901,0.0155110350074224,1.20931,0.048084208523009445,1.37033018,0.000330179999999958,0.53135,0.0022650635094611,0.2151,0.0101,0.4376,0.0376,0.6876,0.0826000000000001,1.0076,0.0776
NGC_2169,0.1651,0.0101,0.51181,0.03131,0.68024388,0.0997561199999999,0.3126,0.0130903810567666,0.1301,0.0001,0.2601,0.00510000000000001,0.3776,0.0176,0.5351,0.055100000000001
NGC_2180,0.28385,0.00424578098794423,0.879935,0.013161921062627114,0.73838773,0.10161227,0.4551,0.00717106781186548,0.2176,0.0026,0.3951,0.00510000000000001,0.5801,0.0101,0.8351,0.0201
NGC_2184,0.1501,0.0001,0.46531000000000006,0.00031,0.3739648,0.1660352,0.21135,0.0139631706330118,0.1101,0.0001,0.1901,0.0101,0.2826,0.0226,0.4051,0.0201
NGC_2186,0.2876,0.00569016994374946,0.8915600000000001,0.017639526825623326,0.765068675,0.164931325000001,0.4301,0.0146773797371133,0.2176,0.0026,0.3976,0.00760000000000001,0.5901,0.00510000000000001,0.8201,0.0151
NGC_2192,0.2126,0.0130903810567666,0.6590600000000001,0.040580181275976464,0.429852285,0.240147715,0.24385,0.0168238602003246,0.1551,0.0151,0.2601,0.00510000000000001,0.3651,0.0351,0.5801,0.0800999999999994
NGC_2194,0.4551,0.012847548783982,1.4108100000000001,0.0398274012303442,1.377870435,0.112129565,0.6826,0.00443012701892215,0.2751,0.00510000000000001,0.5576,0.0126,0.8551,0.0351,1.2876,0.0626
NGC_2202,0.1326,0.00569016994374948,0.41106,0.017639526825623388,0.41823751,0.16176249,0.2276,0.0109972473588517,0.1201,0.0101,0.1951,0.00510000000000001,0.2851,0.0001,0.4001,0.0251
NGC_2215,0.21635,0.00749509972887453,0.670685,0.023234809159511045,0.63454111,0.05545889,0.3226,0.0144614066163451,0.1651,0.00510000000000001,0.3001,0.0001,0.4151,0.0101,0.6351,0.0101
NGC_2225,0.4101,0.0142421356237309,1.2713100000000002,0.04415062043356579,1.2589359,0.0689359000000001,0.6001,0.0137930639376292,0.3826,0.0026,0.6676,0.00760000000000001,0.9226,0.0026,1.2801,0.0101
NGC_2232,0.00135,0.0022650635094611,0.004185,0.00702169687932941,0.337463525,0.202536475,0.0851,0.00717106781186548,0.0126,0.0026,0.0226,0.0176,0.0351,0.0351,0.0776,0.0476
NGC_2236,0.49385,0.0144069039278245,1.5309350000000002,0.04466140217625595,1.43556073,0.05443927,0.7351,0.0123474487139159,0.3426,0.00259999999999997,0.6701,0.0001,1.0001,0.00509999999999995,1.4176,0.0326
NGC_2237,0.41385,0.0171934929139717,1.282935,0.05329982803331228,1.455307825,0.175307825,0.62385,0.0109253175473055,0.2151,0.0151,0.5176,0.0376,0.7301,0.0251,1.1626,0.0526
NGC_2243,0.11635,0.0114880419739304,0.360685,0.03561293011918425,0.34982453,0.32017547,0.1451,0.00363553390593273,0.0026,0.0026,0.0526,0.0126,0.1251,0.0301,0.2501,0.0651000000000001
NGC_2244,0.41385,0.0171934929139717,1.282935,0.05329982803331228,1.455307825,0.175307825,0.62385,0.0109253175473055,0.2151,0.0151,0.5176,0.0376,0.7301,0.0251,1.1626,0.0526
NGC_225,0.2501,0.00622372435695795,0.7753099999999999,0.019293545506569646,0.90736794,0.14263206,0.3851,0.0087602540378444,0.1951,0.00510000000000001,0.3601,0.00510000000000001,0.5126,0.0176,0.7301,0.0151
NGC_2251,0.2251,0.00622372435695794,0.69781,0.019293545506569615,0.66700576,0.08299424,0.37885,0.00554862367942585,0.1801,0.0001,0.3251,0.00510000000000001,0.4801,0.0101,0.6876,0.0276
NGC_2254,0.4326,0.0044301270189222,1.34106,0.01373339375865882,1.464975415,0.095024585,0.66135,0.0022650635094611,0.3001,0.0151,0.5726,0.0026,0.8226,0.0026,1.2376,0.00259999999999995
NGC_2259,0.4951,0.00363553390593274,1.53481,0.011270155108391494,1.63034596,0.03034596,0.75885,0.0022650635094611,0.2751,0.0001,0.6001,0.00510000000000001,0.9026,0.00760000000000001,1.3701,0.00510000000000001
NGC_2262,0.5751,0.0298909382195324,1.7828099999999998,0.09266190848055045,2.527486795,0.167486795,0.8876,0.0355436171968946,0.0001,0.0001,0.2251,0.0001,0.6451,0.0001,1.0876,0.00759999999999995
NGC_2264,0.02885,0.0022650635094611,0.089435,0.00702169687932941,0.638746025,0.00874602499999999,0.1051,0.0001,0.0626,0.0126,0.0651,0.0101,0.0951,0.0151,0.1701,0.0101
NGC_2266,0.16385,0.00659519052838328,0.507935,0.02044509063798817,0.231416,0.108584,0.2076,0.0135629120178363,0.1301,0.00510000000000001,0.2076,0.00759999999999999,0.2976,0.0276,0.4576,0.0575999999999999
NGC_2281,0.11135,0.0022650635094611,0.345185,0.00702169687932941,0.267781695,0.0522183050000001,0.1551,0.00363553390593274,0.0701,0.0001,0.1276,0.0026,0.1951,0.0101,0.2926,0.0126
NGC_2286,0.31635,0.0065951905283833,0.9806850000000001,0.02044509063798823,0.867964065,0.00796406500000002,0.4976,0.0193028643696715,0.2376,0.0026,0.4426,0.0026,0.6626,0.00760000000000001,0.9301,0.0001
NGC_2301,0.06135,0.00424578098794425,0.19018500000000002,0.013161921062627176,0.176414695,0.053585305,0.1101,0.00510000000000001,0.0426,0.0026,0.0801,0.00510000000000001,0.1201,0.0001,0.1776,0.0226000000000001
NGC_2302,0.19385,0.00424578098794425,0.600935,0.013161921062627176,0.55807184,0.01192816,0.30885,0.0130301005409858,0.1526,0.0026,0.2751,0.0001,0.4226,0.0176,0.5676,0.0126
NGC_2304,0.1326,0.00911387818865997,0.41106,0.028253022384845908,0.257020445,0.202979555,0.1601,0.00717106781186548,0.1026,0.0026,0.1576,0.0126,0.2326,0.0326,0.3651,0.0600999999999999
NGC_2309,0.3326,0.00569016994374948,1.03106,0.017639526825623388,1.328986165,0.101013835,0.53385,0.00970143218483577,0.2601,0.0001,0.4676,0.00259999999999997,0.6926,0.0126,1.0051,0.00510000000000001
NGC_2311,0.30135,0.00829679815537751,0.934185,0.025720074281670283,0.84752673,0.00247326999999997,0.4776,0.0109972473588517,0.2251,0.0001,0.4126,0.0026,0.6251,0.00510000000000001,0.8726,0.0176
NGC_2318,0.2776,0.0176,0.8605600000000001,0.054560000000000004,0.890167645,0.029832355,0.43135,0.00424578098794425,0.2026,0.00259999999999999,0.3776,0.0126,0.5601,0.0151,0.7901,0.0251
NGC_2323,0.20385,0.00226506350946109,0.631935,0.007021696879329379,0.546719275,0.036719275,0.3326,0.00839156197588851,0.1601,0.00510000000000001,0.2951,0.0151,0.4226,0.00760000000000001,0.6151,0.0351
NGC_2324,0.20885,0.00424578098794425,0.6474350000000001,0.013161921062627176,0.349838485,0.190161515,0.3276,0.0044301270189222,0.1676,0.00759999999999999,0.2851,0.0101,0.4176,0.0226,0.6201,0.0151
NGC_2335,0.3576,0.00569016994374948,1.10856,0.017639526825623388,1.30855862,0.04855862,0.5676,0.0390711431702997,0.2376,0.0026,0.4901,0.0101,0.7201,0.00510000000000001,1.0576,0.0326000000000001
NGC_2343,0.1551,0.00363553390593274,0.48080999999999996,0.011270155108391494,0.57721089,0.0827891099999998,0.2451,0.0087602540378444,0.1176,0.0026,0.2126,0.0026,0.3101,0.0101,0.4501,0.00510000000000001
NGC_2345,0.3776,0.0208665596572952,1.17056,0.06468633493761512,1.78139673,0.00139672999999996,0.5501,0.0001,0.1026,0.0026,0.3226,0.00760000000000001,0.5976,0.0576,0.9326,0.0626
NGC_2353,0.10385,0.00659519052838329,0.321935,0.0204450906379882,0.291759435,0.118240565,0.1976,0.0044301270189222,0.0951,0.00510000000000001,0.1676,0.00759999999999999,0.2451,0.0101,0.3401,0.0351000000000003
NGC_2354,0.1651,0.00876025403784438,0.51181,0.02715678751731758,0.440918205,0.199081795,0.23635,0.00659519052838328,0.0901,0.0001,0.1851,0.00510000000000001,0.2851,0.0201,0.4601,0.0401
NGC_2355,0.1751,0.0118260393995586,0.54281,0.03666072213863166,0.239992395,0.130007605,0.2201,0.0001,0.1076,0.0076,0.1976,0.00759999999999999,0.3026,0.0176,0.4651,0.0551000000000003
NGC_2358,0.1026,0.0026,0.31806,0.00806,0.35848938,0.13151062,0.16385,0.00424578098794425,0.0751,0.0051,0.1326,0.0026,0.1951,0.0001,0.2876,0.0026
NGC_2360,0.1601,0.00876025403784438,0.49631,0.02715678751731758,0.23473523,0.11526477,0.21885,0.00970143218483577,0.0876,0.0026,0.1751,0.00509999999999999,0.2701,0.0151,0.4326,0.0276
NGC_2362,0.0876,0.00569016994374947,0.27156,0.017639526825623357,0.342068555,0.0420685550000001,0.1751,0.00876025403784438,0.0676,0.0026,0.1226,0.0076,0.2026,0.00259999999999999,0.3026,0.00760000000000001
NGC_2367,0.3001,0.0001,0.93031,0.00031,1.24182434,0.02817566,0.4751,0.0001,0.1826,0.0026,0.3351,0.0201,0.5026,0.0326,0.8126,0.0226
NGC_2374,0.1251,0.00363553390593274,0.38781,0.011270155108391494,0.36426217,0.06573783,0.21135,0.0022650635094611,0.1151,0.0051,0.1876,0.0026,0.2751,0.0001,0.3876,0.0126
NGC_2383,0.2951,0.00510000000000001,0.9148099999999999,0.015810000000000032,0.890521265,0.089478735,0.4651,0.00363553390593272,0.1951,0.0001,0.3776,0.0026,0.5626,0.00259999999999995,0.8351,0.00510000000000001
NGC_2384,0.2701,0.00622372435695795,0.83731,0.019293545506569646,0.77028313,0.15971687,0.42635,0.00902678553567857,0.1926,0.0026,0.3601,0.00510000000000001,0.5426,0.00760000000000001,0.7926,0.0126
NGC_2396,0.12385,0.00424578098794425,0.383935,0.013161921062627176,0.443693335,0.186306665,0.22635,0.00554862367942584,0.0926,0.0026,0.1676,0.00759999999999999,0.2626,0.0126,0.3776,0.0226
NGC_2401,0.34385,0.00554862367942582,1.065935,0.017200733406220043,1.137467885,0.252532115,0.51635,0.0022650635094611,0.1851,0.0101,0.3826,0.0326,0.5826,0.0476,0.9101,0.0451
NGC_2409,0.1426,0.0076,0.44206,0.02356,0.560870085,0.099129915,0.26385,0.0065951905283833,0.1151,0.0001,0.2051,0.0101,0.3276,0.0226,0.4351,0.0401
NGC_2414,0.45135,0.00902678553567857,1.399185,0.02798303516060357,1.587192235,0.097192235,0.66385,0.0065951905283833,0.0001,0.0001,0.2651,0.0251,0.5626,0.0476,0.9726,0.0826
NGC_2421,0.40885,0.0074950997288745,1.267435,0.023234809159510948,1.333532825,0.196467175,0.6251,0.014242135623731,0.2601,0.0001,0.5301,0.00510000000000001,0.8026,0.0126,1.1451,0.0151
NGC_2423,0.13635,0.00554862367942584,0.42268500000000003,0.017200733406220105,0.284513525,0.165486475,0.1876,0.0109972473588517,0.1026,0.0026,0.1751,0.0001,0.2501,0.0201,0.3851,0.0201
NGC_2425,0.3076,0.0249746859276655,0.95356,0.07742152637576305,1.01022838,0.17977162,0.44635,0.0406239126936183,0.2551,0.00510000000000001,0.4476,0.00760000000000001,0.6201,0.0001,0.9251,0.0551
NGC_2428,0.1351,0.00717106781186547,0.41881,0.02223031021678296,0.156920225,0.033079775,0.1926,0.0130903810567666,0.1001,0.0051,0.1726,0.00759999999999999,0.2601,0.0201,0.3576,0.00760000000000001
NGC_2432,0.27135,0.00829679815537749,0.841185,0.025720074281670217,0.70159035,0.26840965,0.3451,0.0174205080756888,0.1876,0.00760000000000001,0.3501,0.0101,0.5051,0.0251,0.7351,0.0601
NGC_2439,0.3576,0.00760000000000001,1.10856,0.023560000000000032,1.11576601,0.17423399,0.5626,0.0109972473588516,0.2126,0.0026,0.4476,0.0026,0.6801,0.0201,0.9801,0.0251
NGC_2448,0.0376,0.0026,0.11656000000000001,0.00806,0.122087235,0.037912765,0.0876,0.0026,0.0276,0.00759999999999999,0.0501,0.0101,0.0826,0.0126,0.1226,0.0276
NGC_2451_A,0.0751,0.0001,0.23281000000000002,0.00031,0.201838995,0.158161005,0.0851,0.0001,0.0176,0.0076,0.0426,0.0226,0.0901,0.0351,0.1501,0.0451
NGC_2451_B,0.1001,0.0001,0.31031,0.00031,,,0.14635,0.0130301005409858,0.0451,0.0101,0.1051,0.0051,0.1776,0.0126,0.2626,0.0126
NGC_2453,0.3501,0.0245948974278318,1.08531,0.07624418202627858,1.25,,0.4951,0.0174205080756888,0.1576,0.0026,0.3826,0.0176,0.5976,0.0326,0.9076,0.0326
NGC_2455,0.24885,0.00424578098794425,0.771435,0.013161921062627176,0.56022717,0.15977283,0.4026,0.0109972473588517,0.1876,0.0026,0.3401,0.0001,0.5101,0.0101,0.7301,0.0101
NGC_2467,0.2501,0.00363553390593274,0.7753099999999999,0.011270155108391494,0.601803705,0.131803705,0.4051,0.00717106781186546,0.1876,0.00760000000000001,0.3401,0.00509999999999998,0.5051,0.0101,0.7376,0.0126
NGC_2477,0.29635,0.0175553000547112,0.9186850000000001,0.05442143016960472,1.162217805,0.107782195,0.41135,0.00970143218483574,0.2476,0.0026,0.4326,0.00760000000000001,0.6051,0.0201,0.9001,0.0601
NGC_2479,0.14135,0.0114880419739304,0.43818500000000005,0.03561293011918425,0.144354745,0.045645255,0.14385,0.00659519052838328,0.0776,0.0026,0.1451,0.0150999999999999,0.2201,0.0301,0.3401,0.0701000000000001
NGC_2482,0.0776,0.0026,0.24056000000000002,0.00806,0.113517155,0.016482845,0.1051,0.0001,0.0751,0.0001,0.1076,0.0076,0.1576,0.0126,0.2201,0.0101
NGC_2483,0.30385,0.0022650635094611,0.9419350000000001,0.00702169687932941,0.67214044,0.03214044,0.44135,0.0022650635094611,0.1526,0.0126,0.3151,0.0400999999999999,0.4876,0.0426,0.7801,0.0501
NGC_2489,0.41885,0.0103316909648406,1.298435,0.03202824199100587,1.357906185,0.062093815,0.42885,0.104884004027333,0.2876,0.00759999999999998,0.4951,0.0750999999999999,0.7126,0.1426,0.9951,0.1951
NGC_2506,0.13385,0.0125373429638327,0.414935,0.03886576318788137,0.296174125,0.263825875,0.14385,0.00554862367942584,0.0351,0.0101,0.0901,0.0101000000000001,0.1651,0.0301,0.3026,0.0726
NGC_2509,0.1601,0.0155110350074224,0.49631,0.048084208523009445,0.363865825,0.246134175,0.13885,0.0022650635094611,0.1001,0.0051,0.1676,0.0176000000000001,0.2501,0.0400999999999999,0.3826,0.0926000000000001
NGC_2516,0.1101,0.0001,0.34131,0.00031,0.43731574,0.23268426,0.2001,0.00363553390593273,0.0751,0.0051,0.1376,0.00759999999999999,0.2176,0.0026,0.3301,0.0151
NGC_2527,0.08385,0.00659519052838329,0.25993499999999997,0.0204450906379882,0.345097485,0.234902515,0.0951,0.00363553390593274,0.0626,0.0026,0.0951,0.00510000000000001,0.1401,0.0151,0.2226,0.0376
NGC_2539,0.09885,0.00659519052838329,0.306435,0.0204450906379882,0.203233415,0.126766585,0.12135,0.0022650635094611,0.0626,0.0026,0.1101,0.00510000000000001,0.1676,0.0126,0.2601,0.0350999999999999
NGC_2546,0.10135,0.00424578098794425,0.314185,0.013161921062627176,0.34038534,0.10961466,0.19885,0.0022650635094611,0.0851,0.0051,0.1526,0.0126,0.2326,0.0126,0.3326,0.0326
NGC_2547,0.02635,0.00554862367942585,0.081685,0.017200733406220133,0.35498844,0.23501156,0.1251,0.00876025403784439,0.0376,0.0026,0.0626,0.0076,0.0926,0.0326,0.1551,0.0451
NGC_2548,0.0676,0.0026,0.20956,0.00806,0.098051835,0.001948165,0.1001,0.0001,0.0476,0.0026,0.0726,0.0026,0.1226,0.0076,0.1826,0.00760000000000001
NGC_2567,0.10635,0.00424578098794425,0.329685,0.013161921062627176,0.212947535,0.107052465,0.1851,0.0001,0.0851,0.0001,0.1451,0.0001,0.2251,0.00510000000000001,0.3201,0.0101
NGC_2568,0.52635,0.0103316909648406,1.631685,0.03202824199100587,1.7749983,0.0850017000000001,0.78635,0.0065951905283833,0.1326,0.0126,0.4726,0.0326,0.8101,0.0301,1.2926,0.0726
NGC_2571,0.0801,0.00363553390593274,0.24831000000000003,0.011270155108391494,0.252730145,0.00726985500000001,0.1526,0.0083915619758885,0.0551,0.0001,0.0976,0.0026,0.1751,0.0101,0.2601,0.0151
NGC_2580,0.1576,0.0044301270189222,0.48856,0.01373339375865882,0.589702955,0.360297045,0.2426,0.0130903810567666,0.1351,0.00510000000000001,0.2226,0.0126,0.3051,0.0350999999999999,0.4901,0.0301
NGC_2587,0.08885,0.0109253175473054,0.275435,0.03386848439664674,0.420112785,0.239887215,0.17385,0.00226506350946109,0.0851,0.0001,0.1301,0.0001,0.2001,0.00509999999999999,0.2826,0.0226
NGC_2588,0.2776,0.00759999999999999,0.8605600000000001,0.02355999999999997,0.9899537,0.3000463,0.44635,0.0022650635094611,0.2276,0.00759999999999999,0.3876,0.0126,0.5601,0.0201,0.8201,0.0001
NGC_2627,0.11635,0.0109253175473055,0.360685,0.03386848439664705,0.216782395,0.133217605,0.15385,0.0022650635094611,0.0601,0.0001,0.1151,0.0051,0.1851,0.0151,0.3076,0.0426
NGC_2635,0.30385,0.00554862367942585,0.9419350000000001,0.017200733406220133,1.06577412,0.194225880000001,0.40135,0.0307950728945217,0.2201,0.00510000000000001,0.3801,0.0351,0.5476,0.0726000000000001,0.8351,0.0951000000000003
NGC_2659,0.4851,0.0001,1.5038099999999999,0.00031,1.43064536,0.03935464,0.7301,0.0174205080756888,0.3526,0.00760000000000001,0.6551,0.0151,0.9801,0.0301,1.3776,0.0176
NGC_2660,0.3151,0.0137930639376292,0.97681,0.04275849820665052,1.393625205,0.0736252049999999,0.50885,0.036047009611371,0.3626,0.00760000000000001,0.5726,0.00760000000000001,0.7801,0.0001,1.0776,0.0276
NGC_2669,0.20385,0.00554862367942584,0.631935,0.017200733406220105,0.690949705,0.010949705,0.3426,0.00443012701892217,0.1526,0.0026,0.2876,0.0026,0.4301,0.0001,0.6126,0.0176
NGC_2670,0.3801,0.00717106781186548,1.17831,0.022230310216782987,1.372480275,0.122480275,0.58885,0.0160589316685046,0.2676,0.0026,0.5276,0.0026,0.7901,0.00510000000000001,1.1176,0.00260000000000006
NGC_2671,0.11135,0.0254414186658915,0.345185,0.07886839786426365,0.21316735,0.01683265,0.1751,0.00876025403784438,0.0651,0.0001,0.1426,0.0175999999999998,0.2126,0.0226,0.3926,0.0476000000000002
NGC_2849,0.31885,0.0228417567483253,0.9884350000000001,0.07080944591980842,1.239202615,0.000797385000000039,0.44135,0.00970143218483577,0.2701,0.0001,0.4626,0.0026,0.6526,0.00760000000000001,0.9701,0.0651
NGC_2866,0.60635,0.0065951905283833,1.8796849999999998,0.02044509063798823,2.085170265,0.094829735,0.9176,0.032791742076555,0.3226,0.0276,0.7451,0.0201,1.1926,0.0476,1.6476,0.00760000000000006
NGC_2910,0.1976,0.00569016994374947,0.61256,0.017639526825623357,0.778269525,0.211730475,0.3251,0.00510000000000001,0.1526,0.0026,0.2851,0.00509999999999998,0.4076,0.0126,0.5901,0.0301
NGC_2925,0.0876,0.00443012701892219,0.27156,0.01373339375865879,0.28115258,0.14884742,0.1401,0.0001,0.0476,0.0026,0.0976,0.0026,0.1551,0.0001,0.2526,0.0126
NGC_2972,0.43135,0.00970143218483577,1.337185,0.030074439772990885,1.308183495,0.011816505,0.6651,0.014242135623731,0.3026,0.0026,0.5926,0.00760000000000001,0.8851,0.00510000000000001,1.2426,0.00759999999999995
NGC_3033,0.2626,0.0104077640640442,0.81406,0.032264068598537025,0.89412696,0.05587304,0.3551,0.0142421356237309,0.2101,0.00510000000000001,0.3626,0.00760000000000001,0.5076,0.0226,0.7626,0.0526
NGC_3105,0.3876,0.00839156197588851,1.20156,0.02601384212525438,1.95,,0.5926,0.00760000000000001,0.2701,0.0001,0.5226,0.0026,0.7776,0.0126,1.0951,0.0101
NGC_3114,0.06635,0.00424578098794425,0.20568500000000003,0.013161921062627176,0.173652635,0.036347365,0.1526,0.0044301270189222,0.0476,0.0026,0.0951,0.0151,0.1551,0.0200999999999999,0.2251,0.0401000000000001
NGC_3228,0.04635,0.00749509972887447,0.143685,0.023234809159510858,0.28610394,0.18389606,0.1126,0.00443012701892219,0.0376,0.00759999999999999,0.0651,0.00510000000000001,0.1001,0.0151,0.1451,0.0351
NGC_3255,0.27885,0.00659519052838327,0.864435,0.020445090637988137,1.23790407,0.07209593,0.4826,0.0026,0.1901,0.00510000000000001,0.3626,0.0026,0.5451,0.0001,0.8276,0.0126
NGC_3293,0.2401,0.00363553390593274,0.74431,0.011270155108391494,0.859859525,0.110140475,0.4001,0.00363553390593274,0.1726,0.00259999999999999,0.3126,0.00760000000000001,0.4726,0.0126,0.7176,0.0126
NGC_3324,0.3926,0.0179535710713571,1.21706,0.05565607032120701,1.59829732,0.298297320000001,0.7151,0.0001,0.1001,0.0151,0.3576,0.0126,0.6701,0.0251,1.1226,0.0376
NGC_3330,0.1251,0.00363553390593274,0.38781,0.011270155108391494,0.441617645,0.148382355,0.22135,0.0022650635094611,0.0951,0.00510000000000001,0.1701,0.00509999999999999,0.2676,0.0026,0.3876,0.00760000000000001
NGC_3496,0.4276,0.0130903810567666,1.32556,0.040580181275976464,1.60144341,0.14855659,0.42635,0.121723137190257,0.3176,0.0026,0.5526,0.0526,0.7551,0.1351,1.0501,0.1801
NGC_3503,0.3651,0.00717106781186548,1.13181,0.022230310216782987,1.04248766,0.272487660000001,0.59385,0.0299695078633713,0.2226,0.0026,0.4551,0.0151,0.7426,0.0176,1.0476,0.0276
NGC_3519,0.18635,0.00749509972887453,0.577685,0.023234809159511045,0.71488434,0.33511566,0.3351,0.00945414346693484,0.1551,0.00510000000000001,0.2751,0.0001,0.4151,0.0101,0.5801,0.0201
NGC_3532,0.06885,0.0022650635094611,0.21343499999999999,0.00702169687932941,0.225068755,0.104931245,0.11135,0.0022650635094611,0.0426,0.00760000000000001,0.0751,0.0001,0.1226,0.0026,0.1851,0.0001
NGC_3572,0.3776,0.0026,1.17056,0.00806,1.355988735,0.064011265,0.6126,0.0130903810567666,0.2326,0.00259999999999999,0.4651,0.00509999999999998,0.7226,0.0176,1.0701,0.00510000000000001
NGC_3590,0.45135,0.00970143218483577,1.399185,0.030074439772990885,,,0.68385,0.0182572988079174,0.2201,0.0001,0.4876,0.0126,0.8026,0.0026,1.2176,0.0676
NGC_3603,0.4651,0.0146773797371132,1.44181,0.04549987718505092,4.51962847,0.12962847,0.8751,0.0001,0.0001,0.0001,0.2826,0.0575999999999999,0.7101,0.0501,1.1776,0.0676
NGC_362,0.17885,0.0156623744974859,0.554435,0.04855336094220629,0.61,0.0,0.23135,0.0109253175473055,0.0601,0.0001,0.1426,0.0326,0.2601,0.0500999999999999,0.4426,0.1076
NGC_366,0.4826,0.0304108891324554,1.49606,0.09427375631061174,3.3580939,0.0180939,0.80135,0.0022650635094611,0.2801,0.0101,0.6426,0.0026,0.9701,0.0751,1.4426,0.00260000000000006
NGC_3680,0.09635,0.0022650635094611,0.29868500000000003,0.00702169687932941,0.23169902,0.12830098,0.1226,0.0026,0.0551,0.0001,0.1026,0.0076,0.1626,0.0126,0.2451,0.0201
NGC_3766,0.1801,0.00363553390593274,0.5583100000000001,0.011270155108391494,0.645077595,0.034922405,0.3051,0.00717106781186548,0.1401,0.0001,0.2526,0.0026,0.3801,0.00510000000000001,0.5551,0.00510000000000001
NGC_381,0.3201,0.0151,0.99231,0.046810000000000004,1.21103579,0.02103579,0.49385,0.0273431183971292,0.2626,0.0026,0.4801,0.00510000000000001,0.6526,0.0026,0.9751,0.0101
NGC_3960,0.3251,0.0146773797371132,1.00781,0.04549987718505092,0.988578295,0.151421705,0.40635,0.02142340263654,0.2176,0.00760000000000001,0.4076,0.0126,0.5751,0.0401,0.8851,0.0751
NGC_4052,0.2501,0.00363553390593274,0.7753099999999999,0.011270155108391494,0.912728585,0.037271415,0.41885,0.0171934929139717,0.1901,0.00510000000000001,0.3526,0.0026,0.5251,0.00510000000000001,0.7776,0.0026
NGC_4103,0.2826,0.0104077640640441,0.8760600000000001,0.03226406859853671,0.96799319,0.07200681,0.45635,0.00902678553567855,0.2001,0.0001,0.3776,0.0026,0.5826,0.00760000000000001,0.8226,0.0126
NGC_4184,0.4676,0.0115564392373896,1.4495600000000002,0.03582496163590776,1.860968965,0.179031035,0.7126,0.0130903810567666,0.2951,0.0101,0.6026,0.0176,0.9026,0.0426,1.3276,0.0226000000000001
NGC_433,0.19635,0.0444529874980254,0.608685,0.13780426124387873,2.07919992,0.19080008,0.63135,0.0239156986040721,0.3101,0.00510000000000001,0.5151,0.0650999999999998,0.6451,0.1601,0.9276,0.2976
NGC_4337,0.2676,0.0109972473588517,0.8295600000000001,0.03409146681244027,1.081716625,0.0217166249999999,0.38635,0.0125373429638328,0.2526,0.0026,0.4151,0.0201,0.5801,0.0101,0.8276,0.0226
NGC_4349,0.32385,0.00749509972887453,1.003935,0.023234809159511045,1.049797575,0.190202425,0.5376,0.0126,0.2426,0.0026,0.4576,0.0026,0.6876,0.00759999999999995,0.9801,0.0201
NGC_436,0.44635,0.0065951905283833,1.383685,0.02044509063798823,1.534396345,0.0156036550000001,0.7026,0.00760000000000001,0.2951,0.0101,0.5901,0.00510000000000001,0.8776,0.0126,1.2676,0.0276
NGC_4439,0.32135,0.00554862367942585,0.9961850000000001,0.017200733406220133,1.18660445,0.21339555,0.52135,0.0164458710382775,0.2201,0.0001,0.4426,0.00760000000000001,0.6676,0.0126,0.9576,0.0176
NGC_4463,0.45135,0.00554862367942585,1.399185,0.017200733406220133,1.582270325,0.107729675,0.70135,0.0125373429638327,0.3076,0.0026,0.6101,0.00510000000000001,0.9151,0.0001,1.3126,0.00259999999999995
NGC_457,0.4501,0.00800569415042095,1.39531,0.024817651866304948,1.52202819,0.0679718100000001,0.70385,0.0125373429638327,0.2651,0.0001,0.5726,0.0026,0.8626,0.0126,1.2576,0.0226
NGC_4609,0.30135,0.0065951905283833,0.934185,0.02044509063798823,1.1299095,0.0900905,0.49385,0.0130301005409858,0.2151,0.0001,0.4251,0.00510000000000001,0.6426,0.0226,0.8951,0.0251
NGC_465,0.0151,0.0001,0.046810000000000004,0.00031,0.0,0.0,0.0351,0.0001,0.0001,0.0001,0.0001,0.0001,0.0001,0.0001,0.0001,0.0001
NGC_4755,0.34885,0.00749509972887451,1.081435,0.023234809159510983,1.18016694,0.08983306,0.5526,0.0130903810567666,0.2126,0.0026,0.4476,0.00760000000000001,0.6701,0.0001,0.9926,0.0226
NGC_4815,0.1126,0.029574565306379,0.34906000000000004,0.0916811524497749,2.539840115,0.00984011500000004,0.4326,0.0228760839478608,0.3426,0.0126,0.4626,0.0626,0.5651,0.0951000000000006,0.7651,0.2201
NGC_4852,0.35885,0.00749509972887453,1.112435,0.023234809159511045,1.290361895,0.010361895,0.5976,0.0214600093632938,0.2451,0.0001,0.4951,0.0101,0.7676,0.0326,1.0626,0.0426
NGC_5045,0.39885,0.0109253175473055,1.236435,0.03386848439664705,1.154714025,0.264714025,0.6276,0.0130903810567666,0.3151,0.0151,0.5601,0.00509999999999995,0.8901,0.0001,1.1976,0.0176000000000001
NGC_5120,0.5851,0.00945414346693486,1.81381,0.02930784474749807,3.043026205,0.0530262049999999,0.9501,0.00510000000000001,0.1276,0.0026,0.5301,0.00510000000000001,0.9526,0.0276,1.5076,0.0276
NGC_5138,0.20885,0.00424578098794425,0.6474350000000001,0.013161921062627176,0.673138565,0.0931385650000007,0.34885,0.0065951905283833,0.1476,0.0026,0.2751,0.0001,0.4301,0.00510000000000001,0.6226,0.0026
NGC_5139,0.1601,0.0001,0.49631,0.00031,1.62,0.0,0.31135,0.0065951905283833,0.0001,0.0001,0.1176,0.0226,0.2601,0.0201,0.4326,0.0226
NGC_5168,0.5376,0.026909513236909,1.66656,0.0834194910344179,2.03936206,0.12063794,0.85385,0.0715470958122162,0.4001,0.0101,0.7851,0.0151,1.1526,0.0126000000000001,1.6401,0.0551000000000001
NGC_5269,0.37135,0.0280228848796108,1.1511850000000001,0.08687094312679348,1.45957804,0.17042196,0.5851,0.00945414346693486,0.2401,0.0001,0.5026,0.0026,0.7651,0.0151,1.0326,0.0576000000000001
NGC_5281,0.2226,0.0026,0.69006,0.00806,0.853203335,0.136796665,0.3676,0.00760000000000001,0.1451,0.0001,0.2951,0.00510000000000001,0.4526,0.0176,0.6501,0.0151
NGC_5288,0.42635,0.00424578098794425,1.321685,0.013161921062627176,1.437340735,0.00734073499999999,0.6976,0.0130903810567665,0.2726,0.0026,0.5626,0.00259999999999995,0.8376,0.0026,1.2601,0.0101
NGC_5316,0.27135,0.00749509972887453,0.841185,0.023234809159511045,0.95842569,0.08157431,0.4601,0.0177776695296637,0.1951,0.0001,0.3901,0.0151,0.5976,0.0326,0.8151,0.0501
NGC_5381,0.4526,0.00911387818865998,1.40306,0.02825302238484594,1.580099625,0.050099625,0.6276,0.160431687448239,0.3201,0.0001,0.6276,0.0026,0.7776,0.1526,1.3401,0.0151
NGC_5460,0.09885,0.00424578098794425,0.306435,0.013161921062627176,0.25173686,0.06826314,0.18635,0.00424578098794425,0.0576,0.0026,0.1251,0.0151000000000001,0.2051,0.0101,0.2976,0.0376000000000002
NGC_559,0.70385,0.0130301005409857,2.181935,0.04039331167705567,2.409725445,0.000274555000000065,1.00885,0.0152554445662276,0.4576,0.0026,0.9351,0.0201,1.4076,0.0226,1.9676,0.0526
NGC_5593,0.22885,0.0022650635094611,0.709435,0.00702169687932941,0.73993446,0.01006554,0.3851,0.0001,0.1776,0.0026,0.3276,0.00760000000000001,0.4876,0.0126,0.6976,0.0226
NGC_5606,0.4626,0.00839156197588849,1.4340600000000001,0.02601384212525432,1.697088905,0.0570889050000001,0.7326,0.0109972473588517,0.3076,0.0026,0.6226,0.00760000000000001,0.9276,0.00760000000000001,1.3351,0.0301
NGC_5617,0.5076,0.00839156197588851,1.5735600000000003,0.02601384212525438,1.70695406,0.04304594,0.80385,0.0164458710382775,0.3326,0.0026,0.6851,0.0101,1.0401,0.0301,1.4626,0.0326000000000001
NGC_5662,0.2501,0.00622372435695795,0.7753099999999999,0.019293545506569646,0.88591311,0.06408689,0.42635,0.0022650635094611,0.1876,0.00760000000000001,0.3651,0.00510000000000001,0.5501,0.0151,0.7601,0.0351
NGC_5749,0.3276,0.00760000000000001,1.01556,0.023560000000000032,1.074844355,0.035155645,0.5351,0.0197850196850295,0.2251,0.0001,0.4476,0.0126,0.6926,0.0276,0.9576,0.0276
NGC_5764,0.4526,0.00839156197588851,1.40306,0.02601384212525438,1.550505375,0.040505375,0.70635,0.0022650635094611,0.3101,0.00510000000000001,0.6151,0.0101,0.9051,0.00510000000000001,1.2976,0.0326000000000001
NGC_5822,0.18135,0.00829679815537751,0.562185,0.025720074281670283,0.365750075,0.164249925,0.2526,0.00760000000000001,0.1176,0.0026,0.2201,0.00510000000000001,0.3301,0.0101,0.5001,0.0351
NGC_5823,0.5401,0.0107066017177982,1.6743100000000002,0.033190465325174424,1.85425927,0.0557407299999999,0.8576,0.029361749776799,0.3401,0.0001,0.7451,0.0301,1.1151,0.0550999999999999,1.5626,0.0775999999999999
NGC_5925,0.4606,0.0215067746286076,1.4278600000000001,0.06667100134868356,1.447486165,0.00748616499999999,0.46385,0.0231149407994025,0.3551,0.0101,0.6076,0.0426,0.8476,0.117600000000001,1.1526,0.1226
NGC_5999,0.5301,0.0107066017177982,1.64331,0.033190465325174424,1.952746895,0.167253105,0.79885,0.0171934929139717,0.2851,0.0101,0.6551,0.00510000000000001,0.9901,0.0101,1.4426,0.0126000000000001
NGC_6005,0.2776,0.0126,0.8605600000000001,0.039060000000000004,1.677823635,0.0478236350000001,0.5051,0.00363553390593274,0.4201,0.00510000000000001,0.6276,0.0326,0.8226,0.0526,1.0976,0.0576
NGC_6025,0.14385,0.00659519052838328,0.445935,0.02044509063798817,0.502120865,0.117879135,0.2701,0.00363553390593274,0.1101,0.0101,0.2201,0.0151,0.3276,0.0226,0.4551,0.0501
NGC_6031,0.44135,0.00902678553567857,1.3681850000000002,0.02798303516060357,1.583611705,0.186388295,0.68385,0.0195855715851498,0.3126,0.0026,0.6251,0.0101,0.9201,0.00510000000000001,1.3001,0.0301
NGC_6067,0.3026,0.00569016994374948,0.93806,0.017639526825623388,1.179922935,0.190077065000001,0.49635,0.0144069039278245,0.2201,0.0001,0.4276,0.00760000000000001,0.6376,0.0226,0.9151,0.0301
NGC_6087,0.1526,0.00569016994374948,0.47306000000000004,0.017639526825623388,0.57715453,0.0728454699999995,0.28385,0.00554862367942582,0.1151,0.0051,0.2226,0.0126,0.3426,0.0176,0.4801,0.0451
NGC_609,0.21635,0.00970143218483577,0.670685,0.030074439772990885,0.28,0.0,0.41385,0.0125373429638327,0.0726,0.0026,0.2651,0.0101,0.3976,0.0276,0.6776,0.0226
NGC_6115,0.3576,0.00911387818865998,1.10856,0.02825302238484594,1.610494505,0.289505495,0.5701,0.0107066017177982,0.2451,0.00510000000000001,0.4826,0.0026,0.7151,0.00510000000000001,1.0326,0.0226
NGC_6134,0.3401,0.00800569415042093,1.05431,0.024817651866304885,1.12998856,0.0800114399999999,0.4876,0.00760000000000001,0.2776,0.0026,0.5101,0.00510000000000001,0.7276,0.0126,1.0226,0.0226
NGC_6152,0.29885,0.00424578098794425,0.926435,0.013161921062627176,1.07166234,0.05833766,0.48385,0.00902678553567857,0.2301,0.0001,0.4276,0.00760000000000001,0.6226,0.0126,0.9001,0.0201
NGC_6167,0.27435,0.00448035386698381,0.8504849999999999,0.013889096987649811,2.981738005,0.0882619949999999,1.05385,0.0338962645864894,0.3351,0.0901000000000001,0.6911,0.2341,1.0926,0.3626,1.5051,0.4701
NGC_6178,0.2251,0.00622372435695794,0.69781,0.019293545506569615,0.99801947,0.21198053,0.38635,0.0109253175473055,0.1876,0.0026,0.3351,0.00510000000000001,0.5126,0.00760000000000001,0.6976,0.0126
NGC_6192,0.57385,0.00424578098794425,1.778935,0.013161921062627176,2.146460775,0.113539225,0.9276,0.0249746859276655,0.3626,0.0026,0.7726,0.00760000000000001,1.1641,0.0560999999999999,1.6901,0.0151
NGC_6193,0.45385,0.00970143218483577,1.406935,0.030074439772990885,1.90859436,0.17859436,0.7851,0.0347410161513776,0.2951,0.0151,0.6551,0.0351,0.9776,0.0026,1.4676,0.0276000000000001
NGC_6200,0.5076,0.021750635094611,1.5735600000000003,0.0674269687932941,1.90948745,0.14051255,0.79885,0.0022650635094611,0.2626,0.0476,0.6501,0.0201,0.9501,0.0301,1.4626,0.0276
NGC_6204,0.3976,0.0115564392373896,1.23256,0.03582496163590776,1.63746044,0.232539560000001,0.6426,0.0284945417290014,0.2751,0.0001,0.5651,0.0101,0.8551,0.0351,1.1876,0.0376000000000001
NGC_6208,0.2526,0.0115564392373896,0.78306,0.03582496163590776,0.70452671,0.17547329,0.36385,0.0022650635094611,0.1601,0.0001,0.3176,0.00760000000000001,0.4801,0.0101,0.7176,0.0426
NGC_6216,0.6976,0.00908610037780572,2.16256,0.028166911171197736,2.61220954,0.15220954,1.0751,0.0118260393995586,0.3151,0.00510000000000001,0.8036,0.0136,1.3026,0.0126,1.9176,0.0576
NGC_6231,0.42635,0.0103316909648406,1.321685,0.03202824199100587,1.507426075,0.0274260750000001,0.6926,0.0249746859276655,0.2676,0.0026,0.5751,0.0101,0.8776,0.0326,1.2501,0.00509999999999989
NGC_6242,0.36635,0.00970143218483577,1.135685,0.030074439772990885,1.24264026,0.01735974,0.59885,0.0199037243971936,0.2476,0.0026,0.5076,0.00760000000000001,0.7801,0.0251,1.0776,0.0326000000000001
NGC_6249,0.4701,0.00945414346693484,1.45731,0.029307844747498004,1.644414905,0.0144149050000001,0.70385,0.0139631706330117,0.3201,0.00510000000000001,0.6551,0.0001,0.9476,0.0026,1.3601,0.0101
NGC_6250,0.31885,0.0103316909648406,0.9884350000000001,0.03202824199100587,1.113708245,0.013708245,0.5501,0.0151,0.2351,0.00509999999999999,0.4676,0.0176,0.7251,0.0251,0.9826,0.0525999999999999
NGC_6253,0.2376,0.00839156197588849,0.73656,0.02601384212525432,0.846588585,0.056588585,1.3451,0.0380143772202578,0.7126,0.4476,1.0451,0.6351,1.3476,0.7776,1.9126,1.1176
NGC_6259,0.1251,0.0128475487839821,0.38781,0.03982740123034451,2.53904682,0.20095318,0.9451,0.0118260393995586,0.3701,0.0201,0.6101,0.1951,0.8776,0.3576,1.2076,0.5376
NGC_6268,0.38385,0.0120242400177118,1.1899350000000002,0.03727514405490658,1.21373193,0.00626806999999996,0.61385,0.0303851035989643,0.2676,0.0026,0.5301,0.0001,0.8151,0.0201,1.1151,0.0250999999999999
NGC_6281,0.1751,0.00363553390593273,0.54281,0.011270155108391463,0.593127835,0.226872165,0.26135,0.00554862367942585,0.1126,0.0026,0.2226,0.00760000000000001,0.3301,0.0101,0.4951,0.0201
NGC_6318,0.50385,0.0277981497577005,1.561935,0.08617426424887155,4.24102234,0.0110223399999998,1.5876,0.0214600093632939,0.4501,0.0650999999999998,1.0726,0.2926,1.6351,0.5451,2.2376,0.7126
NGC_6322,0.6001,0.0207155281280883,1.86031,0.06421813719707374,1.96826586,0.09173414,0.89135,0.0307950728945217,0.3626,0.0126,0.7551,0.00510000000000001,1.2301,0.0250999999999999,1.6601,0.0201
NGC_637,0.59135,0.00970143218483577,1.8331850000000003,0.030074439772990885,1.85778849,0.0522115099999999,0.87635,0.0130301005409858,0.3251,0.0001,0.7376,0.0026,1.1001,0.0001,1.6151,0.00510000000000001
NGC_6383,0.2926,0.0126,0.9070600000000001,0.039060000000000004,1.39933656,0.19066344,0.51385,0.0164458710382775,0.2126,0.00760000000000001,0.4351,0.00510000000000001,0.6576,0.0326,0.9001,0.0401
NGC_6396,0.28135,0.0168238602003246,0.872185,0.05215396662100626,3.55441886,0.19558114,0.7501,0.244512561052005,0.1326,0.0226,0.3776,0.0376,0.5751,0.0301,0.9226,0.127599999999999
NGC_6400,0.3826,0.00569016994374948,1.1860600000000001,0.017639526825623388,1.597357285,0.182642715,0.61385,0.0195855715851499,0.2876,0.0026,0.5626,0.0126,0.8101,0.0251,1.1551,0.0450999999999999
NGC_6404,1.1326,0.0236849528301415,3.51106,0.07342335377343866,4.49522381,0.10477619,1.63885,0.0139631706330118,0.6751,0.0101,1.5776,0.0326000000000001,2.3976,0.0776000000000001,3.3001,0.1051
NGC_6416,0.2176,0.00760000000000001,0.6745599999999999,0.023560000000000032,1.244507055,0.465492945,0.3651,0.00363553390593274,0.1701,0.0001,0.3151,0.00510000000000001,0.4651,0.0001,0.6651,0.0301
NGC_6425,0.25385,0.00424578098794425,0.786935,0.013161921062627176,1.4782782,0.6417218,0.4051,0.0184711730708738,0.1876,0.0026,0.3526,0.00760000000000001,0.5176,0.0126,0.7551,0.0101
NGC_6444,0.3951,0.00363553390593274,1.22481,0.011270155108391494,,,0.5401,0.170430560968958,0.2726,0.0026,0.5301,0.0001,0.6301,0.1401,1.1726,0.00260000000000006
NGC_6451,0.0551,0.0204100960115899,0.17081000000000002,0.06327129763592869,2.86626484,0.30373516,0.9526,0.0109972473588517,0.1576,0.0726,0.3951,0.2651,0.6226,0.4526,0.9201,0.6901
NGC_6469,0.5676,0.00569016994374944,1.75956,0.017639526825623263,2.343444505,0.116555495,0.9026,0.0189745860881769,0.3376,0.0026,0.7326,0.00760000000000001,1.1376,0.0376,1.6076,0.00759999999999995
NGC_6506,0.1301,0.0151,0.40331,0.046810000000000004,2.78413843,0.19586157,0.4501,0.0201,0.2101,0.00510000000000001,0.3376,0.0425999999999998,0.4676,0.0626,0.7176,0.1326
NGC_6520,0.29635,0.0065951905283833,0.9186850000000001,0.02044509063798823,1.59828162,0.46171838,0.48135,0.00554862367942585,0.1651,0.0001,0.3551,0.00510000000000001,0.5451,0.00510000000000001,0.8351,0.0001
NGC_654,0.09635,0.0284670142947755,0.29868500000000003,0.08824774431380406,2.731127675,0.111127675,1.0751,0.0177776695296637,0.1101,0.1101,0.3701,0.3701,0.6376,0.6076,0.9401,0.8751
NGC_6544,0.65385,0.0156623744974859,2.0269350000000004,0.04855336094220629,2.45150319,0.48849681,0.9776,0.0431842198490352,0.4251,0.0201,0.8001,0.0751,1.3101,0.0351,1.8651,0.1501
NGC_6561,0.4026,0.00759999999999998,1.2480600000000002,0.02355999999999994,1.37973639,0.17026361,0.6276,0.0161078105935821,0.2751,0.0101,0.5526,0.0026,0.8251,0.00510000000000001,1.1801,0.0101
NGC_6568,0.24135,0.00424578098794425,0.7481850000000001,0.013161921062627176,1.008522615,0.211477385,0.35885,0.0195855715851499,0.1976,0.0026,0.3526,0.0026,0.4851,0.0151,0.7301,0.00510000000000001
NGC_6569,0.4076,0.00911387818865996,1.26356,0.028253022384845877,1.08245082,0.09754918,0.6501,0.0001,0.3001,0.0101,0.5676,0.00759999999999995,0.8301,0.00510000000000001,1.2026,0.0226000000000001
NGC_659,0.63385,0.0195855715851499,1.964935,0.06071527191396469,2.111532675,0.011532675,0.9651,0.0288228132326901,0.2751,0.00510000000000001,0.7701,0.0001,1.1951,0.0351,1.7426,0.00260000000000006
NGC_6603,0.1176,0.0193028643696715,0.36456,0.05983887954598165,3.007323205,0.362676795000001,0.37635,0.00554862367942585,0.3751,0.00510000000000001,0.4551,0.0251,0.5901,0.0551,0.7626,0.117600000000001
NGC_6604,0.8126,0.0437606229914324,2.51906,0.13565793127344045,2.87738637,0.297386369999997,1.22885,0.0268803566070357,0.1601,0.00510000000000001,0.7726,0.0126,1.4501,0.0651,1.9491,0.0610999999999999
NGC_663,0.54885,0.0109253175473055,1.7014349999999998,0.03386848439664705,2.0,,0.81635,0.0164458710382775,0.3001,0.00510000000000001,0.6826,0.0026,1.0251,0.00510000000000001,1.5051,0.00510000000000001
NGC_6631,0.27385,0.0327678358634299,0.848935,0.10158029117663268,3.321503655,0.208496345,0.67385,0.0022650635094611,0.3201,0.0101,0.5601,0.0451,0.8101,0.110099999999999,1.0926,0.192599999999999
NGC_6633,0.1851,0.00800569415042095,0.5738099999999999,0.024817651866304948,0.61360256,0.22639744,0.2601,0.00717106781186548,0.1101,0.0001,0.2076,0.00759999999999999,0.3151,0.0151,0.4951,0.0351
NGC_6645,0.3276,0.00839156197588851,1.01556,0.02601384212525438,1.126009425,0.163990575000001,0.53635,0.00970143218483577,0.2351,0.0001,0.4476,0.0026,0.6701,0.00510000000000001,0.9726,0.0226
NGC_6664,0.05635,0.0120242400177118,0.174685,0.03727514405490658,2.745409765,0.204590235,0.9076,0.0044301270189222,0.1876,0.0376,0.4026,0.2276,0.6201,0.3851,0.9301,0.6101
NGC_6683,0.4651,0.00622372435695793,1.44181,0.019293545506569584,2.35870969,0.261290310000001,0.11885,0.0202168461742889,0.0301,0.0301,0.1826,0.1826,0.3351,0.3351,0.5651,0.5601
NGC_6709,0.2801,0.00945414346693484,0.86831,0.029307844747498004,0.863321385,0.026678615,0.4351,0.0151,0.1751,0.0001,0.3576,0.00760000000000001,0.5626,0.0126,0.7676,0.0276
NGC_6716,0.15635,0.00424578098794425,0.484685,0.013161921062627176,0.68725396,0.05274604,0.28635,0.0022650635094611,0.1201,0.0051,0.2276,0.0126,0.3376,0.0226,0.4876,0.0376
NGC_6728,0.24385,0.00902678553567857,0.755935,0.02798303516060357,0.851199025,0.228800975,0.4076,0.00443012701892217,0.1951,0.0001,0.3551,0.0001,0.5176,0.0026,0.7451,0.0201
NGC_6735,0.1651,0.0177776695296635,0.51181,0.05511077554195685,2.597362125,0.0826378750000001,0.3826,0.0115564392373896,0.3601,0.0001,0.4801,0.0201,0.5976,0.0326,0.8076,0.0676
NGC_6752,0.09135,0.0410839907768875,0.283185,0.12736037140835124,1.36,0.0,0.21385,0.0375791608764125,0.0001,0.0001,0.0001,0.0001,0.0001,0.0001,0.0026,0.0026
NGC_6755,0.7601,0.00717106781186548,2.35631,0.022230310216782987,2.55551538,0.00448461999999994,1.05135,0.00659519052838333,0.3576,0.00760000000000001,0.8701,0.0351,1.3326,0.0526,1.9326,0.0526000000000001
NGC_6774,0.10135,0.00659519052838329,0.314185,0.0204450906379882,,,0.1951,0.0112803398874989,0.0851,0.0051,0.1651,0.00510000000000001,0.2426,0.00760000000000001,0.3451,0.0501000000000003
NGC_6791,0.17385,0.00226506350946109,0.538935,0.007021696879329379,0.816941625,0.163058375,0.25135,0.0114880419739304,0.1476,0.0026,0.2526,0.0026,0.3851,0.0201,0.5051,0.00510000000000001
NGC_6793,0.2726,0.00839156197588851,0.84506,0.02601384212525438,1.0598288,0.0301712000000001,0.38385,0.0148372826531895,0.2226,0.0026,0.3976,0.0026,0.5476,0.00760000000000001,0.8001,0.00510000000000001
NGC_6800,0.3076,0.0044301270189222,0.95356,0.01373339375865882,1.155833895,0.084166105,0.4026,0.0168705098312484,0.2351,0.00509999999999999,0.4251,0.0201,0.5876,0.0476,0.8626,0.0576
NGC_6811,0.1151,0.00363553390593274,0.35681,0.011270155108391494,0.174119785,0.085880215,0.15135,0.00902678553567856,0.0651,0.00510000000000001,0.1226,0.0076,0.1876,0.0176,0.2901,0.0251
NGC_6819,0.20135,0.0168238602003246,0.624185,0.05215396662100626,0.50919564,0.19080436,0.2026,0.00443012701892219,0.1326,0.0126,0.2301,0.0351000000000001,0.3351,0.0600999999999999,0.5126,0.1126
NGC_6823,0.07135,0.0400022242487809,0.221185,0.1240068951712208,2.63106579,0.25106579,0.35885,0.0282458256229943,0.0001,0.0001,0.0026,0.0026,0.0501,0.0501,0.1676,0.1576
NGC_6830,0.51885,0.00902678553567857,1.608435,0.02798303516060357,1.81422389,0.0657761099999999,0.7951,0.0142421356237309,0.3051,0.00510000000000001,0.6626,0.0126,1.0076,0.0176,1.4526,0.0176
NGC_6834,0.0076,0.0083915619758885,0.02356,0.026013842125254354,2.29461823,0.08461823,0.1826,0.0130903810567666,0.0001,0.0001,0.0226,0.0226,0.0651,0.0601,0.1626,0.0726
NGC_6846,0.2251,0.012847548783982,0.69781,0.0398274012303442,3.109696065,0.039696065,0.5251,0.0001,0.2076,0.0126,0.3876,0.0426000000000001,0.5951,0.0851000000000006,0.8601,0.0951000000000003
NGC_6866,0.16385,0.00659519052838328,0.507935,0.02044509063798817,0.42696287,0.11303713,0.2251,0.00363553390593274,0.1126,0.0026,0.2076,0.0026,0.3026,0.0126,0.4576,0.0276
NGC_6871,0.41385,0.00749509972887451,1.282935,0.023234809159510983,1.38048985,0.0495101499999999,0.64885,0.0164458710382775,0.3026,0.0026,0.5801,0.00510000000000001,0.8751,0.0201,1.2176,0.0176000000000001
NGC_6874,0.40885,0.00554862367942582,1.267435,0.017200733406220043,1.473510085,0.103510085,0.6676,0.0179535710713571,0.2976,0.0026,0.5751,0.0151,0.8551,0.0401,1.2151,0.0451
NGC_6882,0.5976,0.0130903810567666,1.8525600000000002,0.040580181275976464,1.96404117,0.02595883,0.88135,0.0273431183971292,0.4151,0.0001,0.8501,0.0101,1.2626,0.0426,1.6801,0.0551000000000001
NGC_6883,0.4151,0.00622372435695795,1.28681,0.019293545506569646,1.619579405,0.070420595,0.66635,0.0156623744974859,0.3126,0.0026,0.6001,0.0301,0.8751,0.0251,1.2451,0.0500999999999999
NGC_6910,0.2876,0.00443012701892217,0.8915600000000001,0.013733393758658728,3.61586423,0.21586423,1.55385,0.0246903944661325,0.2916,0.2666,0.7926,0.5476,1.3626,0.8176,1.8376,1.0376
NGC_6939,0.23635,0.0135047566184545,0.732685,0.04186474551720895,1.286143625,0.046143625,0.39885,0.0065951905283833,0.2676,0.0026,0.4426,0.0126,0.5876,0.0426,0.8201,0.0401
NGC_6940,0.21135,0.00829679815537751,0.655185,0.025720074281670283,0.61724157,0.16275843,0.26635,0.00554862367942585,0.1651,0.0001,0.2851,0.0101,0.4051,0.0151,0.5851,0.0451
NGC_6991,0.15135,0.0022650635094611,0.4691850000000001,0.00702169687932941,0.444020005,0.155979995,0.21135,0.0103316909648406,0.0951,0.0001,0.1901,0.0001,0.2726,0.0226,0.4201,0.0101
NGC_6997,0.3451,0.0260807621135332,1.0698100000000001,0.08085036255195292,2.2,,0.6551,0.00622372435695795,0.3576,0.0026,0.6301,0.0301,0.8776,0.0826,1.1951,0.1251
NGC_7024,0.56385,0.0182572988079174,1.747935,0.056597626304543944,1.999729335,0.000270664999999948,0.8576,0.0249746859276655,0.3751,0.00510000000000001,0.7876,0.0126,1.1901,0.0351,1.6351,0.0250999999999999
NGC_7031,0.25135,0.0246903944661325,0.7791850000000001,0.07654022284501076,3.22954302,0.000456980000000051,1.15135,0.0182572988079174,0.4726,0.0925999999999999,0.8426,0.3026,1.1926,0.5176,1.5676,0.7376
NGC_7039,0.17135,0.0168238602003246,0.531185,0.05215396662100626,0.62165704,0.35834296,0.27385,0.0065951905283833,0.1451,0.0150999999999999,0.2476,0.0126,0.3476,0.0176,0.5076,0.0326
NGC_7044,0.44885,0.0325759526419165,1.3914350000000002,0.10098545318994115,1.76080341,0.12919659,0.71885,0.0208289049397213,0.3376,0.00759999999999998,0.6776,0.00760000000000001,1.0101,0.0151,1.3301,0.0751000000000001
NGC_7058,0.10385,0.0125373429638328,0.321935,0.03886576318788168,0.34794234,0.22205766,0.1201,0.00945414346693486,0.0601,0.0001,0.0976,0.0126,0.1526,0.0326,0.2726,0.0626
NGC_7062,0.14135,0.0120242400177118,0.43818500000000005,0.03727514405490658,1.54808834,0.11808834,0.4151,0.159277573797316,0.3651,0.0301,0.4851,0.0151,0.5951,0.0301,0.7626,0.0776000000000007
NGC_7063,0.0976,0.0026,0.30256000000000005,0.00806,0.20164314,0.0683568600000001,0.1501,0.0001,0.0451,0.0001,0.1026,0.0026,0.1726,0.00759999999999999,0.2501,0.0001
NGC_7067,0.7051,0.0001,2.18581,0.00031,2.5064291,0.2064291,1.0226,0.0109972473588517,0.0676,0.0176,0.5576,0.0176,1.0051,0.00510000000000001,1.5951,0.0350999999999999
NGC_7082,0.26135,0.0065951905283833,0.8101850000000002,0.02044509063798823,0.73228948,0.01228948,0.4101,0.0151,0.2001,0.0001,0.3801,0.0101,0.5601,0.0201,0.7726,0.0376
NGC_7086,0.16135,0.0144069039278245,0.500185,0.04466140217625595,2.25888487,0.0411151299999999,0.3626,0.00839156197588851,0.3351,0.0101,0.4576,0.0176,0.5726,0.0576,0.7626,0.102600000000001
NGC_7128,0.8276,0.014461406616345,2.56556,0.044830360510669506,3.157500865,0.0275008650000002,1.1736,0.00160000000000006,0.1601,0.0250999999999999,0.7226,0.0426,1.2791,0.0611000000000001,1.9301,0.0751
NGC_7129,0.2401,0.00510000000000001,0.74431,0.015810000000000032,2.219152755,0.079152755,0.39885,0.0022650635094611,0.1976,0.00759999999999999,0.3601,0.0201,0.5326,0.0276,0.7701,0.0101
NGC_7142,0.35885,0.0542265877365274,1.112435,0.16810242198323494,1.37103458,0.08103458,0.4676,0.021750635094611,0.3551,0.00510000000000001,0.5551,0.0151,0.7576,0.0026,1.1776,0.1826
NGC_7160,0.3051,0.00622372435695795,0.9458099999999999,0.019293545506569646,1.112932935,0.137067065,0.4826,0.0130903810567666,0.2426,0.00760000000000001,0.4451,0.0101,0.6601,0.0251,0.8976,0.0326
NGC_7209,0.1601,0.0001,0.49631,0.00031,0.54181296,0.14818704,0.2376,0.0076,0.1451,0.0001,0.2351,0.00509999999999999,0.3276,0.0176,0.4801,0.0101
NGC_7226,0.4551,0.0107066017177982,1.4108100000000001,0.033190465325174424,2.051163215,0.178836785,0.72135,0.0022650635094611,0.2401,0.0001,0.5326,0.0126,0.8201,0.0251,1.2451,0.00510000000000001
NGC_7235,0.7401,0.012847548783982,2.29431,0.0398274012303442,2.540376475,0.060376475,1.06635,0.0125373429638327,0.0826,0.0126,0.6126,0.0276,1.1076,0.0376,1.7076,0.0576
NGC_7243,0.19635,0.00424578098794425,0.608685,0.013161921062627176,0.69749313,0.10250687,0.31635,0.0022650635094611,0.1476,0.00759999999999999,0.2776,0.00759999999999998,0.4101,0.0101,0.5701,0.0301
NGC_7245,0.35635,0.00902678553567857,1.1046850000000001,0.02798303516060357,1.23725233,0.0827476700000001,0.53135,0.0144069039278245,0.2576,0.0026,0.4651,0.0151,0.7101,0.0151,1.0201,0.0501000000000001
NGC_7261,0.8176,0.0161078105935821,2.53456,0.04993421284010451,2.996918075,0.00691807499999997,1.1776,0.0130903810567666,0.1401,0.00509999999999999,0.7251,0.0201,1.3001,0.0401,1.9551,0.0801000000000001
NGC_7281,0.4801,0.0207155281280883,1.48831,0.06421813719707374,1.635826075,0.0341739249999999,0.75135,0.0199037243971936,0.2901,0.0001,0.6251,0.0201,0.9876,0.0026,1.3476,0.0526
NGC_7296,0.18885,0.00424578098794425,0.585435,0.013161921062627176,0.538789465,0.321210535,0.3101,0.00363553390593274,0.1601,0.0001,0.2726,0.0026,0.3976,0.0026,0.5751,0.0101
NGC_7380,0.5076,0.0161078105935821,1.5735600000000003,0.04993421284010451,1.82605874,0.02605874,0.77135,0.00554862367942585,0.1401,0.0151,0.4701,0.0151,0.8401,0.0551,1.3076,0.0776
NGC_7419,0.42385,0.0301780235387899,1.313935,0.0935518729702487,,,0.75385,0.0114880419739304,0.1026,0.0026,0.4326,0.00760000000000001,0.7451,0.0351,1.1351,0.0701000000000001
NGC_7423,0.3351,0.00800569415042094,1.03881,0.024817651866304916,0.05,,0.5201,0.0087602540378444,0.2801,0.00509999999999998,0.4951,0.00510000000000001,0.7176,0.00760000000000001,0.9826,0.0276
NGC_7429,0.1676,0.0026,0.51956,0.00806,0.60917809,0.16082191,0.2426,0.0109972473588517,0.1301,0.00510000000000001,0.2176,0.0126,0.3101,0.0151,0.4651,0.0201
NGC_743,0.4731,0.020581699148264,1.4666100000000002,0.0638032673596184,1.63264515,0.15735485,0.8301,0.0323102468168128,0.4001,0.0201,0.7751,0.0950999999999997,1.1156,0.1696,1.5651,0.1401
NGC_7438,0.2426,0.00760000000000001,0.7520600000000001,0.023560000000000032,0.805943605,0.00405639500000005,0.31635,0.0065951905283833,0.2101,0.00510000000000001,0.3476,0.0176,0.4876,0.0326,0.7101,0.0551
NGC_744,0.3126,0.00569016994374948,0.96906,0.017639526825623388,1.06385489,0.15614511,0.43135,0.0065951905283833,0.2326,0.00759999999999999,0.4351,0.0151,0.6251,0.0351,0.8826,0.0276
NGC_7510,0.2801,0.0204100960115899,0.86831,0.06327129763592869,3.240387715,0.0403877149999998,1.0721,0.0448157690306228,0.0426,0.0326,0.4166,0.2066,0.7446,0.3496,1.1776,0.5126
NGC_752,0.0876,0.00443012701892219,0.27156,0.01373339375865879,,,0.13135,0.0065951905283833,0.0526,0.0026,0.0976,0.0026,0.1426,0.0126,0.2476,0.0126
NGC_7762,0.4601,0.0294683503111768,1.42631,0.09135188596464808,2.6,,0.75385,0.00902678553567857,0.5051,0.00510000000000001,0.8976,0.0476,1.2076,0.0926,1.5326,0.1826
NGC_7788,0.4851,0.00363553390593274,1.5038099999999999,0.011270155108391494,1.496610195,0.056610195,0.7376,0.0109972473588517,0.2551,0.0101,0.5651,0.0101,0.8676,0.0026,1.3001,0.0101
NGC_7789,0.28385,0.0152554445662277,0.879935,0.047291878155305875,0.904569105,0.125430895,0.33885,0.00970143218483574,0.2101,0.0001,0.3651,0.0301,0.5351,0.0501,0.7776,0.102599999999999
NGC_7790,0.5001,0.00622372435695795,1.55031,0.019293545506569646,1.80374904,0.10625096,0.77385,0.0022650635094611,0.2576,0.0026,0.5701,0.0001,0.8876,0.0276,1.3526,0.00760000000000006
NGC_869,0.50635,0.00554862367942585,1.569685,0.017200733406220133,1.673307845,0.0966921550000001,0.7651,0.014242135623731,0.3201,0.0001,0.6601,0.0101,0.9876,0.0176,1.4176,0.0176000000000001
NGC_884,0.5026,0.00569016994374948,1.5580600000000002,0.017639526825623388,1.594391545,0.0156084550000001,0.76635,0.0130301005409858,0.3251,0.00510000000000001,0.6726,0.0176,0.9801,0.0251,1.4226,0.0376
NGC_886,0.37135,0.0130301005409858,1.1511850000000001,0.04039331167705598,1.95,,0.5701,0.00717106781186544,0.2651,0.00510000000000001,0.5326,0.0126,0.7726,0.0276,1.0776,0.0376
NGC_957,0.71885,0.0125373429638328,2.228435,0.03886576318788168,2.222762515,0.0072374850000001,1.04885,0.0195855715851499,0.4326,0.00760000000000001,0.9401,0.0351,1.4051,0.0101,1.9901,0.0451
Nor_OB5,0.0951,0.0516994186013757,0.29481,0.16026819766426467,3.139292845,0.119292845,0.5501,0.0260807621135331,0.0001,0.0001,0.1276,0.1276,0.2626,0.2576,0.4176,0.4026
OBP-b,0.02885,0.0065951905283833,0.089435,0.02044509063798823,0.38001584,0.18998416,0.0976,0.0044301270189222,0.0501,0.0051,0.0626,0.0026,0.0951,0.00510000000000001,0.1376,0.0275999999999999
OC-0003,0.1301,0.0151,0.40331,0.046810000000000004,2.78413843,0.19586157,0.4501,0.0201,0.2101,0.00510000000000001,0.3376,0.0425999999999998,0.4676,0.0626,0.7176,0.1326
OC-0007,0.6326,0.00839156197588851,1.9610600000000002,0.02601384212525438,2.79645654,0.25354346,0.9301,0.0087602540378444,0.3601,0.0001,0.7976,0.0026,1.1951,0.0151,1.7551,0.0200999999999999
OC-0008,0.30385,0.0374120288914985,0.9419350000000001,0.11597728956364535,3.12889034,0.11889034,0.8201,0.0451,0.1851,0.00510000000000001,0.5001,0.0750999999999999,0.7451,0.1251,1.1601,0.2801
OC-0009,0.7776,0.0202556443707464,2.41056,0.06279249754931383,3.26216208,0.03216208,1.1676,0.0320178633370092,0.3451,0.00509999999999998,0.9651,0.0001,1.5451,0.0001,2.1376,0.0326
OC-0015,0.4726,0.00839156197588848,1.46506,0.02601384212525429,4.4289967,0.1110033,0.88635,0.0195855715851499,0.2426,0.0876000000000001,0.6251,0.1051,1.0626,0.1276,1.4951,0.1201
OC-0017,0.2526,0.0044301270189222,0.78306,0.01373339375865882,0.805678285,0.045678285,0.40385,0.0282458256229943,0.1901,0.0200999999999999,0.3651,0.0101,0.5176,0.0176,0.7601,0.0351
OC-0020,0.2626,0.00569016994374948,0.81406,0.017639526825623388,1.290371555,0.309628445,0.45385,0.00902678553567857,0.1926,0.0026,0.3676,0.0026,0.5476,0.0126,0.8051,0.0201
OC-0023,0.4776,0.0168705098312484,1.48056,0.05229858047687004,4.19942565,0.450574350000001,0.7776,0.0252246890528023,0.1976,0.0276,0.5976,0.0226,0.9651,0.0451,1.3801,0.0801
OC-0025,0.0101,0.0101,0.03131,0.03131,2.06096738,0.299032619999998,0.2126,0.0104077640640441,0.2351,0.0001,0.2351,0.0201,0.3026,0.0526,0.3941,0.0661
OC-0026,0.27135,0.0065951905283833,0.841185,0.02044509063798823,,,0.4776,0.00759999999999998,0.2226,0.0026,0.4151,0.0151,0.6076,0.0226,0.8601,0.0501
OC-0027,0.8316,0.0129160056179763,2.57796,0.04003961741572653,3.0424095,0.00240949999999995,1.24885,0.0097014321848357,0.2876,0.00759999999999998,0.9051,0.0151,1.4776,0.0126,2.1851,0.0501000000000001
OC-0028,0.4501,0.00622372435695795,1.39531,0.019293545506569646,2.095874365,0.144125635,0.6976,0.0044301270189222,0.1176,0.0076,0.4451,0.0251,0.7476,0.0376,1.1501,0.0500999999999999
OC-0030,0.2026,0.0594190525885234,0.6280600000000001,0.18419906302442254,1.53323123,0.03676877,0.51385,0.0168238602003246,0.3376,0.0026,0.5126,0.0176,0.5601,0.1251,0.9501,0.1001
OC-0034,0.49635,0.0171934929139717,1.538685,0.05329982803331228,1.33,,0.7976,0.0226,0.3101,0.0001,0.6776,0.0326,1.0651,0.0101,1.4576,0.0576
OC-0043,0.3401,0.00622372435695793,1.05431,0.019293545506569584,1.2,,0.5651,0.0001,0.1476,0.0026,0.3726,0.0026,0.6026,0.0126,0.9401,0.0001
OC-0094,0.5176,0.0208665596572952,1.60456,0.06468633493761512,4.022589155,0.132589155,0.8676,0.0189745860881769,0.2401,0.0101,0.6651,0.0401,1.0151,0.0551000000000001,1.4651,0.1151
OC-0120,1.18885,0.0164458710382775,3.685435,0.050982200218660255,4.539544945,0.279544945,1.6376,0.0342869858279433,0.6501,0.0101,1.6101,0.0151,2.4451,0.0101,3.2776,0.0276000000000001
OC-0122,0.2876,0.00443012701892217,0.8915600000000001,0.013733393758658728,3.61586423,0.21586423,1.55385,0.0246903944661325,0.2916,0.2666,0.7926,0.5476,1.3626,0.8176,1.8376,1.0376
OC-0125,0.26135,0.0139631706330118,0.8101850000000002,0.04328582896233658,3.33902153,0.0390215300000001,0.6051,0.00945414346693486,0.1476,0.0175999999999999,0.3776,0.0376,0.6151,0.0850999999999999,0.9376,0.1176
OC-0127,0.6701,0.0218944947177034,2.07731,0.06787293362488055,2.476289225,0.076289225,1.0351,0.0253487623459052,0.2926,0.0326000000000004,0.8226,0.0026,1.3101,0.0251,1.8526,0.00259999999999995
OC-0128,0.8376,0.0266753645318366,2.59656,0.08269363004869346,5.149083595,0.439083595,1.2451,0.0300999999999999,0.6526,0.00760000000000001,1.3526,0.0276,1.9276,0.0226,2.5901,0.0501000000000001
OC-0130,0.58135,0.0144069039278245,1.8021850000000001,0.04466140217625595,2.196346105,0.183653895,0.8976,0.0179535710713571,0.3201,0.00510000000000001,0.7301,0.0001,1.1451,0.00510000000000001,1.6301,0.00510000000000001
OC-0139,0.17135,0.0168238602003246,0.531185,0.05215396662100626,0.62165704,0.35834296,0.27385,0.0065951905283833,0.1451,0.0150999999999999,0.2476,0.0126,0.3476,0.0176,0.5076,0.0326
OC-0140,0.24885,0.0114880419739304,0.771435,0.03561293011918425,0.7,,0.3776,0.0304108891324554,0.1701,0.0301,0.3451,0.0101,0.5026,0.0026,0.7151,0.0301
OC-0145,0.5501,0.0290395922569755,1.70531,0.09002273599662405,3.82289701,0.03710299,0.84635,0.0195855715851499,0.6001,0.0101,1.0151,0.0001,1.3976,0.0426,1.7851,0.0651000000000001
OC-0154,0.0651,0.00510000000000001,0.20181000000000002,0.015810000000000032,0.707422045,0.282577955,0.1576,0.00760000000000001,0.0401,0.0101,0.0851,0.0151,0.1451,0.0250999999999999,0.2126,0.0475999999999999
OC-0158,0.3376,0.00839156197588849,1.0465600000000002,0.02601384212525432,1.05424434,0.0,0.53385,0.023915698604072,0.2451,0.00510000000000001,0.4926,0.00760000000000001,0.7501,0.0301,0.9826,0.0376
OC-0168,0.7126,0.0161078105935821,2.20906,0.04993421284010451,3.507812715,0.0721872850000001,1.0501,0.0174205080756888,0.0876,0.0026,0.5876,0.0126,1.1026,0.00259999999999995,1.6951,0.0801
OC-0170,0.03135,0.0189331489666492,0.09718500000000001,0.058692761796612515,1.86300123,0.10300123,0.2301,0.0151,0.2576,0.00760000000000001,0.2826,0.0276,0.3376,0.0326,0.4251,0.1351
OC-0181,0.31135,0.0065951905283833,0.9651850000000001,0.02044509063798823,1.160985905,0.249014095,0.4901,0.00622372435695795,0.2326,0.00759999999999999,0.4301,0.0001,0.6301,0.00510000000000001,0.8976,0.0176
OC-0194,0.07635,0.0208289049397213,0.236685,0.06456960531313603,2.634104155,0.0841041550000001,1.22135,0.0313999600638723,0.2631,0.2631,0.5651,0.5301,0.9251,0.8251,1.2251,1.0701
OC-0196,0.3426,0.0130903810567666,1.06206,0.040580181275976464,1.95870427,0.12129573,0.4726,0.029574565306379,0.3026,0.0026,0.5151,0.0101,0.7051,0.0251,1.0276,0.0476
OC-0206,0.5751,0.038505728739343,1.7828099999999998,0.1193677590919633,3.8006795,0.1906795,1.38385,0.00226506350946115,0.2641,0.00610000000000001,0.8226,0.112600000000001,1.2791,0.2391,1.9151,0.4051
OC-0208,0.5501,0.00800569415042095,1.70531,0.024817651866304948,1.777847775,0.112152225,0.8526,0.0427468052730799,0.4126,0.0026,0.8276,0.0376,1.1951,0.0751,1.6351,0.1001
OC-0211,0.4076,0.00911387818865996,1.26356,0.028253022384845877,1.32,,0.7001,0.0177776695296637,0.0751,0.0001,0.3851,0.0351,0.6901,0.0501,1.0601,0.0601000000000001
OC-0232,0.22135,0.00424578098794425,0.686185,0.013161921062627176,0.88509468,0.0949053200000006,0.32635,0.0022650635094611,0.1526,0.0026,0.3051,0.0001,0.4376,0.0026,0.6226,0.00760000000000001
OC-0237,0.61635,0.0125373429638328,1.910685,0.03886576318788168,2.113532725,0.0164672749999999,0.95385,0.0323829289253624,0.3451,0.0151,0.8001,0.0501,1.2501,0.0651,1.7176,0.0476
OC-0254,0.5276,0.0626,1.63556,0.19406,2.269173335,0.119173335,0.75385,0.0828930401664299,0.0001,0.0001,0.1676,0.0276,0.5026,0.0276,0.9351,0.1001
OC-0287,0.2001,0.00717106781186547,0.62031,0.02223031021678296,0.36971797,0.0,0.3276,0.0144614066163451,0.1401,0.0001,0.2826,0.00759999999999998,0.4476,0.0176,0.6051,0.0101
OC-0289,0.3551,0.012847548783982,1.10081,0.0398274012303442,2.33247888,0.0375211200000001,0.6176,0.0179535710713571,0.5401,0.00510000000000001,0.8101,0.0301,1.0501,0.0251,1.4051,0.0701000000000001
OC-0302,0.5701,0.00717106781186544,1.7673100000000002,0.022230310216782866,1.91842015,0.0184201500000001,0.87885,0.0239156986040721,0.3401,0.00509999999999998,0.7476,0.0226,1.1251,0.0401,1.6151,0.0401
OC-0303,0.4726,0.0284945417290014,1.46506,0.08833307935990434,1.77508224,0.12508224,0.70385,0.0529411534696206,0.0051,0.0051,0.0726,0.0076,0.3651,0.0201,0.7926,0.0576
OC-0310,0.53885,0.00424578098794425,1.6704350000000001,0.013161921062627176,1.879436145,0.0494361449999999,0.79635,0.00970143218483577,0.1801,0.0201000000000001,0.5301,0.00510000000000001,0.8726,0.0176,1.3726,0.0476
OC-0330,0.2651,0.00800569415042095,0.82181,0.024817651866304948,0.80662761,0.05337239,0.4276,0.0144614066163451,0.2226,0.00760000000000001,0.4101,0.0101,0.5901,0.0201,0.8151,0.0351
OC-0340,0.02885,0.0065951905283833,0.089435,0.02044509063798823,0.38001584,0.18998416,0.0976,0.0044301270189222,0.0501,0.0051,0.0626,0.0026,0.0951,0.00510000000000001,0.1376,0.0275999999999999
OC-0342,0.2326,0.00569016994374947,0.72106,0.017639526825623357,2.38,,0.3476,0.00759999999999999,0.2501,0.0001,0.3801,0.00510000000000001,0.5426,0.0176,0.7401,0.0201
OC-0352,0.2751,0.012847548783982,0.8528100000000001,0.0398274012303442,0.86821574,0.16178426,0.4201,0.0146773797371133,0.1901,0.0001,0.3576,0.00760000000000001,0.5601,0.0101,0.7726,0.0026
OC-0354,0.56635,0.00554862367942582,1.7556850000000002,0.017200733406220043,1.76524582,0.16475418,0.8201,0.0107066017177982,0.3526,0.0026,0.7351,0.0001,1.0951,0.00510000000000001,1.5551,0.0001
OC-0364,0.1451,0.00945414346693485,0.44981000000000004,0.029307844747498035,0.670252005,0.0997479949999994,0.2451,0.0001,0.1251,0.0001,0.2026,0.00259999999999999,0.2901,0.0101,0.4576,0.0126
OC-0374,0.05635,0.0168238602003246,0.174685,0.05215396662100626,0.75,,0.2276,0.0168705098312484,0.1876,0.0126,0.2326,0.00759999999999999,0.2801,0.0201,0.3951,0.0800999999999998
OC-0377,0.2576,0.0044301270189222,0.79856,0.01373339375865882,0.787903955,0.00209604499999999,0.38635,0.0109253175473055,0.1976,0.0026,0.3601,0.00510000000000001,0.5451,0.00510000000000001,0.7401,0.00510000000000001
OC-0380,0.4726,0.00569016994374946,1.46506,0.017639526825623326,1.361398905,0.051398905,0.7351,0.0146773797371133,0.2876,0.00759999999999998,0.6151,0.0251,0.8976,0.0226,1.3251,0.0550999999999999
OC-0390,0.1901,0.00363553390593274,0.58931,0.011270155108391494,0.783910645,0.0860893550000008,0.30635,0.0022650635094611,0.1176,0.0026,0.2276,0.0026,0.3551,0.0001,0.5301,0.00510000000000001
OC-0392,0.45135,0.0182572988079174,1.399185,0.056597626304543944,2.04722706,0.09277294,0.1426,0.0130903810567666,0.0826,0.0826,0.2541,0.2541,0.3726,0.3726,0.6326,0.5676
OC-0395,0.02135,0.0022650635094611,0.06618500000000001,0.00702169687932941,0.12,,0.0776,0.0130903810567666,0.0051,0.0051,0.0176,0.0176,0.0526,0.0176,0.0901,0.0301
OC-0399,0.05885,0.00829679815537752,0.182435,0.02572007428167031,2.64,,0.1126,0.0044301270189222,0.0401,0.0051,0.0701,0.0051,0.1176,0.0026,0.1651,0.0151
OC-0401,0.0276,0.00839156197588851,0.08556,0.02601384212525438,0.333220655,0.186779345,0.08885,0.0109253175473054,0.0201,0.0001,0.0451,0.0151,0.0801,0.0251,0.1001,0.0551
OC-0408,0.07885,0.0022650635094611,0.244435,0.00702169687932941,1.1,,0.1601,0.0001,0.0376,0.0026,0.0851,0.0001,0.1451,0.0101,0.2251,0.0201
OC-0412,0.4401,0.00363553390593274,1.36431,0.011270155108391494,1.518543835,0.028543835,0.69135,0.00659519052838325,0.1901,0.0001,0.4751,0.00510000000000001,0.7451,0.00510000000000001,1.1601,0.0101
OC-0432,0.2401,0.0001,0.74431,0.00031,0.68276029,0.01276029,0.37135,0.00970143218483577,0.1876,0.0026,0.3351,0.0001,0.4901,0.0001,0.7101,0.0001
OC-0442,0.10135,0.00226506350946109,0.314185,0.007021696879329379,0.31345632,0.13654368,0.19385,0.0022650635094611,0.1001,0.0051,0.1601,0.00510000000000001,0.2351,0.0151,0.3451,0.0201
OC-0444,0.47135,0.00749509972887451,1.461185,0.023234809159510983,1.752155,0.047845,0.77885,0.00970143218483577,0.1826,0.0026,0.4951,0.00510000000000001,0.8351,0.00510000000000001,1.2801,0.0151
OC-0448,0.4726,0.0044301270189222,1.46506,0.01373339375865882,1.43253828,0.08746172,0.70885,0.0438856997203425,0.2851,0.0151,0.6176,0.00760000000000001,0.9351,0.0201,1.3401,0.0101
OC-0451,0.0751,0.00363553390593274,0.23281000000000002,0.011270155108391494,0.503314495,0.186685505,0.1376,0.0621987117418711,0.0276,0.0276,0.1051,0.0201,0.1751,0.0201000000000002,0.2576,0.0426
OC-0457,0.2351,0.0118260393995586,0.7288100000000001,0.03666072213863166,0.82816114,0.03816114,0.4151,0.0159113883008419,0.1726,0.00259999999999999,0.3326,0.00760000000000001,0.4976,0.0575999999999994,0.7501,0.0401
OC-0464,0.1926,0.00569016994374948,0.59706,0.017639526825623388,1.02,,0.3301,0.0174205080756888,0.1501,0.0001,0.2651,0.0001,0.4301,0.0301,0.5751,0.0101
OC-0471,0.10885,0.00659519052838329,0.33743500000000004,0.0204450906379882,1.935086155,0.015086155,0.3101,0.0001,0.2851,0.0151,0.3426,0.0226,0.4651,0.0451,0.6126,0.0675999999999999
OC-0473,0.40135,0.0518656981021214,1.244185,0.16078366411657635,1.853199915,0.073199915,0.6051,0.0947044396421217,0.0001,0.0001,0.0001,0.0001,0.1601,0.0250999999999999,0.5426,0.0725999999999998
OC-0477,0.17885,0.0022650635094611,0.554435,0.00702169687932941,0.533902195,0.136097805,0.2951,0.0001,0.1276,0.0026,0.2351,0.0001,0.3576,0.0026,0.5401,0.0101
OC-0478,0.06635,0.0244349029174147,0.20568500000000003,0.07574819904398558,0.52737133,0.17262867,0.10385,0.00226506350946109,0.0326,0.0026,0.0626,0.0026,0.1351,0.0351,0.2126,0.0475999999999999
OC-0480,0.37385,0.0293350389088163,1.158935,0.09093862061733053,3.33104228,0.01895772,1.22635,0.0139631706330118,0.1351,0.1351,0.5776,0.2876,0.9426,0.3776,1.5101,0.5951
OC-0481,0.2926,0.00839156197588851,0.9070600000000001,0.02601384212525438,4.39,,0.4801,0.0204100960115899,0.2151,0.0001,0.4026,0.0026,0.6226,0.0126,0.8601,0.0101
OC-0485,0.3926,0.0026,1.21706,0.00806,4.66,,0.57385,0.0152554445662277,0.2326,0.00259999999999999,0.4676,0.0176,0.7126,0.0026,1.0476,0.0326000000000001
OC-0486,0.4401,0.012847548783982,1.36431,0.0398274012303442,4.25,,0.68385,0.0246903944661325,0.3201,0.00510000000000001,0.6276,0.0176,0.9526,0.0176,1.3001,0.0201
OC-0489,0.0726,0.00569016994374947,0.22506,0.017639526825623357,0.527586625,0.222413375,0.1826,0.0130903810567666,0.0701,0.0051,0.1076,0.0076,0.2001,0.0301,0.2626,0.0325999999999999
OC-0490,0.63635,0.0022650635094611,1.972685,0.00702169687932941,2.151538425,0.0884615750000002,0.93635,0.0185983107336859,0.4026,0.0226,0.8626,0.0376,1.2351,0.0251,1.7851,0.0251
OC-0492,0.6826,0.016493596310755,2.11606,0.051130148563340506,2.702839215,0.0328392150000001,1.0376,0.021750635094611,0.4001,0.0001,0.9051,0.0101,1.3351,0.0101,1.9501,0.0151
OC-0493,0.4351,0.0107066017177982,1.34881,0.033190465325174424,1.86033903,0.14033903,0.72135,0.0109253175473055,0.1526,0.00760000000000001,0.4226,0.0126,0.7501,0.0251,1.1701,0.0451
OC-0498,0.53885,0.0231149407994024,1.6704350000000001,0.07165631647814744,3.61679113,0.23679113,0.9151,0.0283842712474619,0.2901,0.00510000000000001,0.7176,0.00760000000000001,1.0926,0.0276000000000001,1.5776,0.0626
OC-0500,0.2726,0.00569016994374948,0.84506,0.017639526825623388,2.8,,0.61135,0.0530593004107871,0.0276,0.0276,0.1651,0.0250999999999999,0.3776,0.0276,0.6826,0.0926000000000002
OC-0510,0.5851,0.00717106781186548,1.81381,0.022230310216782987,2.0051659,0.1048341,0.8701,0.0001,0.3526,0.0026,0.7426,0.00760000000000001,1.1226,0.0226,1.6326,0.0276
OC-0515,0.12885,0.0202168461742888,0.399435,0.06267222314029527,2.292622975,0.0673770249999999,0.4101,0.0201,0.1326,0.0026,0.2501,0.0201,0.3726,0.0376,0.5801,0.1201
OC-0521,0.12635,0.0239156986040721,0.391685,0.07413866567262352,2.741972825,0.0480271750000001,0.4726,0.0026,0.1576,0.0376,0.2776,0.0676,0.4101,0.1451,0.6251,0.2001
OC-0537,0.4726,0.0327917420765551,1.46506,0.10165440043732081,2.927711755,0.117711755,0.84135,0.0065951905283833,0.0776,0.0026,0.4376,0.0026,0.7601,0.0351,1.2526,0.0326
OC-0551,0.34385,0.00659519052838327,1.065935,0.020445090637988137,0.74,,0.57135,0.00829679815537751,0.2451,0.00510000000000001,0.4576,0.0026,0.7051,0.0101,1.0401,0.0351
OC-0568,0.20135,0.00226506350946109,0.624185,0.007021696879329379,0.647001425,0.062998575,0.32885,0.0065951905283833,0.1501,0.0001,0.2726,0.0026,0.4101,0.0101,0.5951,0.0001
OC-0587,0.39635,0.0132029576813787,1.228685,0.04092916881227397,3.35595242,0.15595242,0.82385,0.153819509171738,0.3211,0.0440999999999999,0.4586,0.0036,0.8151,0.00509999999999995,1.2376,0.00259999999999995
OC-0589,0.5551,0.0001,1.7208100000000002,0.00031,2.2670961,0.232903900000004,0.89135,0.0325759526419165,0.3376,0.0176,0.7401,0.0251,1.0976,0.0276,1.6301,0.0451
OC-0592,0.5551,0.0001,1.7208100000000002,0.00031,2.2670961,0.232903900000004,0.89135,0.0325759526419165,0.3376,0.0176,0.7401,0.0251,1.0976,0.0276,1.6301,0.0451
OC-0596,0.2201,0.00876025403784438,0.68231,0.02715678751731758,0.81451098,0.37548902,0.2526,0.0421565096031518,0.1901,0.0001,0.2451,0.0601000000000001,0.3601,0.0901000000000001,0.5076,0.1376
OC-0601,0.29135,0.0271127284812179,0.903185,0.0840494582917755,3.04490303,0.06490303,0.63385,0.0144069039278245,0.4576,0.00760000000000001,0.6826,0.0176,0.9026,0.0626,1.2051,0.140099999999999
OC-0606,0.3901,0.00945414346693486,1.20931,0.02930784474749807,1.05883332,0.32883332,0.62635,0.0171934929139717,0.2476,0.00760000000000001,0.5201,0.0101,0.8126,0.0226,1.1201,0.0300999999999999
OC-0607,0.22385,0.00424578098794425,0.693935,0.013161921062627176,0.743124565,0.046875435,0.37385,0.0022650635094611,0.1526,0.00760000000000001,0.3076,0.00760000000000001,0.4601,0.0101,0.6626,0.0276
OC-0621,0.23135,0.0175553000547112,0.7171850000000001,0.05442143016960472,2.834648035,0.034648035,0.5451,0.0001,0.3251,0.00510000000000001,0.4951,0.0401,0.7126,0.0725999999999998,0.9676,0.1176
OC-0627,0.28385,0.0315990079208855,0.879935,0.09795692455474504,3.19720723,0.0372072299999999,0.81385,0.0369060796608386,0.1226,0.0076,0.4226,0.0876000000000002,0.6626,0.1576,1.0501,0.2951
OC-0631,0.16385,0.0022650635094611,0.507935,0.00702169687932941,0.464349665,0.025650335,0.26885,0.0022650635094611,0.1051,0.0001,0.2126,0.0026,0.3276,0.0026,0.4801,0.0101
OC-0660,0.27435,0.00448035386698381,0.8504849999999999,0.013889096987649811,2.981738005,0.0882619949999999,1.05385,0.0338962645864894,0.3351,0.0901000000000001,0.6911,0.2341,1.0926,0.3626,1.5051,0.4701
OC-0664,0.2251,0.00622372435695794,0.69781,0.019293545506569615,0.99801947,0.21198053,0.38635,0.0109253175473055,0.1876,0.0026,0.3351,0.00510000000000001,0.5126,0.00760000000000001,0.6976,0.0126
OC-0673,0.37635,0.0114880419739304,1.1666850000000002,0.03561293011918425,1.045096645,0.335096645,0.5901,0.00363553390593274,0.2451,0.00510000000000001,0.4876,0.00760000000000001,0.7451,0.0301,1.0676,0.00260000000000006
OC-0676,0.39635,0.0189331489666492,1.228685,0.058692761796612515,5.091387465,0.318612535,0.77135,0.0103316909648406,0.1801,0.00510000000000001,0.5051,0.0151,0.7976,0.0476,1.2676,0.0326
OC-0677,0.34885,0.0208289049397212,1.081435,0.06456960531313571,2.86,,0.57885,0.0022650635094611,0.4401,0.00510000000000001,0.6976,0.0026,0.9276,0.0326,1.2526,0.0226
OC-0680,0.50385,0.0277981497577005,1.561935,0.08617426424887155,4.24102234,0.0110223399999998,1.5876,0.0214600093632939,0.4501,0.0650999999999998,1.0726,0.2926,1.6351,0.5451,2.2376,0.7126
OC-0681,0.75635,0.00829679815537751,2.344685,0.025720074281670283,3.361535685,0.298464315,1.20385,0.00659519052838334,0.3976,0.0276,0.9401,0.0351,1.4951,0.0251,2.1351,0.0400999999999998
OC-0695,0.2151,0.00800569415042095,0.66681,0.024817651866304948,1.33070204,0.54929796,0.3651,0.00363553390593274,0.1751,0.0001,0.3151,0.0001,0.4676,0.00259999999999997,0.6601,0.0251
OC-0699,0.00885,0.0103316909648406,0.027435,0.03202824199100587,2.527305345,0.182694655,0.1901,0.00800569415042095,0.0001,0.0001,0.0001,0.0001,0.0151,0.0151,0.1176,0.0326
OCSN_68,0.16885,0.0139631706330118,0.523435,0.04328582896233658,0.918231275,0.531768725,0.3626,0.0130903810567666,0.1226,0.0076,0.2476,0.0226,0.3901,0.0251,0.5401,0.1001
OSC_155.12-59.68,0.31885,0.0022650635094611,0.9884350000000001,0.00702169687932941,0.84840246,0.30840246,0.5326,0.0109972473588517,0.2051,0.00509999999999999,0.4076,0.00259999999999997,0.6201,0.0101,0.9401,0.00509999999999995
OSC_161.01-58.48,0.4001,0.0438321392113393,1.24031,0.13587963155515184,2.70249271,0.21249271,0.6651,0.00510000000000001,0.0001,0.0001,0.2451,0.0101,0.5026,0.0026,0.9176,0.0126
PHOC_14,0.89885,0.0065951905283833,2.786435,0.02044509063798823,2.971591985,0.151591985,1.2476,0.021750635094611,0.4576,0.0725999999999999,1.0976,0.0276,1.6551,0.0651,2.3701,0.0350999999999999
PHOC_19,0.1976,0.0228760839478606,0.61256,0.07091586023836786,,,0.4701,0.00509999999999998,0.1176,0.0026,0.2776,0.0126,0.4351,0.0600999999999999,0.6601,0.1051
PHOC_22,0.21135,0.0443118479595685,0.655185,0.13736672867466238,1.80469887,0.16530113,0.55385,0.0152554445662276,0.4026,0.0026,0.5801,0.0351,0.7801,0.0800999999999991,0.9776,0.2426
PHOC_24,0.24885,0.0114880419739304,0.771435,0.03561293011918425,0.759224865,0.000775134999999982,0.4126,0.0130903810567666,0.2126,0.0026,0.3826,0.0176,0.5401,0.0151,0.7576,0.0626
PHOC_25,0.19385,0.00749509972887452,0.600935,0.02323480915951101,0.4612659,0.0212659,0.3551,0.0001,0.1976,0.0026,0.3226,0.0126,0.4601,0.0101,0.6601,0.0301
PHOC_27,0.3726,0.00839156197588851,1.15506,0.02601384212525438,1.13811871,0.01811871,0.61885,0.0103316909648406,0.2076,0.00759999999999999,0.4401,0.0101,0.7051,0.00510000000000001,1.0376,0.00759999999999995
PHOC_3,0.24635,0.0120242400177118,0.7636850000000001,0.03727514405490658,0.695538945,0.244461055,0.35885,0.0022650635094611,0.1901,0.00510000000000001,0.3426,0.0126,0.5001,0.0251,0.6951,0.00510000000000001
PHOC_30,0.4401,0.0163018517460197,1.36431,0.050535740412661075,1.53385863,0.02385863,0.61885,0.0168238602003246,0.2976,0.0026,0.5951,0.00510000000000001,0.8726,0.0326,1.2476,0.0276
PHOC_31,0.0951,0.0001,0.29481,0.00031,0.07971342,0.07971342,0.14385,0.00226506350946109,0.0501,0.0001,0.1001,0.0001,0.1626,0.0026,0.2526,0.00760000000000001
PHOC_34,0.53385,0.0321887441324836,1.6549350000000003,0.09978510681069916,1.922334175,0.157665825,0.71135,0.0125373429638328,0.2876,0.0026,0.6351,0.0401,0.9801,0.100100000000001,1.4526,0.1376
PHOC_36,0.4101,0.0107066017177982,1.2713100000000002,0.033190465325174424,1.346843335,0.163156665,0.6226,0.0161078105935821,0.2476,0.0026,0.5226,0.0026,0.7901,0.00510000000000001,1.1501,0.0001
PHOC_38,0.31135,0.0241767003553228,0.9651850000000001,0.0749477711015007,3.446619215,0.0533807850000001,0.66135,0.0139631706330118,0.2951,0.0151,0.5576,0.0626,0.7951,0.1101,1.1201,0.1751
PHOC_5,0.18635,0.00424578098794425,0.577685,0.013161921062627176,0.664818585,0.134818585,0.3301,0.0087602540378444,0.1826,0.0026,0.3076,0.0126,0.4251,0.0151,0.6126,0.0426
PHOC_6,0.42635,0.0065951905283833,1.321685,0.02044509063798823,2.1530196,0.3969804,0.6351,0.014242135623731,0.1026,0.0326,0.3776,0.0226,0.6551,0.0151,1.0576,0.0626000000000001
PHOC_9,0.55385,0.0195855715851498,1.7169349999999999,0.06071527191396438,2.008501595,0.00149840499999998,0.8576,0.0739664335134708,0.0101,0.0051,0.4526,0.0626,0.9876,0.1426,1.3001,0.0901
PHOC_J0531+4135,0.12635,0.0022650635094611,0.391685,0.00702169687932941,0.413273465,0.186726535,0.2001,0.00509999999999999,0.0751,0.0001,0.1526,0.00760000000000001,0.2376,0.0026,0.3501,0.0151
PHOC_J0710-0837,0.2551,0.00363553390593274,0.79081,0.011270155108391494,0.9,,0.38135,0.0065951905283833,0.2076,0.0026,0.3576,0.0026,0.4951,0.0001,0.7601,0.0151
PHOC_J0726-2104,0.2526,0.00569016994374948,0.78306,0.017639526825623388,0.680490505,0.219509495,0.4101,0.0118260393995586,0.1926,0.0026,0.3501,0.00510000000000001,0.5201,0.00510000000000001,0.7501,0.0201
PHOC_J0805-3214,0.3651,0.00363553390593274,1.13181,0.011270155108391494,0.64,,0.58135,0.0065951905283833,0.2401,0.0001,0.4751,0.00510000000000001,0.6901,0.00509999999999995,1.0701,0.00510000000000001
PHOC_J1706-4054,0.75885,0.00902678553567857,2.3524350000000003,0.02798303516060357,2.722092115,0.0779078849999999,1.17635,0.0082967981553775,0.4851,0.0251,1.0301,0.0151,1.5576,0.0426000000000001,2.1701,0.0450999999999999
PHOC_J1832-1214,0.5276,0.0297858552175948,1.63556,0.09233615117454388,3.38453462,0.03546538,0.7901,0.0001,0.3151,0.00510000000000001,0.6426,0.0126,1.0376,0.0776,1.5001,0.0801000000000001
PHOC_J2019+3641,0.29385,0.0114880419739304,0.910935,0.03561293011918425,3.13117111,0.0,0.5176,0.0247221445044903,0.2201,0.0251,0.4376,0.0426,0.6001,0.0251,0.9601,0.0550999999999999
PHOC_J2359+6123,0.4701,0.0197850196850295,1.45731,0.06133356102359145,2.02100575,0.02100575,0.7426,0.0130903810567666,0.1201,0.0001,0.4151,0.0101,0.7726,0.0326,1.1901,0.0501000000000001
PTB_6,0.5351,0.0197850196850295,1.6588100000000001,0.06133356102359145,2.7199362,0.1700638,0.8176,0.0130903810567665,0.6076,0.00760000000000001,1.0326,0.0426,1.3851,0.0550999999999999,1.8001,0.1001
Patchick_12,0.2551,0.0184711730708738,0.79081,0.05726063651970878,0.63,,0.33385,0.00829679815537751,0.1576,0.0026,0.3001,0.0101,0.4551,0.0401,0.6976,0.0676
Patchick_125,0.52385,0.0152554445662277,1.6239350000000001,0.047291878155305875,1.7617204,0.0782796,0.84135,0.0585567147554496,0.3276,0.00760000000000001,0.7251,0.0401,1.0951,0.0251,1.5526,0.0875999999999999
Patchick_3,0.34135,0.0130301005409857,1.058185,0.04039331167705567,1.01532562,0.01467438,0.4301,0.0101,0.2851,0.0101,0.4876,0.0226,0.6901,0.0351,0.9926,0.0726
Patchick_57,0.3101,0.0146773797371133,0.96131,0.04549987718505123,0.89941811,0.03058189,0.40885,0.0152554445662277,0.2251,0.00510000000000001,0.4126,0.0176,0.6001,0.0351,0.8926,0.0726
Patchick_79,0.06635,0.00749509972887452,0.20568500000000003,0.02323480915951101,0.27706702,0.12293298,0.1326,0.0044301270189222,0.0626,0.0076,0.1051,0.0051,0.1626,0.00760000000000001,0.2226,0.0276
Patchick_90,0.44135,0.0120242400177118,1.3681850000000002,0.03727514405490658,0.93,,0.64885,0.0022650635094611,0.2751,0.00510000000000001,0.5601,0.0001,0.8401,0.0151,1.2326,0.0226
Per_OB1A,0.20635,0.0299695078633712,0.6396850000000001,0.09290547437645072,2.55,,0.5051,0.0001,0.2976,0.0026,0.4551,0.0251,0.6426,0.0726000000000001,0.8401,0.1451
Pfleiderer_3,0.4851,0.0281624304008046,1.5038099999999999,0.08730353424249426,3.378795875,0.0212041249999999,0.8901,0.0451,0.3651,0.00510000000000001,0.7901,0.0351,1.1326,0.0326,1.6101,0.1501
Pfleiderer_4,0.4741,0.0101249688278817,1.46971,0.031387403366433274,,,0.7326,0.0044301270189222,0.0451,0.0051,0.3651,0.0001,0.6701,0.0251,1.0851,0.0151
Phelps-Lada_5,0.5051,0.00717106781186548,1.56581,0.022230310216782987,1.47,,0.76635,0.00902678553567857,0.2551,0.00510000000000001,0.5901,0.00510000000000001,0.9276,0.00760000000000001,1.3551,0.00510000000000001
Pickard_101,0.09635,0.0284670142947755,0.29868500000000003,0.08824774431380406,2.731127675,0.111127675,1.0751,0.0177776695296637,0.1101,0.1101,0.3701,0.3701,0.6376,0.6076,0.9401,0.8751
Pickard_102,0.55385,0.0273431183971292,1.7169349999999999,0.08476366703110053,1.643742705,0.213742705000001,0.87385,0.0307950728945217,0.2976,0.0226,0.7376,0.0426,1.1301,0.0551000000000001,1.5326,0.1276
Pickard_119,0.6976,0.00760000000000001,2.16256,0.023560000000000032,2.324825115,0.065174885,1.0226,0.0044301270189222,0.3826,0.0126,0.8501,0.0501,1.2851,0.0400999999999999,1.8551,0.0350999999999999
Pickard_157,0.0251,0.0001,0.07781,0.00031,0.12,,0.1551,0.0001,0.0326,0.0326,0.0576,0.0576,0.1051,0.0901,0.1551,0.1151
Pickard_160,0.38385,0.0065951905283833,1.1899350000000002,0.02044509063798823,1.45,,0.5701,0.0118260393995586,0.1751,0.00509999999999999,0.4001,0.0251,0.6526,0.0326,1.0101,0.0601000000000001
Pickard_182,0.4126,0.00569016994374946,1.27906,0.017639526825623326,1.292264605,0.00773539499999998,0.64385,0.00902678553567857,0.2826,0.00259999999999997,0.5551,0.00510000000000001,0.8226,0.0126,1.1826,0.0276
Pickard_211,0.8751,0.00363553390593274,2.71281,0.011270155108391494,3.6,,1.2901,0.0151,0.5051,0.0451,1.0376,0.0526000000000001,1.5076,0.1126,2.3301,0.0501000000000001
Pickard_221,0.5401,0.0107066017177982,1.6743100000000002,0.033190465325174424,1.95,,0.12385,0.0114880419739304,0.1776,0.1376,0.3701,0.3301,0.5676,0.4976,0.8151,0.6551
Pickard_225,0.2726,0.00569016994374948,0.84506,0.017639526825623388,0.912575655,0.067424345,0.44885,0.0152554445662277,0.1776,0.00759999999999999,0.3426,0.00759999999999998,0.5401,0.0201,0.7926,0.0026
Pickard_226,0.43885,0.00554862367942585,1.360435,0.017200733406220133,0.96,,0.68885,0.0042457809879442,0.0276,0.0026,0.3026,0.0376000000000002,0.5701,0.0600999999999995,1.0176,0.0476
Pickard_244,0.1376,0.0044301270189222,0.42656,0.01373339375865882,0.409845635,0.140154365,0.24635,0.0022650635094611,0.1176,0.0026,0.1951,0.0001,0.2901,0.00510000000000001,0.4226,0.0176
Pickard_246,0.4351,0.056889083458003,1.34881,0.1763561587198093,3.44,,0.9526,0.0161078105935821,0.0201,0.0001,0.4051,0.0151,0.7526,0.1476,1.1801,0.1851
Pickard_247,0.4151,0.0560016994374947,1.28681,0.17360526825623357,0.97,,0.92885,0.0303851035989643,0.0001,0.0001,0.2851,0.0201,0.5826,0.1226,1.0851,0.145099999999999
Pickard_260,0.30385,0.0152554445662277,0.9419350000000001,0.047291878155305875,4.35,,0.6726,0.0161078105935821,0.1826,0.0026,0.4126,0.0126,0.6726,0.0176,1.0601,0.0501000000000001
Pickard_52,0.40135,0.0022650635094611,1.244185,0.00702169687932941,1.254427975,0.135572024999999,0.61635,0.00970143218483577,0.2451,0.00510000000000001,0.5051,0.0101,0.7476,0.0126,1.1176,0.0176
Pickard_78,0.22885,0.00554862367942584,0.709435,0.017200733406220105,0.68,,0.3751,0.0001,0.1951,0.0101,0.3326,0.0026,0.4751,0.00510000000000001,0.7126,0.0026
Pickard_80,0.4201,0.0123474487139159,1.3023099999999999,0.038277091013139294,1.359022395,0.0509776049999999,0.6501,0.0235520787991171,0.2526,0.0026,0.5251,0.0001,0.8351,0.0201,1.1476,0.0176000000000001
Pismis_12,0.32635,0.0185983107336859,1.011685,0.05765476327442629,1.774947535,0.0650524650000001,0.55635,0.0152554445662276,0.4326,0.0026,0.6726,0.0276,0.8851,0.0301,1.1851,0.0801
Pismis_15,0.70135,0.0152554445662277,2.174185,0.047291878155305875,2.35207105,0.15792895,1.06635,0.0205251682979603,0.4951,0.0101,1.0126,0.0126,1.5126,0.0426,2.0451,0.0401
Pismis_16,0.55885,0.00902678553567854,1.732435,0.027983035160603475,2.00876874,0.12876874,0.84885,0.0182572988079175,0.1976,0.00759999999999999,0.5801,0.0301,0.9976,0.0026,1.4451,0.0551000000000001
Pismis_19,0.16385,0.00424578098794425,0.507935,0.013161921062627176,0.65665417,0.24334583,0.2801,0.0001,0.1326,0.0026,0.2376,0.0126,0.3551,0.0251,0.5101,0.0201
Pismis_2,0.19385,0.0109253175473055,0.600935,0.03386848439664705,0.706297235,0.016297235,0.31135,0.0164458710382775,0.1451,0.00509999999999999,0.2651,0.00510000000000001,0.3726,0.0026,0.5951,0.0101
Pismis_20,0.4151,0.0296803989154981,1.28681,0.09200923663804411,3.80263299,0.0426329900000002,0.7976,0.0161078105935821,0.1376,0.0026,0.4751,0.0301,0.7601,0.0800999999999998,1.2251,0.0851000000000001
Pismis_21,0.5101,0.0274861278752583,1.58131,0.08520699641330073,4.241360545,0.00863945499999996,0.9076,0.0304108891324554,0.1901,0.0001,0.6151,0.0251,0.9351,0.0151,1.4451,0.1201
Pismis_22,0.10885,0.0246903944661325,0.33743500000000004,0.07654022284501076,,,0.38135,0.0284670142947755,0.2901,0.00510000000000001,0.4051,0.0700999999999997,0.5026,0.1026,0.6701,0.1401
Pismis_23,0.5601,0.0227384628453435,1.7363100000000002,0.07048923482056485,5.432406625,0.0124066250000001,0.8176,0.0284945417290014,0.4001,0.00510000000000001,0.7876,0.0126,1.1301,0.0151,1.6651,0.0751
Pismis_24,0.64635,0.0225652509445143,2.003685,0.06995227792799433,5.17434858,0.20434858,1.06635,0.0199037243971936,0.4301,0.00510000000000001,0.9551,0.00510000000000001,1.4426,0.0226000000000001,2.0026,0.0226
Pismis_27,0.49385,0.0249432586429397,1.5309350000000002,0.07732410179311308,1.773831725,0.096168275,0.7026,0.0183002747232013,0.1176,0.0426,0.5126,0.0726000000000001,0.8081,0.102099999999999,1.2571,0.0171
Pismis_3,0.0676,0.00839156197588846,0.20956,0.02601384212525423,0.55354742,0.02645258,0.0901,0.0118260393995585,0.0551,0.0051,0.0726,0.0026,0.1251,0.0101,0.1951,0.0401
Pismis_4,0.06635,0.00424578098794425,0.20568500000000003,0.013161921062627176,0.280465035,0.149534965,0.1276,0.0026,0.0226,0.0026,0.0626,0.0026,0.1176,0.0026,0.1776,0.0176
Pismis_5,0.38885,0.0109253175473055,1.205435,0.03386848439664705,1.67396859,0.08603141,0.59135,0.0109253175473055,0.2826,0.00259999999999997,0.5151,0.0301,0.8076,0.0676,1.1376,0.0676
Pismis_8,0.4201,0.00876025403784437,1.3023099999999999,0.027156787517317548,1.37,,0.66635,0.02142340263654,0.2726,0.0026,0.5801,0.0151,0.8476,0.0226,1.2476,0.0226
Pismis_9,0.4976,0.00760000000000001,1.54256,0.023560000000000032,1.62682615,0.0231738499999999,0.76635,0.0171934929139717,0.3501,0.0001,0.6876,0.00259999999999995,1.0236,0.0216,1.4526,0.00759999999999995
Pismis-Moreno_1,0.5801,0.0001,1.7983099999999999,0.00031,1.70929661,0.0292966100000001,0.9051,0.0118260393995586,0.4601,0.00510000000000001,0.8576,0.0226,1.2251,0.0600999999999999,1.7426,0.0526
Platais_1,0.5101,0.0107066017177982,1.58131,0.033190465325174424,1.796298125,0.0937018749999999,0.7001,0.0146773797371133,0.3276,0.0026,0.6501,0.0251,0.9726,0.0226,1.3576,0.0426
Platais_10,0.1801,0.0001,0.5583100000000001,0.00031,0.56012227,0.27987773,0.21635,0.00829679815537751,0.0951,0.0101,0.2001,0.0301,0.3251,0.0251,0.4376,0.0576000000000001
Platais_12,0.1101,0.00622372435695795,0.34131,0.019293545506569646,0.47133251,0.23866749,0.19635,0.0022650635094611,0.0701,0.0101,0.1401,0.00509999999999999,0.2201,0.00510000000000001,0.3101,0.0350999999999999
Pleiades,0.0726,0.0076,0.22506,0.02356,0.38604725,0.28395275,0.10635,0.00902678553567856,0.0401,0.0051,0.0651,0.0101,0.1051,0.0251,0.2001,0.0400999999999999
Prestgard_12,0.68135,0.0144069039278245,2.112185,0.04466140217625595,2.28794121,0.0579412100000001,0.9526,0.0304108891324553,0.2276,0.0876,0.6751,0.1351,1.2076,0.0875999999999999,1.6726,0.1976
Prestgard_14,0.7476,0.00569016994374948,2.3175600000000003,0.017639526825623388,2.5728393,0.00716070000000002,1.0451,0.00876025403784439,0.2876,0.0226,0.7701,0.0501,1.2251,0.0801,1.8476,0.0876
Prisinzano_206,0.16135,0.0022650635094611,0.500185,0.00702169687932941,0.606434705,0.0835652950000002,0.28885,0.0022650635094611,0.1076,0.0026,0.2226,0.0126,0.3376,0.0176,0.4976,0.0276
Prisinzano_636,0.10885,0.00659519052838329,0.33743500000000004,0.0204450906379882,0.50644839,0.12355161,0.19885,0.00554862367942584,0.0751,0.0051,0.1476,0.00759999999999999,0.2126,0.00760000000000001,0.3251,0.0301
Prisinzano_646,0.11635,0.00424578098794425,0.360685,0.013161921062627176,0.351000665,0.351000665,0.25385,0.0130301005409858,0.0751,0.0051,0.1676,0.0276,0.2801,0.0251,0.4451,0.0551
QC_4,0.4076,0.025717376914899,1.26356,0.07972386843618691,3.87553226,0.0255322599999999,0.7951,0.00622372435695795,0.1276,0.00760000000000001,0.4851,0.0551000000000003,0.7826,0.102600000000001,1.1801,0.1551
RSG_4,0.0626,0.0044301270189222,0.19406,0.01373339375865882,0.35,,0.0776,0.00443012701892219,0.0326,0.0026,0.0526,0.0026,0.0801,0.0151,0.1526,0.0226
RSG_5,0.0326,0.0044301270189222,0.10106,0.01373339375865882,0.29946374,0.21053626,0.0951,0.00876025403784439,0.0201,0.0051,0.0426,0.0176,0.0776,0.0226,0.1251,0.0401
RSG_6,0.05885,0.0022650635094611,0.182435,0.00702169687932941,0.30010276,0.22989724,0.0876,0.0026,0.0301,0.0051,0.0551,0.0051,0.0926,0.0026,0.1426,0.00259999999999999
RSG_7,0.6876,0.032791742076555,2.13156,0.10165440043732049,2.252914865,0.082914865,1.07635,0.034808608442287,0.4351,0.0101,0.9776,0.0426,1.5076,0.0326,1.9876,0.1176
RSG_8,0.13385,0.0114880419739304,0.414935,0.03561293011918425,0.62515183,0.20484817,0.2651,0.0001,0.1001,0.0200999999999999,0.2076,0.0176,0.3126,0.0226,0.4176,0.0725999999999999
RSG_9,0.18635,0.00554862367942585,0.577685,0.017200733406220133,1.021454965,0.238545035,0.27135,0.0022650635094611,0.1676,0.0026,0.2751,0.0101,0.3801,0.0101,0.5601,0.0201
Renou_23,0.2726,0.0115564392373896,0.84506,0.03582496163590776,1.083624915,0.00637508500000006,0.3701,0.0137930639376292,0.2076,0.00759999999999999,0.3726,0.00760000000000001,0.5151,0.0101,0.7626,0.0526
Riddle_6,0.35385,0.00749509972887453,1.096935,0.023234809159511045,1.31418759,0.05418759,0.5251,0.014242135623731,0.2426,0.00760000000000001,0.4951,0.0101,0.7351,0.0101,1.0101,0.0201
Roslund_1,0.2651,0.011280339887499,0.82181,0.034969053651246904,1.0721973,0.0778027,0.3876,0.0126,0.1901,0.0001,0.3551,0.0001,0.5276,0.0226,0.7476,0.0176
Roslund_2,0.89885,0.0065951905283833,2.786435,0.02044509063798823,2.971591985,0.151591985,1.2476,0.021750635094611,0.4576,0.0725999999999999,1.0976,0.0276,1.6551,0.0651,2.3701,0.0350999999999999
Roslund_3,0.2926,0.00569016994374948,0.9070600000000001,0.017639526825623388,1.038681485,0.071318515,0.4801,0.0204100960115899,0.2026,0.00259999999999999,0.4051,0.0201,0.6026,0.0326,0.8676,0.0476
Roslund_4,0.87135,0.0148372826531895,2.7011849999999997,0.04599557622488745,3.26460575,0.0346057500000001,1.16135,0.0148372826531895,0.2551,0.0101,0.8426,0.0626,1.4176,0.1026,2.1126,0.1676
Roslund_5,0.10885,0.0022650635094611,0.33743500000000004,0.00702169687932941,0.46730592,0.22269408,0.17385,0.00226506350946109,0.0801,0.00510000000000001,0.1451,0.00509999999999999,0.2101,0.0101,0.3151,0.0101
Roslund_6,0.05885,0.0022650635094611,0.182435,0.00702169687932941,0.30010276,0.22989724,0.0876,0.0026,0.0301,0.0051,0.0551,0.0051,0.0926,0.0026,0.1426,0.00259999999999999
Roslund_7,0.2651,0.00363553390593274,0.82181,0.011270155108391494,0.915181345,0.025181345,0.41135,0.0022650635094611,0.2101,0.00510000000000001,0.3951,0.0101,0.5751,0.0151,0.7926,0.0226
Ruprecht_1,0.17385,0.0082967981553775,0.538935,0.025720074281670252,0.2691283,0.0108717,0.29885,0.0114880419739304,0.1476,0.0026,0.2601,0.00510000000000001,0.3826,0.0126,0.5151,0.0151
Ruprecht_10,0.19885,0.00749509972887452,0.6164350000000001,0.02323480915951101,0.584341325,0.104341325,0.33385,0.0022650635094611,0.1851,0.0001,0.2976,0.0026,0.4351,0.0001,0.6176,0.0176
Ruprecht_100,0.3926,0.0104077640640442,1.21706,0.032264068598537025,1.859816695,0.000183305000000078,0.4551,0.0303076149339864,0.2701,0.0101,0.4851,0.0351,0.6901,0.100100000000001,1.0276,0.117599999999999
Ruprecht_101,0.73335,0.00351869858279434,2.2733849999999998,0.010907965606662453,2.0322295,0.00777050000000012,0.56885,0.0168238602003245,0.4686,0.00659999999999998,0.8516,0.1316,1.2051,0.2651,1.6901,0.3951
Ruprecht_105,0.19335,0.0124161479367536,0.599385,0.038490058603936166,1.73397976,0.0760202400000001,0.5101,0.10165048005795,0.3401,0.0101,0.5201,0.0251,0.6751,0.0501,0.9176,0.0876
Ruprecht_107,0.40635,0.0109253175473055,1.259685,0.03386848439664705,1.197503495,0.407503495,0.6851,0.0151,0.2101,0.00510000000000001,0.4801,0.0001,0.7751,0.0151,1.1326,0.0276
Ruprecht_108,0.16135,0.0022650635094611,0.500185,0.00702169687932941,0.641709525,0.158290475,0.2926,0.0044301270189222,0.0951,0.0001,0.2101,0.0151,0.3451,0.0251,0.4851,0.0301
Ruprecht_111,0.44385,0.0195855715851499,1.3759350000000001,0.06071527191396469,1.60444483,0.0155551700000001,0.5426,0.0161078105935821,0.3676,0.0026,0.6376,0.0376,0.9026,0.0626,1.2851,0.1151
Ruprecht_115,0.2351,0.0315245127249415,0.7288100000000001,0.09772598944731865,3.26163599,0.29836401,1.1551,0.014242135623731,0.4601,0.0201,0.8101,0.2251,1.1776,0.3876,1.5351,0.6551
Ruprecht_117,0.0251,0.0184711730708738,0.07781,0.05726063651970878,2.052680865,0.417319135,0.22635,0.0022650635094611,0.2676,0.00760000000000001,0.2826,0.0226,0.3351,0.0600999999999999,0.4201,0.1051
Ruprecht_119,0.4801,0.00363553390593274,1.48831,0.011270155108391494,1.888718095,0.018718095,0.14135,0.0139631706330118,0.1626,0.1226,0.3251,0.2751,0.4851,0.4101,0.7876,0.5826
Ruprecht_120,0.67885,0.0231149407994024,2.104435,0.07165631647814744,2.91842191,0.318421909999999,1.1026,0.0217506350946109,0.3351,0.00510000000000001,0.8051,0.0151,1.3526,0.0126,1.9626,0.0826
Ruprecht_121,0.26635,0.0325759526419166,0.825685,0.10098545318994147,2.985346765,0.204653235,0.9701,0.0407201920231798,0.3901,0.00510000000000001,0.6976,0.1276,1.0451,0.3101,1.3551,0.4201
Ruprecht_122,0.21635,0.00554862367942585,0.670685,0.017200733406220133,1.13,,0.37885,0.0674957528335428,0.1326,0.1226,0.1001,0.0451,0.2176,0.0926,0.4676,0.0626
Ruprecht_123,0.50635,0.00749509972887453,1.569685,0.023234809159511045,1.704151905,0.064151905,0.77385,0.0022650635094611,0.2976,0.0126,0.6351,0.00510000000000001,0.9551,0.0251,1.4251,0.0201
Ruprecht_126,0.9051,0.00717106781186548,2.80581,0.022230310216782987,3.569793515,0.290206485,1.3776,0.0217506350946109,0.3226,0.0026,1.0601,0.0301,1.6876,0.00259999999999995,2.4176,0.0626
Ruprecht_128,0.39385,0.0225652509445143,1.2209349999999999,0.06995227792799433,3.322536645,0.297463355,0.43485,0.00053301270189222,0.3291,0.2411,0.6101,0.2401,0.8376,0.2476,1.1126,0.3026
Ruprecht_130,0.3826,0.0231488611432322,1.1860600000000001,0.07176146954401982,3.524326995,0.135673005,0.6526,0.0109972473588517,0.5076,0.00760000000000001,0.7926,0.00760000000000001,1.0576,0.00759999999999995,1.3926,0.0526
Ruprecht_131,0.6726,0.00839156197588851,2.08506,0.02601384212525438,1.91,,1.0351,0.10165048005795,0.3576,0.0126,0.8351,0.00510000000000001,1.5251,0.245100000000001,1.8101,0.00510000000000001
Ruprecht_134,0.3026,0.014890199457749,0.93806,0.0461596183190219,2.501830355,0.028169645,0.5351,0.0191394327646598,0.3701,0.0251,0.5776,0.0276,0.7726,0.0476,1.1426,0.0376
Ruprecht_135,0.6651,0.011280339887499,2.06181,0.034969053651246904,2.25405889,0.0240588900000001,0.97885,0.0182572988079175,0.4426,0.0026,0.9101,0.0101,1.3651,0.0201,1.8676,0.00260000000000006
Ruprecht_139,0.4726,0.0293617497767991,1.46506,0.09102142430807722,4.123614895,0.096385105,0.89635,0.0301780235387899,0.2101,0.00510000000000001,0.5726,0.0226,0.8926,0.0526,1.3951,0.1001
Ruprecht_144,0.64885,0.0130301005409858,2.011435,0.04039331167705598,2.44929044,0.14070956,0.9651,0.0087602540378444,0.3726,0.0126,0.8351,0.0451,1.2701,0.0450999999999999,1.7801,0.0301
Ruprecht_145,0.2026,0.00839156197588849,0.6280600000000001,0.02601384212525432,0.67969506,0.11030494,0.3026,0.0161078105935821,0.1701,0.00509999999999999,0.2851,0.00509999999999998,0.4101,0.0001,0.6026,0.0226
Ruprecht_148,0.66135,0.00902678553567857,2.050185,0.02798303516060357,2.140231815,0.039768185,1.1621,0.00422310562561767,0.5026,0.2226,0.9651,0.2301,1.3951,0.2201,2.0351,0.325099999999998
Ruprecht_151,0.1326,0.0044301270189222,0.41106,0.01373339375865882,0.279259465,0.020740535,0.2001,0.00876025403784438,0.0901,0.0001,0.1701,0.0001,0.2376,0.00759999999999999,0.3776,0.0026
Ruprecht_16,0.2676,0.00569016994374948,0.8295600000000001,0.017639526825623388,0.948235105,0.131764895,0.4151,0.0087602540378444,0.1901,0.0001,0.3476,0.0026,0.5251,0.0001,0.7676,0.0126
Ruprecht_161,0.0676,0.0076,0.20956,0.02356,0.129541905,0.049541905,0.1501,0.00622372435695794,0.0526,0.0026,0.0951,0.00510000000000001,0.1601,0.0101,0.2326,0.0326
Ruprecht_164,0.14635,0.0109253175473055,0.45368500000000006,0.03386848439664705,1.70097649,0.0490235100000001,0.33385,0.0164458710382775,0.2951,0.0151,0.3801,0.0201,0.4851,0.0351,0.6851,0.0451
Ruprecht_167,0.2716,0.0158876534038469,0.84196,0.049251725551925384,1.487621415,0.137621415,0.5101,0.0867025403784439,0.3311,0.0011,0.5301,0.00510000000000001,0.7101,0.0301,0.9826,0.0126
Ruprecht_170,0.60385,0.0125373429638328,1.8719350000000001,0.03886576318788168,2.782001065,0.187998935,0.95635,0.0139631706330118,0.1526,0.0026,0.5801,0.0101,1.0101,0.0101,1.5476,0.0276
Ruprecht_171,0.21135,0.0160589316685046,0.655185,0.04978268817236427,0.9859383,0.1740617,0.37385,0.0139631706330118,0.1751,0.0101,0.3476,0.0425999999999998,0.4676,0.0525999999999999,0.7401,0.0301
Ruprecht_172,0.37135,0.00554862367942585,1.1511850000000001,0.017200733406220133,1.315335555,0.105335555,0.59635,0.0189331489666492,0.2801,0.00509999999999998,0.5351,0.0101,0.7851,0.0151,1.1326,0.0226
Ruprecht_174,0.62385,0.0315990079208854,1.9339350000000002,0.09795692455474475,1.97,,0.89635,0.0022650635094611,0.3051,0.00510000000000001,0.6976,0.0176,1.1476,0.1026,1.7001,0.1251
Ruprecht_176,0.55885,0.00554862367942582,1.732435,0.017200733406220043,2.065398665,0.314601335,0.85385,0.0205251682979603,0.3651,0.00510000000000001,0.7701,0.0151,1.1276,0.0276,1.6151,0.0301
Ruprecht_18,0.38385,0.0309980177357707,1.1899350000000002,0.09609385498088917,1.84,,0.46885,0.0543419348843676,0.2451,0.0101,0.4576,0.0376,0.6851,0.0800999999999994,1.0601,0.0351
Ruprecht_19,0.0926,0.00443012701892219,0.28706000000000004,0.01373339375865879,0.249732655,0.100267345,0.1876,0.0044301270189222,0.0701,0.0001,0.1301,0.0101,0.2101,0.0151,0.2951,0.0350999999999999
Ruprecht_23,0.5546,0.0106237825899246,1.71926,0.032933726028766264,1.92430206,0.17569794,0.64135,0.0398452827389616,0.3451,0.0151,0.6651,0.0451,1.0081,0.118099999999999,1.4201,0.180100000000001
Ruprecht_24,0.17135,0.00554862367942584,0.531185,0.017200733406220105,0.398566975,0.131433025,0.2876,0.0026,0.1326,0.0026,0.2351,0.00509999999999999,0.3576,0.0026,0.5151,0.0101
Ruprecht_25,0.5601,0.0036355339059327,1.7363100000000002,0.011270155108391371,2.216964345,0.123035655,0.5791,0.0169226038412607,0.3126,0.0725999999999999,0.6301,0.1201,0.9126,0.1876,1.3551,0.2551
Ruprecht_26,0.1001,0.0001,0.31031,0.00031,0.38960885,0.18039115,0.1651,0.0001,0.0601,0.0001,0.1151,0.0001,0.1901,0.0001,0.2851,0.0001
Ruprecht_27,0.3201,0.012847548783982,0.99231,0.0398274012303442,0.959689865,0.060310135,0.45135,0.0356975771647454,0.2301,0.0001,0.4251,0.0001,0.6026,0.0576,0.9276,0.0276
Ruprecht_28,0.3326,0.00911387818865996,1.03106,0.028253022384845877,1.232249115,0.337750884999999,0.42135,0.0152554445662277,0.2201,0.00510000000000001,0.4276,0.0176,0.6001,0.0501,0.9026,0.0626
Ruprecht_29,0.26635,0.00902678553567857,0.825685,0.02798303516060357,0.9621076,0.1378924,0.43135,0.0022650635094611,0.1726,0.00259999999999999,0.3376,0.0026,0.5176,0.0026,0.7401,0.0301
Ruprecht_30,0.3851,0.0087602540378444,1.19381,0.027156787517317642,3.14,,0.5776,0.0044301270189222,0.2376,0.0026,0.4851,0.0151,0.7051,0.0251,1.0776,0.0276
Ruprecht_32,0.3301,0.00363553390593274,1.02331,0.011270155108391494,1.44,,0.5001,0.0001,0.1276,0.00760000000000001,0.3101,0.0251,0.5026,0.0376,0.8251,0.0401
Ruprecht_33,0.3076,0.00911387818865998,0.95356,0.02825302238484594,0.905727415,0.035727415,0.49135,0.0152554445662277,0.2226,0.0026,0.4326,0.0126,0.6251,0.00510000000000001,0.8976,0.0476
Ruprecht_34,0.28885,0.00424578098794425,0.895435,0.013161921062627176,0.800011135,1.11349999999955e-05,0.4501,0.0184711730708738,0.2201,0.0001,0.4076,0.00759999999999998,0.5926,0.0126,0.8551,0.0151
Ruprecht_35,0.2401,0.0001,0.74431,0.00031,0.68276029,0.01276029,0.37135,0.00970143218483577,0.1876,0.0026,0.3351,0.0001,0.4901,0.0001,0.7101,0.0001
Ruprecht_36,0.1651,0.00717106781186547,0.51181,0.02223031021678296,0.5302975,0.2097025,0.2801,0.00363553390593272,0.1176,0.0026,0.2176,0.0026,0.3326,0.0026,0.4826,0.0176
Ruprecht_37,0.2151,0.0118260393995586,0.66681,0.03666072213863166,0.62062488,0.38937512,0.28135,0.00226506350946107,0.1151,0.0051,0.2376,0.0126,0.3626,0.0176,0.5701,0.0650999999999994
Ruprecht_4,0.53135,0.0022650635094611,1.6471850000000001,0.00702169687932941,1.502411775,0.047588225,0.2951,0.00510000000000001,0.3376,0.0026,0.5501,0.1301,0.7626,0.2276,1.1076,0.3876
Ruprecht_41,0.0001,0.0001,0.00031,0.00031,1.08686799,0.0168679899999999,0.0451,0.00622372435695795,0.1951,0.0200999999999998,0.1501,0.0251,0.1726,0.0376,0.1911,0.0261000000000001
Ruprecht_42,0.3476,0.00443012701892217,1.07756,0.013733393758658728,1.01295159,0.00704841000000001,0.3776,0.0284945417290014,0.1876,0.0126,0.3576,0.0525999999999999,0.5326,0.1076,0.8326,0.1526
Ruprecht_43,0.4751,0.0253487623459052,1.4728100000000002,0.07858116327230612,0.64,,0.76385,0.110518238982516,0.0876,0.0076,0.4351,0.0800999999999999,1.0701,0.2501,1.0926,0.0376
Ruprecht_44,0.46135,0.00554862367942582,1.430185,0.017200733406220043,1.824574315,0.0354256850000001,0.67635,0.0125373429638327,0.0001,0.0001,0.2376,0.0426,0.5376,0.0626,0.9476,0.0876
Ruprecht_45,0.1576,0.0104077640640441,0.48856,0.03226406859853671,0.466316355,0.373683645,0.17885,0.0125373429638328,0.0501,0.0051,0.1201,0.0151,0.2076,0.0426,0.3576,0.0725999999999999
Ruprecht_47,0.3001,0.00363553390593274,0.93031,0.011270155108391494,0.639392275,0.200607725,0.4776,0.00759999999999998,0.2276,0.0026,0.4201,0.00510000000000001,0.6076,0.0026,0.8926,0.0126
Ruprecht_48,0.35885,0.00554862367942585,1.112435,0.017200733406220133,1.31876214,0.09123786,0.57635,0.0065951905283833,0.2226,0.0026,0.4551,0.0001,0.6801,0.0001,1.0301,0.00510000000000001
Ruprecht_49,0.3201,0.00622372435695795,0.99231,0.019293545506569646,0.97470999,0.34529001,0.4926,0.0144614066163451,0.2001,0.00509999999999999,0.4051,0.0001,0.6301,0.0151,0.8876,0.0126
Ruprecht_50,0.1651,0.00945414346693485,0.51181,0.029307844747498035,0.65582858,0.23417142,0.29885,0.0022650635094611,0.1426,0.00259999999999999,0.2451,0.0001,0.3676,0.0026,0.5151,0.0301
Ruprecht_53,0.04885,0.0022650635094611,0.151435,0.00702169687932941,0.14017924,0.04982076,0.0976,0.00443012701892219,0.0151,0.0001,0.0376,0.0026,0.0876,0.0126,0.1251,0.0101
Ruprecht_54,0.31385,0.0065951905283833,0.9729350000000001,0.02044509063798823,0.98623317,0.31376683,0.49385,0.0022650635094611,0.2301,0.0001,0.4151,0.00510000000000001,0.6126,0.0126,0.9276,0.0226
Ruprecht_55,0.34385,0.00829679815537749,1.065935,0.025720074281670217,1.67722565,0.202774349999999,0.53385,0.023915698604072,0.0001,0.0001,0.1126,0.0226,0.3301,0.0550999999999999,0.6901,0.0801000000000005
Ruprecht_58,0.2626,0.00839156197588851,0.81406,0.02601384212525438,0.85594166,0.22405834,0.4276,0.0148901994577491,0.2051,0.0001,0.3676,0.0026,0.5476,0.0026,0.7701,0.0101
Ruprecht_59,0.2626,0.00911387818865998,0.81406,0.02825302238484594,1.45,,0.39885,0.02142340263654,0.0001,0.0001,0.0426,0.0176,0.1951,0.0451,0.4576,0.0875999999999999
Ruprecht_6,0.4701,0.0001,1.45731,0.00031,1.429264845,0.010735155,0.2301,0.0001,0.2601,0.0201,0.4326,0.1476,0.6151,0.2301,0.8976,0.3776
Ruprecht_60,0.4726,0.0109972473588517,1.46506,0.03409146681244027,1.403141895,0.116858105,0.73885,0.0109253175473055,0.3101,0.0001,0.6326,0.00760000000000001,0.9501,0.0101,1.3751,0.0101
Ruprecht_61,0.3776,0.0161078105935821,1.17056,0.04993421284010451,1.295200445,0.224799555,0.4651,0.0201,0.2776,0.00759999999999998,0.4901,0.0151,0.7176,0.0526,1.0176,0.0526000000000001
Ruprecht_63,0.38135,0.00554862367942585,1.182185,0.017200733406220133,1.379779295,0.030220705,0.4876,0.0266753645318366,0.2826,0.00759999999999998,0.4976,0.0226,0.7076,0.0576,1.0651,0.1051
Ruprecht_64,0.2201,0.00510000000000001,0.68231,0.015810000000000032,1.134393785,0.065606215,0.38385,0.0109253175473055,0.1476,0.0026,0.3101,0.0001,0.4451,0.0101,0.6926,0.00759999999999995
Ruprecht_65,0.5226,0.021750635094611,1.6200599999999998,0.0674269687932941,1.706476965,0.00352303499999995,0.8251,0.0334541601603158,0.3251,0.0101,0.7101,0.00510000000000001,1.0951,0.0601000000000001,1.5276,0.00759999999999995
Ruprecht_66,0.1351,0.0166831239517769,0.41881,0.0517176842505084,1.672779935,0.177220065,0.3476,0.016493596310755,0.2701,0.00510000000000001,0.3676,0.00760000000000001,0.4676,0.00259999999999997,0.6551,0.0800999999999994
Ruprecht_67,0.4451,0.00717106781186548,1.37981,0.022230310216782987,1.512584535,0.142584535,0.5851,0.132953302555865,0.3176,0.0026,0.6101,0.0101,0.7626,0.1476,1.2851,0.0201
Ruprecht_68,0.3051,0.00945414346693486,0.9458099999999999,0.02930784474749807,1.11110516,0.10889484,0.4626,0.0026,0.2851,0.00509999999999998,0.4876,0.00760000000000001,0.6976,0.00760000000000001,0.9601,0.0101
Ruprecht_7,0.25885,0.0109253175473055,0.8024350000000001,0.03386848439664705,1.21038319,0.12038319,0.36885,0.0022650635094611,0.2426,0.00760000000000001,0.4001,0.00510000000000001,0.5676,0.0126,0.7676,0.0126
Ruprecht_71,0.30385,0.00554862367942585,0.9419350000000001,0.017200733406220133,1.022384455,0.0176155450000001,0.49635,0.0205251682979603,0.2226,0.0026,0.4176,0.0026,0.6326,0.0226,0.9026,0.00760000000000001
Ruprecht_75,0.26385,0.00749509972887453,0.817935,0.023234809159511045,1.18278238,0.0627823799999999,0.42385,0.0195855715851499,0.2976,0.0026,0.4701,0.00509999999999998,0.6351,0.0101,0.8926,0.0176
Ruprecht_76,0.39885,0.00970143218483575,1.236435,0.030074439772990826,1.3328089,0.0171911,0.64135,0.0130301005409858,0.2701,0.0001,0.5426,0.00760000000000001,0.8101,0.0201,1.1501,0.0451
Ruprecht_77,0.4801,0.00363553390593274,1.48831,0.011270155108391494,1.74220651,0.18779349,0.99435,0.00139903810567666,0.4646,0.2696,0.8276,0.3176,1.1601,0.3501,1.7001,0.4401
Ruprecht_79,0.12635,0.0239156986040721,0.391685,0.07413866567262352,2.741972825,0.0480271750000001,0.4726,0.0026,0.1576,0.0376,0.2776,0.0676,0.4101,0.1451,0.6251,0.2001
Ruprecht_8,0.34885,0.0103316909648405,1.081435,0.032028241991005554,1.00246515,0.02246515,0.58635,0.0152554445662276,0.2426,0.0026,0.4801,0.00510000000000001,0.7226,0.00760000000000001,1.0476,0.0276
Ruprecht_82,0.30635,0.00970143218483577,0.9496850000000001,0.030074439772990885,0.876253275,0.006253275,0.48885,0.00554862367942585,0.2401,0.0001,0.4401,0.0001,0.6401,0.00510000000000001,0.9151,0.0151
Ruprecht_84,0.14885,0.00902678553567856,0.46143500000000004,0.027983035160603534,0.449133595,0.010866405,0.2601,0.0001,0.1301,0.0001,0.2226,0.0026,0.3351,0.00510000000000001,0.4601,0.0251
Ruprecht_85,0.27385,0.0416895118990354,0.848935,0.12923748688700976,3.4224021,0.1075979,0.7076,0.0168705098312484,0.3926,0.0226,0.6576,0.0925999999999999,0.8976,0.1776,1.1476,0.3026
Ruprecht_90,0.3276,0.0135629120178363,1.01556,0.04204502725529253,1.05,,0.54635,0.0205251682979602,0.1226,0.0026,0.3551,0.0101,0.6051,0.0301,0.9401,0.0301
Ruprecht_91,0.06635,0.00424578098794425,0.20568500000000003,0.013161921062627176,0.23816461,0.12183539,0.1426,0.00443012701892219,0.0501,0.0001,0.0876,0.0076,0.1451,0.0101,0.2126,0.0326
Ruprecht_92,0.2526,0.0026,0.78306,0.00806,1.15,,0.4101,0.00876025403784437,0.1926,0.0226,0.3551,0.0201,0.5026,0.0126,0.7676,0.0176
Ruprecht_94,0.3201,0.00510000000000001,0.99231,0.015810000000000032,0.97314024,0.16314024,0.54385,0.0125373429638328,0.2151,0.0001,0.4301,0.0001,0.6526,0.00760000000000001,0.9601,0.0151
Ruprecht_96,0.4001,0.00363553390593274,1.24031,0.011270155108391494,1.46510045,0.12489955,0.6676,0.0130903810567665,0.2301,0.0001,0.4801,0.00510000000000001,0.7751,0.0201,1.1451,0.0101
Ruprecht_97,0.4126,0.0115564392373896,1.27906,0.03582496163590776,1.657327005,0.232672994999999,0.67885,0.00970143218483572,0.2601,0.0001,0.5401,0.0001,0.8201,0.0151,1.1776,0.0376000000000001
Ruprecht_98,0.17885,0.00970143218483576,0.554435,0.03007443977299086,0.687521415,0.132478585,0.2576,0.0109972473588517,0.1351,0.0001,0.2276,0.0176,0.3301,0.0301,0.5276,0.0626
Ryu_594,0.6076,0.0126,1.8835600000000001,0.039060000000000004,2.714793925,0.165206075,0.9201,0.0184711730708738,0.3626,0.00760000000000001,0.8076,0.0126,1.2676,0.0126000000000001,1.7451,0.0300999999999999
SAI_104,0.0626,0.0044301270189222,0.19406,0.01373339375865882,0.2325341,0.1874659,0.09885,0.0022650635094611,0.0151,0.0001,0.0426,0.0026,0.0826,0.0026,0.1576,0.0126
SAI_108,0.0001,0.0001,0.00031,0.00031,2.053743395,0.0162566049999999,0.7801,0.0260807621135332,0.0551,0.0151,0.2376,0.1976,0.4151,0.3201,0.7146,0.5206
SAI_109,0.26135,0.00829679815537751,0.8101850000000002,0.025720074281670283,1.141903635,0.0219036349999999,0.41635,0.0022650635094611,0.2051,0.0001,0.3701,0.00510000000000001,0.5376,0.0026,0.7701,0.0101
SAI_112,0.5826,0.0161078105935821,1.80606,0.04993421284010451,1.98157318,0.01157318,0.9326,0.0161078105935821,0.2226,0.00760000000000001,0.6251,0.00510000000000001,1.1101,0.0200999999999999,1.5676,0.0226000000000001
SAI_113,0.3576,0.00911387818865998,1.10856,0.02825302238484594,1.01,,0.55635,0.0065951905283833,0.2426,0.0026,0.4651,0.00509999999999998,0.7026,0.0226,1.0401,0.0201
SAI_116,0.1051,0.0118260393995587,0.32581,0.036660722138631974,,,0.44885,0.0542265877365272,0.0876,0.0276,0.1951,0.0701,0.2501,0.0301000000000002,0.6521,0.0981
SAI_118,0.2751,0.00622372435695793,0.8528100000000001,0.019293545506569584,0.950466185,0.010466185,0.4451,0.0107066017177982,0.1926,0.0026,0.3726,0.0026,0.5676,0.0026,0.8051,0.0151
SAI_120,1.25135,0.0348086084422871,3.879185,0.10790668617109002,4.262109575,0.142109575,1.7826,0.0355436171968945,0.5651,0.00509999999999995,1.6001,0.00510000000000001,2.6101,0.0450999999999999,3.4651,0.0851
SAI_123,0.8576,0.0161078105935821,2.65856,0.04993421284010451,2.92426186,0.19426186,1.2551,0.0174205080756887,0.3101,0.00510000000000001,0.9676,0.0026,1.5551,0.0401,2.2451,0.0101
SAI_132,0.64635,0.0103316909648406,2.003685,0.03202824199100587,2.7,,0.88385,0.0065951905283833,0.1626,0.0526,0.6126,0.0675999999999999,0.9651,0.1301,1.5301,0.1501
SAI_14,0.62635,0.0135047566184545,1.9416849999999999,0.04186474551720895,2.13403518,0.13596482,0.8901,0.0253487623459052,0.2376,0.00759999999999999,0.6551,0.00510000000000001,1.0776,0.00260000000000006,1.5801,0.0451
SAI_141,0.27385,0.00554862367942585,0.848935,0.017200733406220133,1.180446505,0.189553495000001,0.41885,0.0065951905283833,0.2076,0.0026,0.3851,0.00510000000000001,0.5701,0.0001,0.8051,0.00510000000000001
SAI_149,0.43385,0.0293350389088162,1.344935,0.09093862061733023,3.18504433,0.22504433,0.8451,0.0146773797371133,0.2701,0.00510000000000001,0.6276,0.0276,0.9451,0.0801,1.3576,0.152600000000001
SAI_15,0.1626,0.0026,0.50406,0.00806,0.659069605,0.0709303949999996,0.2601,0.0087602540378444,0.1176,0.0026,0.2201,0.0001,0.3301,0.00510000000000001,0.4826,0.0026
SAI_16,0.65135,0.0205251682979603,2.0191850000000002,0.06362802172367693,2.4471954,0.0971953999999999,0.9801,0.0323102468168129,0.3126,0.00760000000000001,0.7726,0.00760000000000001,1.3051,0.0101,1.7501,0.00509999999999989
SAI_17,0.5626,0.00911387818865994,1.74406,0.028253022384845818,2.004622745,0.034622745,0.8426,0.0193028643696715,0.2976,0.0026,0.6751,0.00510000000000001,1.0551,0.00510000000000001,1.5226,0.0176000000000001
SAI_19,0.3776,0.0208665596572952,1.17056,0.06468633493761512,,,0.7351,0.00876025403784439,0.1776,0.00759999999999999,0.4776,0.0276,0.7676,0.0576,1.1426,0.1076
SAI_4,0.49885,0.00554862367942585,1.546435,0.017200733406220133,1.679566525,0.050433475,0.72635,0.00424578098794425,0.2151,0.0201,0.5301,0.0501,0.8226,0.0376,1.2951,0.0751000000000001
SAI_40,0.4601,0.00363553390593274,1.42631,0.011270155108391494,1.577068045,0.142931955,0.0726,0.0135629120178363,0.1451,0.0301,0.2626,0.2126,0.4501,0.3201,0.6851,0.5251
SAI_41,0.4176,0.00760000000000001,1.2945600000000002,0.023560000000000032,1.46938568,0.150614320000001,0.76635,0.115824619247591,0.3501,0.00510000000000001,0.6781,0.0921000000000005,1.0641,0.206099999999999,1.4201,0.1301
SAI_47,0.34385,0.0074950997288745,1.065935,0.023234809159510948,0.65,,0.5351,0.0087602540378444,0.2176,0.0026,0.4351,0.00510000000000001,0.6551,0.0151,0.9801,0.0001
SAI_67,0.44135,0.0120242400177118,1.3681850000000002,0.03727514405490658,0.93,,0.64885,0.0022650635094611,0.2751,0.00510000000000001,0.5601,0.0001,0.8401,0.0151,1.2326,0.0226
SAI_69,0.15885,0.00424578098794425,0.492435,0.013161921062627176,0.5376136,0.0,0.2451,0.0260807621135333,0.1151,0.0001,0.2051,0.0001,0.3876,0.0725999999999999,0.4351,0.0001
SAI_72,0.0551,0.0170558249578132,0.17081000000000002,0.052873057369220926,2.39,,0.26635,0.0022650635094611,0.0701,0.0001,0.1151,0.0101,0.2026,0.0375999999999999,0.3051,0.0801
SAI_81,0.49435,0.00586085931090146,1.532485,0.018168663863794527,1.738869585,0.0911304150000001,0.73885,0.0065951905283833,0.1851,0.00510000000000001,0.5031,0.0231,0.8411,0.0411,1.2576,0.0426
SAI_83,0.06885,0.0261708170182678,0.21343499999999999,0.08112953275663018,1.670318115,0.059681885,0.34385,0.0195855715851499,0.1176,0.0176,0.1851,0.0151,0.2826,0.0626000000000001,0.4076,0.1476
SAI_86,0.3651,0.0107066017177982,1.13181,0.033190465325174424,1.662754325,0.292754325000001,0.6051,0.0001,0.1751,0.00509999999999999,0.4101,0.00509999999999998,0.6526,0.0026,1.0301,0.00510000000000001
SAI_88,0.33885,0.0516236596138123,1.050435,0.16003334480281814,1.118193215,0.478193215,0.51635,0.0448737367214308,0.2226,0.0026,0.4701,0.0101,0.5251,0.0101,1.0151,0.0201
SAI_91,0.17885,0.0156623744974859,0.554435,0.04855336094220629,1.328052655,0.048052655,0.63635,0.00554862367942585,0.3026,0.0176,0.4776,0.0525999999999999,0.6726,0.1226,0.9851,0.1801
SAI_94,0.5876,0.0176,1.82156,0.054560000000000004,2.074818545,0.334818545000001,0.8701,0.0201,0.0001,0.0001,0.3151,0.0451,0.7526,0.0776000000000007,1.2701,0.150100000000001
SBB_2,0.59385,0.0256868618630734,1.840935,0.07962927177552755,2.05333066,0.0533306600000001,0.9076,0.0304108891324553,0.0551,0.0101,0.4976,0.0476,0.9501,0.00510000000000001,1.4226,0.0825999999999999
SBB_7,0.4251,0.0001,1.31781,0.00031,1.72501689,0.02498311,0.7026,0.0044301270189222,0.3576,0.0276,0.6726,0.0476,0.9601,0.0401,1.3376,0.0876
SC_17_C,0.24885,0.00554862367942585,0.771435,0.017200733406220133,1.385296435,0.834703565,0.3526,0.0044301270189222,0.0826,0.0026,0.2351,0.0251,0.3751,0.0451,0.6426,0.0776
SC_17_D,0.12135,0.00424578098794425,0.376185,0.013161921062627176,,,0.36135,0.0164458710382775,0.1001,0.0301,0.1976,0.0576,0.3276,0.0776,0.5426,0.1126
SCYA_21,0.4776,0.0183002747232013,1.48056,0.05673085164192403,2.41201627,0.04201627,0.87385,0.0065951905283833,0.2301,0.0251000000000002,0.6051,0.0201,0.9351,0.0451,1.4926,0.0526
SPB_2,0.2851,0.0001,0.8838100000000001,0.00031,,,0.5176,0.0109972473588517,0.2101,0.0151,0.3901,0.0201,0.5826,0.0426,0.8876,0.0376
SPICY_G296.4-0.7,0.4051,0.00363553390593272,1.25581,0.011270155108391433,2.090140245,0.079859755,0.6451,0.0204100960115899,0.0001,0.0001,0.2076,0.0126,0.4676,0.0376,0.8651,0.0451
SPICY_G5.9-0.9,0.1801,0.0001,0.5583100000000001,0.00031,1.66,,0.3701,0.0001,0.0676,0.0176,0.1526,0.0026,0.2426,0.0026,0.5076,0.0276
SPICY_G78.5+2.6,0.3476,0.0176,1.07756,0.054560000000000004,2.18227869,0.19227869,0.5751,0.00510000000000001,0.3226,0.0026,0.5626,0.0176,0.7851,0.0451,1.0826,0.0726
SPICY_G81.5+0.0,0.1276,0.0044301270189222,0.39555999999999997,0.01373339375865882,0.34962974,0.11037026,0.15885,0.0022650635094611,0.0676,0.0026,0.1376,0.0026,0.2101,0.0101,0.3201,0.0201
SYCA_1,0.2676,0.0044301270189222,0.8295600000000001,0.01373339375865882,,,0.38635,0.00424578098794425,0.2026,0.0225999999999998,0.3526,0.0176,0.5176,0.0326,0.7551,0.0201
Saloranta_10,0.3701,0.0349209706929603,1.14731,0.10825500914817694,1.167368935,0.052631065,0.6326,0.0342869858279434,0.2351,0.0001,0.5026,0.0376,0.8126,0.0126,1.0776,0.1076
Saurer_4,0.2701,0.00363553390593274,0.83731,0.011270155108391494,1.063689085,0.156310915,0.4351,0.0184711730708738,0.1876,0.0126,0.3826,0.0026,0.5726,0.0226,0.8176,0.0176
Saurer_6,0.53385,0.0109253175473055,1.6549350000000003,0.03386848439664705,1.82871173,0.01128827,0.8326,0.0044301270189222,0.3226,0.0026,0.6851,0.00509999999999995,1.0451,0.0151,1.5301,0.00510000000000001
Schoenball_1,0.03935,0.0144766303423299,0.12198500000000001,0.04487755406122269,1.70505334,0.12494666,0.2001,0.00876025403784438,0.3401,0.00509999999999998,0.3526,0.0226,0.3976,0.0676000000000001,0.5051,0.0750999999999999
Sco_R2,0.2276,0.00569016994374947,0.70556,0.017639526825623357,1.10131487,0.208685130000001,0.40135,0.0268803566070357,0.1851,0.00510000000000001,0.3601,0.0301,0.5501,0.0600999999999995,0.7376,0.0576
Sco_R7,0.30635,0.0103316909648406,0.9496850000000001,0.03202824199100587,,,0.61385,0.249157598759805,0.3626,0.0525999999999999,0.5351,0.0101,0.7326,0.00760000000000001,1.0201,0.0001
Ser_Main,0.77135,0.0208289049397213,2.391185,0.06456960531313603,2.792711445,0.477288554999998,1.1101,0.0283842712474619,0.5301,0.0251,1.1276,0.00259999999999995,1.6801,0.00510000000000001,2.1951,0.0451000000000002
Ser_far-South,0.3826,0.0220374109684803,1.1860600000000001,0.06831597400228893,2.63981922,0.10981922,0.62885,0.0148372826531895,0.4401,0.0201,0.7401,0.0251,1.0151,0.0301,1.3001,0.0601000000000001
Sher_1,0.4776,0.0306163890393343,1.48056,0.09491080602193633,3.90737294,0.0726270600000001,0.9776,0.0193028643696715,0.0401,0.0051,0.4451,0.0650999999999998,0.8201,0.1101,1.3851,0.1101
Shorlin_1,0.0626,0.0044301270189222,0.19406,0.01373339375865882,1.38,,0.2201,0.0001,0.0576,0.0026,0.0901,0.0101000000000001,0.1676,0.0126,0.3001,0.0201
SigMA_3,0.1301,0.0001,0.40331,0.00031,0.863213505,0.466786495,0.2301,0.0001,0.1376,0.0026,0.1951,0.0101,0.2776,0.0126,0.4426,0.0276
Sigma_Ori_Cl,0.0201,0.0001,0.062310000000000004,0.00031,1.04595591,0.14404409,0.11385,0.0152554445662278,0.0226,0.0126,0.0101,0.0101,0.0726,0.0576,0.1026,0.0226
Skiff_2,0.3951,0.00800569415042095,1.22481,0.024817651866304948,1.52150824,0.218491760000001,0.62135,0.0152554445662277,0.2326,0.00259999999999999,0.5076,0.00760000000000001,0.7526,0.0026,1.1101,0.0351
Skiff_5,0.3351,0.00717106781186546,1.03881,0.022230310216782928,0.88890237,0.02109763,0.5051,0.00363553390593274,0.2276,0.00759999999999999,0.4451,0.00510000000000001,0.6551,0.0001,0.9476,0.00760000000000001
Skiff_6,0.18885,0.0156623744974859,0.585435,0.04855336094220629,0.42911497,0.15088503,0.16885,0.0152554445662277,0.1126,0.0026,0.1926,0.0326,0.2876,0.0526000000000002,0.4351,0.1151
Skiff_7,0.56885,0.0375791608764124,1.7634349999999999,0.11649539871687845,3.54,,0.99885,0.0195855715851499,0.2201,0.0101,0.6901,0.0101,1.0351,0.0901,1.6476,0.0626
Slizhevsky_249,0.5851,0.00945414346693486,1.81381,0.02930784474749807,3.043026205,0.0530262049999999,0.9501,0.00510000000000001,0.1276,0.0026,0.5301,0.00510000000000001,0.9526,0.0276,1.5076,0.0276
Slizhevsky_250,0.04635,0.0114880419739304,0.143685,0.03561293011918425,2.335795635,0.0242043649999999,0.7551,0.0001,0.1851,0.0101,0.3376,0.1576,0.5301,0.2751,0.8576,0.3926
Spurious_2,0.2026,0.0104077640640441,0.6280600000000001,0.03226406859853671,0.899733365,0.100266635,0.34385,0.00226506350946107,0.1376,0.00759999999999999,0.2951,0.0151,0.4326,0.0376,0.6151,0.0401
Spurious_6,0.14635,0.00424578098794424,0.45368500000000006,0.013161921062627143,0.967950865,0.402049135,0.2101,0.0213132034355967,0.1051,0.0001,0.1776,0.0176,0.2426,0.0426,0.3926,0.0226
Steine_12,0.3451,0.012847548783982,1.0698100000000001,0.0398274012303442,1.647539345,0.162460655,0.53135,0.0125373429638328,0.3151,0.0101,0.5526,0.0176,0.7651,0.0301,1.0801,0.0201
Steine_7,0.5251,0.0184711730708739,1.62781,0.05726063651970909,1.752263135,0.077736865,0.86885,0.0587701585135067,0.3751,0.00510000000000001,0.7851,0.0651,1.2076,0.1126,1.5851,0.1401
Steine_8,0.5251,0.0184711730708739,1.62781,0.05726063651970909,1.752263135,0.077736865,0.86885,0.0587701585135067,0.3751,0.00510000000000001,0.7851,0.0651,1.2076,0.1126,1.5851,0.1401
Stephenson_1,0.0726,0.0026,0.22506,0.00806,0.396877095,0.223122905,0.1201,0.0001,0.0351,0.0051,0.0776,0.0026,0.1226,0.0076,0.1951,0.0101
Stephenson_2,0.4651,0.00622372435695793,1.44181,0.019293545506569584,2.35870969,0.261290310000001,0.11885,0.0202168461742889,0.0301,0.0301,0.1826,0.1826,0.3351,0.3351,0.5651,0.5601
Stock_1,0.1251,0.00622372435695795,0.38781,0.019293545506569646,0.599127705,0.260872295,0.16385,0.00829679815537751,0.1026,0.0026,0.1626,0.00760000000000001,0.2226,0.0276,0.3576,0.0276
Stock_10,0.1351,0.00363553390593274,0.41881,0.011270155108391494,0.52793108,0.24206892,0.23385,0.00226506350946109,0.0751,0.0101,0.1676,0.0176000000000001,0.2651,0.0300999999999997,0.3976,0.0276
Stock_12,0.11135,0.00554862367942584,0.345185,0.017200733406220105,0.370784975,0.159215025,0.16385,0.0022650635094611,0.0601,0.0001,0.1276,0.0026,0.2051,0.00509999999999999,0.3101,0.0201
Stock_13,0.2351,0.00622372435695794,0.7288100000000001,0.019293545506569615,0.83316692,0.02683308,0.40635,0.00659519052838327,0.1701,0.0001,0.3226,0.00760000000000001,0.4851,0.00510000000000001,0.7151,0.0251
Stock_14,0.22135,0.00749509972887453,0.686185,0.023234809159511045,0.77322189,0.12677811,0.3626,0.00760000000000001,0.1626,0.0026,0.3076,0.0026,0.4551,0.00510000000000001,0.6776,0.0026
Stock_15,0.27135,0.00749509972887453,0.841185,0.023234809159511045,1.053687805,0.126312194999999,0.44635,0.0022650635094611,0.2026,0.00259999999999999,0.3826,0.00760000000000001,0.5651,0.00509999999999995,0.8051,0.0301
Stock_16,0.44885,0.00749509972887453,1.3914350000000002,0.023234809159511045,1.5983875,0.00161250000000002,0.71635,0.00970143218483577,0.2826,0.00259999999999997,0.5901,0.00510000000000001,0.8826,0.0026,1.3001,0.0201
Stock_17,0.55885,0.00970143218483572,1.732435,0.030074439772990735,1.998679835,0.041320165,0.85385,0.0109253175473055,0.1501,0.0001,0.5251,0.00510000000000001,0.8776,0.0226,1.3976,0.0126
Stock_18,0.63885,0.0259299728997148,1.9804350000000002,0.08038291598911589,1.85529591,0.205295909999999,0.94385,0.0022650635094611,0.0451,0.0451,0.5526,0.0426,0.9501,0.0751,1.5626,0.1026
Stock_2,0.27135,0.0103316909648406,0.841185,0.03202824199100587,1.06479939,0.165200609999999,0.38385,0.00970143218483577,0.2176,0.0026,0.3851,0.0101,0.5401,0.00510000000000001,0.7901,0.0351
Stock_20,0.40135,0.0022650635094611,1.244185,0.00702169687932941,1.254427975,0.135572024999999,0.61635,0.00970143218483577,0.2451,0.00510000000000001,0.5051,0.0101,0.7476,0.0126,1.1176,0.0176
Stock_21,0.4401,0.00800569415042095,1.36431,0.024817651866304948,1.343005885,0.076994115,0.6726,0.0130903810567665,0.3176,0.0026,0.6051,0.00510000000000001,0.8951,0.0151,1.2526,0.0126
Stock_23,0.26885,0.0022650635094611,0.8334349999999999,0.00702169687932941,0.88070645,0.18929355,0.40135,0.0022650635094611,0.2126,0.0026,0.3826,0.00760000000000001,0.5501,0.0001,0.7751,0.00510000000000001
Stock_24,0.4801,0.0151,1.48831,0.046810000000000004,1.81908599,0.000914010000000021,0.7726,0.0342869858279434,0.2501,0.0001,0.6076,0.0426,0.9526,0.0426,1.3651,0.0701000000000001
Stock_3,0.70635,0.0202168461742888,2.1896850000000003,0.06267222314029527,2.35,,1.0426,0.0247221445044903,0.3326,0.0126,0.8351,0.0301,1.3551,0.0151,1.9026,0.0676
Stock_4,0.19135,0.00424578098794425,0.593185,0.013161921062627176,0.648786125,0.031213875,0.3251,0.00510000000000001,0.1426,0.00259999999999999,0.2776,0.0126,0.4051,0.0101,0.5826,0.0376
Stock_5,0.4701,0.0323102468168128,1.45731,0.10016176513211968,1.47393217,0.0760678300000001,0.72385,0.0372441448952591,0.3226,0.0026,0.6676,0.0226,1.0626,0.0126,1.3526,0.0676
Stock_7,0.4326,0.0411030486671418,1.34106,0.1274194508681396,1.81973413,0.13026587,0.6176,0.0694271231193107,0.4076,0.0176,0.6326,0.0026,0.8626,0.0026,1.3201,0.0951
Stock_8,0.4701,0.00717106781186546,1.45731,0.022230310216782928,1.731542175,0.031542175,0.7226,0.0044301270189222,0.2351,0.00509999999999999,0.5426,0.0126,0.8401,0.0251,1.2726,0.0176000000000001
TPN_11,0.84135,0.0065951905283833,2.608185,0.02044509063798823,6.71,,1.33385,0.0674957528335428,0.6476,0.0426,1.2001,0.0151,1.7951,0.00510000000000001,2.4901,0.00510000000000012
TPN_7,0.3501,0.0286043856274784,1.08531,0.08867359544518304,3.3600932,0.3100932,0.85635,0.0297595262942617,0.0601,0.0101,0.3726,0.0525999999999999,0.6551,0.0800999999999994,1.1401,0.1601
Teutsch_10,0.1901,0.0101,0.58931,0.03131,2.609235645,0.0207643549999998,0.5451,0.0087602540378444,0.2601,0.0251,0.4301,0.0701000000000001,0.6376,0.1276,0.8926,0.1576
Teutsch_105,0.2951,0.0423788363132195,0.9148099999999999,0.13137439257098046,1.86,,0.46635,0.00226506350946107,0.2151,0.00510000000000001,0.3751,0.00510000000000001,0.5801,0.0301,0.9826,0.1476
Teutsch_106,0.34385,0.00659519052838327,1.065935,0.020445090637988137,1.05,,0.5201,0.0001,0.0451,0.0451,0.2176,0.0426,0.4101,0.0700999999999999,0.8051,0.115100000000001
Teutsch_107,0.08635,0.0284670142947756,0.267685,0.08824774431380436,2.09765573,0.0623442700000001,0.3851,0.0177776695296637,0.3276,0.0226,0.4226,0.0626,0.5176,0.1026,0.6551,0.1851
Teutsch_108,0.32385,0.00749509972887453,1.003935,0.023234809159511045,1.049797575,0.190202425,0.5376,0.0126,0.2426,0.0026,0.4576,0.0026,0.6876,0.00759999999999995,0.9801,0.0201
Teutsch_110,0.5701,0.00945414346693483,1.7673100000000002,0.029307844747497973,2.6,,0.6751,0.2151,0.0051,0.0051,0.2801,0.1051,0.7526,0.0376,1.2801,0.0301
Teutsch_125,0.5351,0.0646174395028207,1.6588100000000001,0.20031406245874417,3.495316625,0.245316625,1.06385,0.022001769334919,0.3651,0.0101,0.8426,0.0726,1.1926,0.2076,1.6876,0.3126
Teutsch_126,0.3926,0.00911387818865998,1.21706,0.02825302238484594,1.422783435,0.077216565,0.6101,0.014242135623731,0.2776,0.0026,0.5401,0.00510000000000001,0.8026,0.00760000000000001,1.1401,0.0151
Teutsch_127,0.6051,0.0001,1.87581,0.00031,1.71878361,0.72878361,0.8976,0.0148901994577491,0.0176,0.0176,0.4101,0.0500999999999998,0.7801,0.0401,1.2926,0.1126
Teutsch_129,0.6526,0.0144614066163451,2.02306,0.04483036051066981,2.014823845,0.155176155,0.97135,0.0538790619107474,0.4726,0.00759999999999998,0.9576,0.0026,1.4376,0.0476000000000001,1.8976,0.0176000000000001
Teutsch_13,0.54135,0.00749509972887453,1.678185,0.023234809159511045,2.127181665,0.0971816650000001,0.80135,0.0171934929139716,0.0001,0.0001,0.2726,0.0226,0.6151,0.0401,1.1076,0.0426
Teutsch_132,0.5026,0.00569016994374948,1.5580600000000002,0.017639526825623388,1.444613105,0.125386895,0.76135,0.0065951905283833,0.2526,0.0126,0.5851,0.0001,0.8901,0.0201,1.3576,0.00759999999999995
Teutsch_133,0.33135,0.00749509972887453,1.027185,0.023234809159511045,1.6,,0.52135,0.0164458710382775,0.2301,0.0001,0.4476,0.0026,0.6701,0.0001,0.9726,0.0026
Teutsch_135,0.4951,0.00717106781186548,1.53481,0.022230310216782987,1.70397655,0.12397655,0.7526,0.0161078105935821,0.1776,0.0026,0.5201,0.0101,0.8176,0.0026,1.2701,0.0201
Teutsch_136,0.49385,0.0249432586429397,1.5309350000000002,0.07732410179311308,1.773831725,0.096168275,0.7026,0.0183002747232013,0.1176,0.0426,0.5126,0.0726000000000001,0.8081,0.102099999999999,1.2571,0.0171
Teutsch_137,0.12635,0.00424578098794425,0.391685,0.013161921062627176,0.425435545,0.214564455,0.20385,0.00902678553567856,0.0726,0.0026,0.1601,0.00510000000000001,0.2476,0.0126,0.3601,0.0301
Teutsch_139,0.4851,0.0263202212042538,1.5038099999999999,0.08159268573318677,3.769701075,0.119701075,0.8626,0.0189745860881769,0.3876,0.0026,0.7876,0.0226,1.1126,0.0476,1.5726,0.1126
Teutsch_14_A,0.23885,0.00424578098794425,0.7404350000000001,0.013161921062627176,0.890199325,0.0898006749999999,0.39385,0.0109253175473055,0.1976,0.0026,0.3576,0.00760000000000001,0.5151,0.0001,0.7426,0.0226
Teutsch_141,0.48385,0.00970143218483577,1.499935,0.030074439772990885,2.1,,0.7451,0.0118260393995586,0.1151,0.0051,0.4276,0.0026,0.7551,0.00510000000000001,1.1951,0.0301
Teutsch_142,0.75135,0.0120242400177118,2.329185,0.03727514405490658,2.96846904,0.0584690399999999,1.1351,0.00876025403784439,0.2901,0.0001,0.8176,0.0126,1.3501,0.0251,1.9851,0.0501000000000001
Teutsch_143_A,0.4601,0.0001,1.42631,0.00031,1.670183825,0.049816175,0.7276,0.0196256241897667,0.2551,0.0101,0.5576,0.00759999999999995,0.8526,0.0326,1.2801,0.00510000000000001
Teutsch_143_B,0.4601,0.0001,1.42631,0.00031,1.670183825,0.049816175,0.7276,0.0196256241897667,0.2551,0.0101,0.5576,0.00759999999999995,0.8526,0.0326,1.2801,0.00510000000000001
Teutsch_144,0.10385,0.0125373429638328,0.321935,0.03886576318788168,0.34794234,0.22205766,0.1201,0.00945414346693486,0.0601,0.0001,0.0976,0.0126,0.1526,0.0326,0.2726,0.0626
Teutsch_145,0.19135,0.0266459507269942,0.593185,0.08260244725368202,3.005340275,0.364659725000003,0.51885,0.0109253175473055,0.2051,0.0151,0.3701,0.0451,0.5301,0.0950999999999997,0.7776,0.1676
Teutsch_156,0.27385,0.00554862367942585,0.848935,0.017200733406220133,1.180446505,0.189553495000001,0.41885,0.0065951905283833,0.2076,0.0026,0.3851,0.00510000000000001,0.5701,0.0001,0.8051,0.00510000000000001
Teutsch_157,0.1326,0.00569016994374948,0.41106,0.017639526825623388,0.37,,0.2201,0.0001,0.0476,0.00759999999999999,0.1301,0.0101,0.2301,0.0301000000000001,0.3501,0.0151
Teutsch_159,0.4201,0.00717106781186548,1.3023099999999999,0.022230310216782987,1.664574715,0.405425285,0.6851,0.0283842712474619,0.2326,0.00259999999999999,0.5276,0.0226,0.8276,0.0526,1.2026,0.0426000000000001
Teutsch_16,0.4151,0.00622372435695795,1.28681,0.019293545506569646,1.619579405,0.070420595,0.66635,0.0156623744974859,0.3126,0.0026,0.6001,0.0301,0.8751,0.0251,1.2451,0.0500999999999999
Teutsch_162,0.5276,0.0626,1.63556,0.19406,2.269173335,0.119173335,0.75385,0.0828930401664299,0.0001,0.0001,0.1676,0.0276,0.5026,0.0276,0.9351,0.1001
Teutsch_174,0.24135,0.0168238602003246,0.7481850000000001,0.05215396662100626,0.93720496,0.132795039999999,0.33885,0.0022650635094611,0.2001,0.0101,0.3626,0.00760000000000001,0.4751,0.0201,0.6951,0.0001
Teutsch_175,0.1751,0.00622372435695794,0.54281,0.019293545506569615,0.756464185,0.123535815,0.2926,0.0109972473588517,0.1426,0.00259999999999999,0.2601,0.0151,0.4001,0.0201,0.5401,0.0351
Teutsch_176,0.2876,0.0126,0.8915600000000001,0.039060000000000004,1.45,,0.4351,0.0323102468168128,0.2276,0.0026,0.4026,0.0026,0.5601,0.00509999999999995,0.8351,0.0001
Teutsch_179,0.1001,0.0001,0.31031,0.00031,0.33297575,0.12702425,0.1426,0.00443012701892219,0.0451,0.0001,0.1026,0.0026,0.1651,0.0001,0.2526,0.0026
Teutsch_181,0.1701,0.00363553390593273,0.5273100000000001,0.011270155108391463,0.802440715,0.227559285,0.2826,0.00259999999999997,0.1251,0.00510000000000001,0.2351,0.0151,0.3451,0.0151,0.4951,0.0251
Teutsch_186,0.3376,0.00759999999999998,1.0465600000000002,0.02355999999999994,1.095562595,0.00443740500000001,0.5751,0.0142421356237309,0.2101,0.00510000000000001,0.4326,0.0176,0.6901,0.0301,0.9901,0.0351
Teutsch_187,0.21885,0.00554862367942585,0.678435,0.017200733406220133,0.722614375,0.0873856249999999,0.3326,0.00759999999999998,0.1676,0.0126,0.3076,0.00760000000000001,0.4401,0.0151,0.6351,0.0101
Teutsch_188,0.54885,0.0109253175473055,1.7014349999999998,0.03386848439664705,2.0,,0.81635,0.0164458710382775,0.3001,0.00510000000000001,0.6826,0.0026,1.0251,0.00510000000000001,1.5051,0.00510000000000001
Teutsch_190,0.0726,0.00443012701892219,0.22506,0.01373339375865879,0.32278255,0.08721745,0.1651,0.00622372435695795,0.0626,0.0126,0.1026,0.0226,0.1851,0.0101,0.2626,0.0276000000000003
Teutsch_191,0.23135,0.00749509972887452,0.7171850000000001,0.02323480915951101,1.27944273,0.160557269999999,0.40385,0.0211282548015759,0.1726,0.00259999999999999,0.3201,0.00510000000000001,0.5126,0.0576000000000001,0.6751,0.0401
Teutsch_199,0.4951,0.00717106781186548,1.53481,0.022230310216782987,2.81,,0.7551,0.00717106781186548,0.3151,0.00510000000000001,0.6501,0.00510000000000001,0.9701,0.0001,1.4026,0.00759999999999995
Teutsch_2,0.4276,0.00569016994374948,1.32556,0.017639526825623388,1.515467055,0.124532945,0.50635,0.0301780235387899,0.3351,0.0101,0.5776,0.0226,0.8101,0.0801,1.1626,0.1026
Teutsch_20,0.4701,0.0142421356237309,1.45731,0.04415062043356579,1.39936048,0.23063952,0.67385,0.0152554445662276,0.3126,0.0026,0.6101,0.0201,0.9276,0.0226,1.2976,0.0426000000000001
Teutsch_210,0.30885,0.00424578098794425,0.957435,0.013161921062627176,1.166805695,0.263194305,0.49385,0.0022650635094611,0.2101,0.00510000000000001,0.4026,0.00759999999999998,0.5926,0.00760000000000001,0.8851,0.0201
Teutsch_211,0.10135,0.00554862367942584,0.314185,0.017200733406220105,0.342242265,0.177757735,0.18635,0.0114880419739304,0.0951,0.00510000000000001,0.1426,0.00259999999999999,0.2426,0.00760000000000001,0.3351,0.0301
Teutsch_215,0.2751,0.00363553390593274,0.8528100000000001,0.011270155108391494,1.203902945,0.326097055,0.44135,0.0164458710382775,0.2301,0.0001,0.3976,0.0026,0.5801,0.0101,0.8376,0.00760000000000001
Teutsch_222,0.00135,0.0022650635094611,0.004185,0.00702169687932941,2.25,,0.15135,0.0160589316685046,0.0051,0.0051,0.0001,0.0001,0.0301,0.0151,0.1026,0.0376
Teutsch_226,0.1251,0.0177776695296637,0.38781,0.05511077554195747,1.646041925,0.0260419249999999,0.3351,0.0001,0.3326,0.0026,0.4326,0.0276,0.5376,0.0675999999999999,0.6876,0.1126
Teutsch_23,0.82135,0.0404693881548879,2.5461850000000004,0.1254551032801525,3.180022385,0.130022385,1.2426,0.0130903810567666,0.1401,0.0151,0.7751,0.0351,1.4176,0.0826,1.9691,0.0911000000000001
Teutsch_246,0.41635,0.0249432586429397,1.290685,0.07732410179311308,3.743366425,0.146633575,0.77385,0.0369060796608387,0.4376,0.0026,0.7826,0.0426,1.0351,0.0451,1.4801,0.1401
Teutsch_247,0.55135,0.00902678553567853,1.7091850000000002,0.027983035160603444,2.69361485,0.20638515,0.82635,0.00902678553567857,0.3376,0.00759999999999998,0.7076,0.00760000000000001,1.0801,0.0101,1.5376,0.0126000000000001
Teutsch_25,0.1226,0.0372651718682963,0.38006,0.11552203279171853,1.73801877,0.05198123,0.53635,0.0538790619107474,0.1901,0.0151,0.3351,0.0451000000000002,0.4376,0.0976000000000001,0.6801,0.2901
Teutsch_262,0.6576,0.028713807855649,2.03856,0.08901280435251191,3.37410294,0.10589706,1.0426,0.0376000000000001,0.1626,0.00760000000000001,0.6176,0.00760000000000001,1.1426,0.0276,1.7051,0.0101
Teutsch_263,0.6251,0.0227384628453436,1.93781,0.07048923482056517,5.006391685,0.176391685,1.17135,0.0103316909648405,0.3551,0.0251,0.9376,0.0576,1.4476,0.1376,2.0301,0.1451
Teutsch_265,0.69635,0.0120242400177118,2.158685,0.03727514405490658,2.86916918,0.23916918,1.04385,0.00554862367942588,0.0701,0.0101,0.5576,0.0176,1.0201,0.0401,1.6551,0.0701000000000001
Teutsch_267,0.60385,0.00554862367942585,1.8719350000000001,0.017200733406220133,3.886958455,0.313041545,0.5726,0.0226,0.2126,0.00760000000000001,0.5516,0.0715999999999999,0.8526,0.1676,1.3016,0.2266
Teutsch_27,0.30135,0.0114880419739304,0.934185,0.03561293011918425,3.391364385,0.0413643850000001,0.6126,0.0126,0.1051,0.0151,0.3576,0.0475999999999999,0.5976,0.0675999999999999,0.9201,0.115100000000001
Teutsch_272,0.1376,0.0126,0.42656,0.039060000000000004,2.920625625,0.329374375,0.34885,0.0022650635094611,0.1826,0.0026,0.2726,0.0126,0.4026,0.0376,0.5826,0.0526
Teutsch_3,0.3751,0.00510000000000001,1.16281,0.015810000000000032,1.14441422,0.01441422,0.5601,0.0001,0.1151,0.0201,0.3301,0.0301,0.5576,0.0526,0.9301,0.0651
Teutsch_30,0.0926,0.0026,0.28706000000000004,0.00806,0.2,,0.11385,0.0152554445662278,0.0651,0.0001,0.0976,0.0126,0.1451,0.0200999999999999,0.2176,0.0226
Teutsch_301,0.3476,0.00839156197588848,1.07756,0.02601384212525429,1.24422661,0.14577339,0.53135,0.0205251682979602,0.2501,0.0001,0.4826,0.0026,0.7226,0.0176,0.9926,0.0176
Teutsch_308,0.40635,0.0195855715851499,1.259685,0.06071527191396469,2.99405502,0.14405502,0.9726,0.0968277106107655,0.4201,0.0151,0.8101,0.0950999999999992,1.0451,0.0951,1.6626,0.2726
Teutsch_31,0.48385,0.0152554445662277,1.499935,0.047291878155305875,2.132019405,0.252019405,0.68885,0.106188111963594,0.0401,0.0101,0.3526,0.0326,0.5976,0.1826,1.1676,0.0926
Teutsch_311,0.88285,0.0110630059746404,2.736835,0.03429531852138524,3.65433017,0.0843301700000001,1.3776,0.127010401464971,0.1976,0.0126,0.8801,0.0151,1.8946,0.320600000000001,2.2276,0.0426
Teutsch_312,0.09885,0.0125373429638327,0.306435,0.03886576318788137,0.304045565,0.115954435,0.18385,0.0109253175473055,0.0626,0.0026,0.1351,0.00510000000000001,0.2001,0.0201,0.2851,0.0500999999999999
Teutsch_324,0.4901,0.0290395922569756,1.51931,0.09002273599662436,3.99051657,0.18051657,0.9126,0.021750635094611,0.1626,0.00760000000000001,0.5801,0.0351,0.9476,0.0575999999999999,1.4076,0.1326
Teutsch_33,0.0451,0.0001,0.13981000000000002,0.00031,0.45301309,0.24698691,0.18635,0.0065951905283833,0.0776,0.0026,0.1101,0.0251,0.1601,0.0451,0.2651,0.0600999999999999
Teutsch_332,0.3326,0.0401780488547037,1.03106,0.12455195144958146,3.317210065,0.152789935,0.7001,0.0204100960115899,0.0001,0.0001,0.1676,0.0176000000000001,0.4426,0.0675999999999999,0.7751,0.1051
Teutsch_334,0.14885,0.0022650635094611,0.46143500000000004,0.00702169687932941,0.50063941,0.13936059,0.24135,0.0022650635094611,0.1101,0.0151,0.2101,0.00510000000000001,0.3126,0.00760000000000001,0.4351,0.0201
Teutsch_335,0.09635,0.00749509972887452,0.29868500000000003,0.02323480915951101,2.220894805,0.00910519500000007,0.9851,0.00876025403784439,0.3151,0.0600999999999999,0.5826,0.2776,0.8451,0.4101,1.1851,0.6651
Teutsch_341,0.1476,0.00569016994374947,0.45756,0.017639526825623357,0.71,,0.2851,0.0301000000000002,0.1126,0.0126,0.2276,0.0426,0.3651,0.0551,0.5076,0.0576000000000006
Teutsch_342,0.27385,0.00554862367942585,0.848935,0.017200733406220133,4.70399277,0.10399277,0.37135,0.0256868618630734,0.2326,0.00259999999999999,0.3876,0.0226,0.5501,0.0401,0.7826,0.0576
Teutsch_345,0.5026,0.0196256241897667,1.5580600000000002,0.06083943498827677,1.62173556,0.0817355599999999,0.8176,0.0179535710713571,0.3251,0.0251,0.6951,0.0601,1.0401,0.0351,1.4251,0.0801
Teutsch_346,0.4551,0.00717106781186548,1.4108100000000001,0.022230310216782987,1.543607845,0.106392155,0.6976,0.0161078105935821,0.3126,0.0026,0.6126,0.0026,0.9251,0.0251,1.3026,0.00760000000000006
Teutsch_347,0.4851,0.0001,1.5038099999999999,0.00031,1.43064536,0.03935464,0.7301,0.0174205080756888,0.3526,0.00760000000000001,0.6551,0.0151,0.9801,0.0301,1.3776,0.0176
Teutsch_349,0.4576,0.0109972473588517,1.41856,0.03409146681244027,1.42101523,0.18101523,0.70135,0.0195855715851499,0.2301,0.0001,0.5201,0.0201,0.8526,0.0126,1.2251,0.0351
Teutsch_35,0.06385,0.00424578098794425,0.19793500000000003,0.013161921062627176,0.30381729,0.16618271,0.08635,0.00424578098794425,0.0426,0.0026,0.0726,0.0026,0.1026,0.0026,0.1726,0.00759999999999999
Teutsch_352,0.2826,0.0104077640640441,0.8760600000000001,0.03226406859853671,0.96799319,0.07200681,0.45635,0.00902678553567855,0.2001,0.0001,0.3776,0.0026,0.5826,0.00760000000000001,0.8226,0.0126
Teutsch_36,0.4076,0.00443012701892217,1.26356,0.013733393758658728,1.278656795,0.121343205,0.0161,0.00244520787991171,0.1336,0.0416,0.2351,0.1851,0.3526,0.3026,0.5876,0.5126
Teutsch_366,0.3476,0.00759999999999998,1.07756,0.02355999999999994,1.45639442,0.0736055800000001,0.5351,0.00510000000000001,0.2751,0.00510000000000001,0.5176,0.0026,0.7326,0.0176,1.0251,0.0201
Teutsch_367,0.3551,0.0207155281280883,1.10081,0.06421813719707374,1.180789375,0.119210625,0.3976,0.0511514446416557,0.2601,0.0251,0.4751,0.1101,0.5001,0.1651,0.9126,0.137599999999999
Teutsch_38,0.0751,0.0001,0.23281000000000002,0.00031,0.33585676,0.15414324,0.12885,0.0065951905283833,0.0451,0.0001,0.0926,0.0076,0.1401,0.00509999999999999,0.2251,0.0101
Teutsch_39,0.1476,0.0026,0.45756,0.00806,0.480831715,0.209168285,0.2401,0.0001,0.0476,0.0026,0.1426,0.00259999999999999,0.2451,0.00510000000000001,0.3751,0.0101
Teutsch_4,0.5176,0.00911387818865998,1.60456,0.02825302238484594,1.5,,0.78135,0.0065951905283833,0.3326,0.0026,0.6851,0.0101,1.0176,0.0126000000000001,1.4751,0.00510000000000001
Teutsch_44,0.14135,0.0114880419739304,0.43818500000000005,0.03561293011918425,0.21556161,0.04443839,0.1876,0.0044301270189222,0.1051,0.0001,0.1776,0.00759999999999999,0.2551,0.0101,0.4051,0.0500999999999998
Teutsch_48,0.1701,0.0232840462387392,0.5273100000000001,0.07218054334009152,3.15,,0.43385,0.00970143218483577,0.0451,0.0001,0.1926,0.0326,0.3326,0.0726,0.5401,0.1351
Teutsch_50,0.4801,0.0270258240356725,1.48831,0.08378005451058475,1.605718895,0.0442811049999999,0.78635,0.0125373429638328,0.3276,0.0126,0.6601,0.0101,1.0151,0.0301,1.3626,0.0926
Teutsch_51,0.49885,0.0293350389088163,1.546435,0.09093862061733053,,,0.78885,0.0233849200127464,0.4476,0.00760000000000001,0.7851,0.00510000000000001,1.1451,0.0001,1.5051,0.0600999999999999
Teutsch_52,0.16385,0.00970143218483576,0.507935,0.03007443977299086,0.63885638,0.04885638,0.33135,0.0195855715851499,0.1351,0.0101,0.2701,0.0350999999999999,0.4101,0.0551,0.5576,0.1276
Teutsch_53,0.6401,0.0001,1.98431,0.00031,1.96003414,0.17996586,0.93635,0.0273431183971292,0.4476,0.0026,0.9151,0.00510000000000001,1.3426,0.0276000000000001,1.8376,0.00260000000000006
Teutsch_55,0.73885,0.00902678553567857,2.290435,0.02798303516060357,3.618089115,0.0819108850000001,1.12385,0.0817528474702505,0.4151,0.00510000000000001,0.9326,0.0126,1.5701,0.0801,2.0451,0.0450999999999999
Teutsch_56,0.36635,0.153045047320925,1.135685,0.4744396466948675,1.83942794,0.210572060000002,0.5776,0.0302039864469807,0.4526,0.00760000000000001,0.7101,0.0351,0.8951,0.0801,1.1926,0.132600000000001
Teutsch_57,0.0076,0.00443012701892219,0.02356,0.01373339375865879,2.02041984,0.10958016,0.8376,0.0109972473588517,0.1526,0.0376,0.3176,0.2226,0.5351,0.3751,0.8126,0.5626
Teutsch_60,0.2976,0.0337340601176845,0.9225599999999999,0.10457558636482195,0.95659178,0.03340822,0.3676,0.00760000000000001,0.2676,0.0026,0.4276,0.0176,0.5951,0.0401,0.9026,0.1226
Teutsch_61,0.57135,0.00424578098794425,1.7711850000000002,0.013161921062627176,1.949558615,0.050441385,0.8526,0.0130903810567666,0.2876,0.0176,0.6826,0.0126,1.0201,0.0101,1.5351,0.0001
Teutsch_62,0.55385,0.0125373429638327,1.7169349999999999,0.03886576318788137,2.05,,0.83885,0.0152554445662277,0.0101,0.0101,0.2801,0.0151,0.6176,0.00760000000000001,1.1351,0.0101
Teutsch_64,0.21885,0.0022650635094611,0.678435,0.00702169687932941,0.92839252,0.00839251999999996,0.34635,0.0022650635094611,0.1701,0.0001,0.3051,0.0101,0.4526,0.00760000000000001,0.6551,0.0151
Teutsch_65,0.13385,0.0268803566070358,0.414935,0.08332910548181098,2.43490112,0.0,0.8701,0.00510000000000001,0.0776,0.0176,0.3051,0.1451,0.5101,0.2901,0.8326,0.4826
Teutsch_66,0.25885,0.00554862367942585,0.8024350000000001,0.017200733406220133,1.120157475,0.119842525,0.4226,0.00839156197588851,0.2026,0.00259999999999999,0.3551,0.0001,0.5376,0.0126,0.7576,0.0126
Teutsch_67,0.17885,0.0175553000547112,0.554435,0.05442143016960472,2.549389445,0.120610555,0.3776,0.0044301270189222,0.4001,0.0101,0.5126,0.00760000000000001,0.6401,0.0201,0.8556,0.0296
Teutsch_68,0.44885,0.00749509972887453,1.3914350000000002,0.023234809159511045,1.66,,0.72885,0.0160589316685046,0.3026,0.0026,0.6101,0.0101,0.9226,0.0276,1.3151,0.0351
Teutsch_71,0.14635,0.0109253175473055,0.45368500000000006,0.03386848439664705,1.70097649,0.0490235100000001,0.33385,0.0164458710382775,0.2951,0.0151,0.3801,0.0201,0.4851,0.0351,0.6851,0.0451
Teutsch_72,0.6951,0.00945414346693483,2.1548100000000003,0.029307844747497973,2.588414245,0.151585755,1.0951,0.0260807621135331,0.4851,0.0251,0.9826,0.0226,1.5126,0.0676,2.0401,0.0450999999999999
Teutsch_75,0.2476,0.0104077640640442,0.76756,0.032264068598537025,2.973979055,0.103979055,1.0551,0.0001,0.2926,0.1676,0.6576,0.3576,0.9626,0.4926,1.3876,0.6826
Teutsch_77,0.19885,0.00424578098794424,0.6164350000000001,0.013161921062627143,0.57158673,0.10841327,0.3326,0.0104077640640441,0.1526,0.0026,0.2751,0.0001,0.4226,0.00760000000000001,0.5951,0.00510000000000001
Teutsch_78,0.4451,0.0151,1.37981,0.046810000000000004,1.9,,0.73635,0.0160589316685046,0.2826,0.00759999999999998,0.5801,0.00510000000000001,0.8951,0.0151,1.2726,0.0476
Teutsch_79,0.20135,0.0266459507269943,0.624185,0.08260244725368233,2.7,,0.6451,0.0201,0.0576,0.0026,0.2626,0.0526,0.4501,0.1151,0.7901,0.1951
Teutsch_8,0.10385,0.0523464113600159,0.321935,0.1622738752160493,2.44294517,0.0929451699999999,0.71885,0.0022650635094611,0.0576,0.0576,0.2026,0.2026,0.3601,0.3501,0.5801,0.5451
Teutsch_80,1.1526,0.0148901994577491,3.5730600000000003,0.04615961831902221,4.41524981,0.05475019,1.71885,0.0233849200127464,0.7476,0.0026,1.6651,0.0001,2.5526,0.0226000000000002,3.3926,0.0176000000000001
Teutsch_82,0.6551,0.0107066017177982,2.0308100000000002,0.033190465325174424,0.8,,0.98635,0.00554862367942585,0.2051,0.0101,0.6526,0.0276,1.0976,0.0476,1.6926,0.0825999999999999
Teutsch_83,0.4451,0.00945414346693486,1.37981,0.02930784474749807,1.729523165,0.230476835,0.69385,0.0160589316685046,0.2776,0.0026,0.5876,0.00760000000000001,0.8826,0.0026,1.2751,0.0001
Teutsch_84,0.7076,0.00760000000000001,2.19356,0.023560000000000032,2.74330652,0.00669348000000003,1.0926,0.0130903810567666,0.3876,0.00760000000000001,0.8751,0.0251,1.3901,0.00510000000000001,1.9576,0.0276000000000001
Teutsch_85,0.67385,0.0148372826531895,2.0889349999999998,0.04599557622488745,2.665186265,0.164813735,1.0326,0.0161078105935822,0.4051,0.00509999999999998,0.8801,0.0001,1.3551,0.00510000000000001,1.9226,0.0176
Teutsch_89,0.2101,0.00363553390593274,0.6513100000000001,0.011270155108391494,1.01,,0.35135,0.0114880419739304,0.1501,0.0001,0.2901,0.00510000000000001,0.4376,0.0026,0.6551,0.0351
Teutsch_92,0.3551,0.00363553390593274,1.10081,0.011270155108391494,1.24471693,0.165283069999999,0.56885,0.0160589316685046,0.1851,0.00510000000000001,0.4176,0.0026,0.6576,0.0176,0.9876,0.0026
Teutsch_93,0.0156,0.0145308696896618,0.04836,0.04504569603795158,1.862395965,0.247604035,0.3826,0.240165095338743,0.0001,0.0001,0.1076,0.1076,0.0001,0.0001,0.0526,0.0226
Teutsch_J0706-0907,0.4276,0.0144614066163451,1.32556,0.04483036051066981,,,0.5926,0.021750635094611,0.1451,0.0001,0.4101,0.0500999999999998,0.6776,0.0875999999999999,1.0451,0.1051
Theia_1643,0.6076,0.0130903810567666,1.8835600000000001,0.040580181275976464,2.365402625,0.0154026249999999,0.9776,0.0397074487943871,0.3601,0.0251,0.8376,0.0226,1.2551,0.0701,1.7476,0.0976000000000001
Theia_1645,0.42485,0.0104772587902586,1.317035,0.03247950224980166,1.616013605,0.043986395,0.7051,0.0235520787991171,0.2876,0.0026,0.6176,0.0226,0.8876,0.0526,1.2951,0.0600999999999999
Theia_1654,0.22135,0.00424578098794425,0.686185,0.013161921062627176,1.17022431,0.23977569,0.37885,0.0022650635094611,0.2076,0.0026,0.3526,0.00760000000000001,0.5176,0.0176,0.7201,0.0251
Theia_1655,0.9226,0.0161078105935821,2.86006,0.04993421284010451,3.90426926,0.05573074,1.37385,0.0231149407994024,0.1851,0.00510000000000001,0.9201,0.00510000000000001,1.5876,0.0126000000000001,2.2801,0.0201
Theia_1656,0.8126,0.0437606229914324,2.51906,0.13565793127344045,2.87738637,0.297386369999997,1.22885,0.0268803566070357,0.1601,0.00510000000000001,0.7726,0.0126,1.4501,0.0651,1.9491,0.0610999999999999
Theia_1661,0.36635,0.0291204669156097,1.135685,0.09027344743839007,4.058067365,0.281932635,0.7601,0.0251,0.4401,0.0001,0.7501,0.0301,0.9976,0.0876,1.3851,0.1851
Theia_1673,0.89885,0.0156623744974859,2.786435,0.04855336094220629,3.41139009,0.0186099100000001,0.6796,0.00648357266740182,0.3926,0.0426000000000001,0.8851,0.2301,1.3651,0.3951,1.9176,0.5826
Theia_1676,0.43635,0.0065951905283833,1.3526850000000001,0.02044509063798823,1.75,,0.6926,0.0284945417290014,0.2951,0.0101,0.5976,0.00760000000000001,0.9151,0.0401,1.2626,0.0376
Theia_1694,0.0001,0.0001,0.00031,0.00031,2.55,,0.0976,0.0189745860881768,0.0701,0.0201,0.0701,0.0001,0.0526,0.0526,0.1001,0.0601
Theia_1706,0.27635,0.0231149407994025,0.856685,0.07165631647814776,3.15743306,0.27256694,0.6001,0.00363553390593274,0.3351,0.0001,0.5426,0.0226,0.7826,0.0676,1.0776,0.0976000000000001
Theia_1712,0.5281,0.0250899979991996,1.63711,0.07777899379751876,2.250622385,0.0106223849999998,0.86635,0.0199037243971936,0.1551,0.00510000000000001,0.4976,0.0126,0.8931,0.00710000000000001,1.4576,0.0975999999999999
Theia_1713,0.7326,0.0126,2.2710600000000003,0.039060000000000004,2.336842435,0.073157565,1.0876,0.0342869858279434,0.4976,0.0026,1.0576,0.0376,1.5526,0.0476000000000001,2.1276,0.0675999999999999
Theia_1727,0.3251,0.0213132034355964,1.00781,0.06607093065034884,0.927316185,0.027316185,0.52885,0.0388903016229573,0.2201,0.00510000000000001,0.4926,0.00760000000000001,0.7226,0.0026,1.0151,0.0651000000000001
Theia_1749,0.7701,0.0137930639376292,2.3873100000000003,0.04275849820665052,3.15,,1.1426,0.0109972473588517,0.4401,0.0001,0.9876,0.00760000000000001,1.5276,0.0226000000000001,2.1676,0.0475999999999999
Theia_1753,0.51885,0.0164458710382775,1.608435,0.050982200218660255,2.181524725,0.138475275,0.7501,0.0174205080756888,0.2201,0.0201,0.5651,0.0501,0.9201,0.0501,1.2976,0.0426000000000001
Theia_1797,0.3126,0.00911387818865998,0.96906,0.02825302238484594,1.213722965,0.0762770350000001,0.5201,0.0277134025429681,0.2401,0.0101,0.4651,0.0151,0.7226,0.0476,0.9576,0.0475999999999999
Theia_1806,0.28885,0.0152554445662277,0.895435,0.047291878155305875,1.64924035,0.13924035,0.44635,0.0022650635094611,0.2451,0.0001,0.4426,0.0026,0.6176,0.0176,0.8726,0.00760000000000001
Theia_1811,0.3801,0.0253487623459052,1.17831,0.07858116327230612,2.17287575,0.05712425,0.6626,0.0044301270189222,0.0426,0.0126,0.3226,0.0276,0.6276,0.00760000000000001,0.9576,0.0026
Theia_1844,0.39385,0.00902678553567857,1.2209349999999999,0.02798303516060357,1.31108695,0.11891305,0.64385,0.0164458710382775,0.2426,0.0026,0.5001,0.0001,0.7801,0.0201,1.1376,0.00259999999999995
Theia_1858,0.2326,0.0231488611432322,0.72106,0.07176146954401982,2.90309702,0.0530970200000001,1.3501,0.0001,0.5701,0.2651,0.9551,0.4951,1.3176,0.7226,1.7926,1.0076
Theia_1868,0.51635,0.00749509972887453,1.600685,0.023234809159511045,1.78091939,0.12908061,0.78635,0.00970143218483577,0.2851,0.0001,0.6476,0.00760000000000001,0.9651,0.00510000000000001,1.4451,0.0001
Theia_1875,0.89885,0.0156623744974859,2.786435,0.04855336094220629,3.41139009,0.0186099100000001,0.6796,0.00648357266740182,0.3926,0.0426000000000001,0.8851,0.2301,1.3651,0.3951,1.9176,0.5826
Theia_1886,0.27885,0.0222852991866236,0.864435,0.06908442747853316,3.448632035,0.00863203499999998,0.62385,0.0291204669156098,0.0026,0.0026,0.2576,0.0576000000000001,0.3851,0.0501,0.8451,0.1201
Theia_1890,0.21885,0.0022650635094611,0.678435,0.00702169687932941,0.92839252,0.00839251999999996,0.34635,0.0022650635094611,0.1701,0.0001,0.3051,0.0101,0.4526,0.00760000000000001,0.6551,0.0151
Theia_1914,0.3101,0.00800569415042095,0.96131,0.024817651866304948,1.19637384,0.28362616,0.51885,0.0205251682979603,0.2126,0.0026,0.4376,0.0176,0.6626,0.0276,0.9201,0.0601
Theia_1928,0.33385,0.0164458710382775,1.034935,0.050982200218660255,1.339752555,0.0302474450000001,0.4926,0.0327917420765551,0.2776,0.0026,0.5051,0.0001,0.6801,0.00510000000000001,0.9801,0.0101
Theia_1932,0.36635,0.00902678553567857,1.135685,0.02798303516060357,1.181400715,0.121400714999998,0.60635,0.0301780235387899,0.2401,0.0001,0.5026,0.0226,0.8026,0.0476,1.0951,0.0401
Theia_1934,0.20385,0.00659519052838328,0.631935,0.02044509063798817,0.80691836,0.05308164,0.3376,0.0130903810567666,0.1401,0.00509999999999999,0.2776,0.00759999999999998,0.3951,0.0201,0.5951,0.0351
Theia_1968,0.37385,0.00749509972887453,1.158935,0.023234809159511045,1.438706075,0.131293925,0.61135,0.0152554445662277,0.2351,0.00509999999999999,0.5051,0.0201,0.7501,0.0151,1.1076,0.0376
Theia_1973,0.50635,0.00749509972887453,1.569685,0.023234809159511045,1.704151905,0.064151905,0.77385,0.0022650635094611,0.2976,0.0126,0.6351,0.00510000000000001,0.9551,0.0251,1.4251,0.0201
Theia_1976,0.52635,0.0109253175473055,1.631685,0.03386848439664705,2.420718125,0.0592818749999999,0.8376,0.0044301270189222,0.2701,0.0001,0.6351,0.00510000000000001,0.9776,0.0276,1.4701,0.0001
Theia_198,0.2451,0.00510000000000001,0.7598100000000001,0.015810000000000032,0.752746755,0.042746755,0.3976,0.00760000000000001,0.1751,0.0001,0.3251,0.0001,0.4976,0.00760000000000001,0.7301,0.0201
Theia_1987,0.3351,0.00717106781186546,1.03881,0.022230310216782928,1.5,,0.51385,0.0139631706330118,0.2676,0.0026,0.5026,0.00760000000000001,0.7101,0.0301,1.0326,0.0126
Theia_2018,0.29635,0.00749509972887453,0.9186850000000001,0.023234809159511045,1.089313895,0.0293138949999999,0.5251,0.0151,0.2426,0.0026,0.4351,0.0101,0.6401,0.0201,0.9251,0.0551
Theia_2063,0.15885,0.00554862367942585,0.492435,0.017200733406220133,0.58079329,0.13920671,0.2501,0.00510000000000001,0.1301,0.0001,0.2201,0.0101,0.3351,0.0101,0.4851,0.00510000000000001
Theia_2087,0.41635,0.0022650635094611,1.290685,0.00702169687932941,1.737520305,0.0724796950000001,0.59135,0.0487537511400714,0.3401,0.0001,0.5976,0.0176,0.8551,0.0401,1.1651,0.1151
Theia_2105,0.4776,0.00569016994374948,1.48056,0.017639526825623388,1.656198855,0.226198855,0.73885,0.00902678553567857,0.2526,0.0026,0.5626,0.00259999999999995,0.8826,0.0026,1.3176,0.0126000000000001
Theia_2108,0.6076,0.0130903810567666,1.8835600000000001,0.040580181275976464,2.365402625,0.0154026249999999,0.9776,0.0397074487943871,0.3601,0.0251,0.8376,0.0226,1.2551,0.0701,1.7476,0.0976000000000001
Theia_2110,0.59385,0.00554862367942585,1.840935,0.017200733406220133,2.095211285,0.194788715,0.8876,0.0179535710713571,0.3651,0.00510000000000001,0.7851,0.0101,1.1651,0.0251,1.6701,0.0151
Theia_2115,0.77385,0.0114880419739304,2.3989350000000003,0.03561293011918425,2.723397715,0.013397715,1.14885,0.0182572988079174,0.4801,0.0101,1.0751,0.0251,1.5676,0.0526000000000001,2.1726,0.0626
Theia_2119,0.2276,0.00569016994374947,0.70556,0.017639526825623357,0.805948,0.284052,0.3676,0.00760000000000001,0.1526,0.0026,0.2951,0.00510000000000001,0.4526,0.0026,0.6551,0.0001
Theia_2126,0.3551,0.016683123951777,1.10081,0.0517176842505087,1.404147075,0.475852925,0.4351,0.0358071421427142,0.3001,0.00510000000000001,0.4826,0.0575999999999996,0.6526,0.0776,0.9251,0.0701
Theia_2161,0.44635,0.0065951905283833,1.383685,0.02044509063798823,1.53682773,0.00682773000000003,0.7576,0.0448911821679223,0.3201,0.0101,0.6576,0.0226,0.9826,0.0626,1.3401,0.0500999999999999
Theia_2179,0.44385,0.0135047566184545,1.3759350000000001,0.04186474551720895,2.166165625,0.0338343750000001,0.7026,0.00760000000000001,0.2676,0.0026,0.5576,0.0026,0.8601,0.0151,1.2751,0.0101
Theia_2249,0.32885,0.00424578098794425,1.0194349999999999,0.013161921062627176,0.85800772,0.06800772,0.52135,0.00970143218483577,0.2301,0.0001,0.4426,0.0026,0.6551,0.00510000000000001,0.9451,0.00510000000000001
Theia_2263,0.15885,0.0022650635094611,0.492435,0.00702169687932941,0.52200521,0.03200521,0.2701,0.00622372435695795,0.1326,0.0026,0.2301,0.0001,0.3476,0.0126,0.4926,0.0026
Theia_2266,0.4351,0.00945414346693486,1.34881,0.02930784474749807,1.33498718,0.195012819999999,0.0001,0.0001,0.2226,0.0575999999999999,0.3251,0.2351,0.4551,0.3651,0.6251,0.5351
Theia_2289,0.3276,0.00569016994374948,1.01556,0.017639526825623388,0.870695335,0.029304665,0.5101,0.0151,0.2351,0.00509999999999999,0.4551,0.00510000000000001,0.6676,0.0126,0.9601,0.0151
Theia_2316,0.23635,0.00554862367942584,0.732685,0.017200733406220105,0.78537076,0.01462924,0.38635,0.0182572988079175,0.1676,0.0026,0.3301,0.0101,0.5101,0.0151,0.7126,0.0276
Theia_2330,0.5251,0.0087602540378444,1.62781,0.027156787517317642,1.733346065,0.056653935,0.7601,0.0151,0.3051,0.00510000000000001,0.6451,0.0101,0.9851,0.0201,1.4326,0.00260000000000006
Theia_2338,0.6876,0.00839156197588846,2.13156,0.02601384212525423,2.644004935,0.0959950650000001,0.9901,0.0118260393995586,0.0851,0.0001,0.5626,0.0126,1.0151,0.0001,1.5776,0.0426000000000001
Theia_2341,0.22635,0.0192621371459449,0.701685,0.05971262515242919,2.622795355,0.0272046449999999,1.1376,0.0130903810567666,0.4316,0.0715999999999999,0.7976,0.2976,1.1451,0.4951,1.5426,0.6826
Theia_2409,0.29385,0.00424578098794425,0.910935,0.013161921062627176,0.92803161,0.10196839,0.47885,0.0148372826531895,0.2576,0.00760000000000001,0.4476,0.0126,0.6576,0.0176,0.8951,0.00510000000000001
Theia_2420,0.6826,0.0183002747232013,2.11606,0.05673085164192403,2.219885575,0.250114424999999,1.00635,0.0246903944661325,0.4701,0.00509999999999998,0.9776,0.0326,1.4326,0.0276,1.9701,0.0501000000000001
Theia_2421,0.3426,0.0252246890528022,1.06206,0.07819653606368683,2.71586241,0.05586241,1.1776,0.0193028643696715,0.5076,0.0226,0.9426,0.2226,1.3176,0.3776,1.7426,0.6076
Theia_2431,0.5451,0.00717106781186548,1.68981,0.022230310216782987,2.199405405,0.560594595,0.8201,0.0142421356237309,0.3301,0.00510000000000001,0.7051,0.0001,1.0651,0.00510000000000001,1.5276,0.00260000000000006
Theia_2444,0.55385,0.0125373429638327,1.7169349999999999,0.03886576318788137,2.05,,0.83885,0.0152554445662277,0.0101,0.0101,0.2801,0.0151,0.6176,0.00760000000000001,1.1351,0.0101
Theia_2450,0.3451,0.0001,1.0698100000000001,0.00031,1.02099213,0.19900787,0.5101,0.033266247903554,0.2426,0.00760000000000001,0.4876,0.00760000000000001,0.6676,0.0276,1.0251,0.0101
Theia_2453,0.60135,0.0109253175473055,1.8641850000000002,0.03386848439664705,2.482929435,0.327070564999999,0.2101,0.0146773797371133,0.2526,0.0826000000000001,0.4876,0.2676,0.7326,0.4276,1.0601,0.6201
Theia_2454,0.1601,0.00363553390593274,0.49631,0.011270155108391494,0.83181791,0.13818209,0.23885,0.0022650635094611,0.1251,0.0001,0.2201,0.0001,0.3151,0.0001,0.4551,0.00510000000000001
Theia_2488,0.0651,0.0248487373415292,0.20181000000000002,0.07703108575874053,1.50443731,0.0855626900000001,0.24885,0.0022650635094611,0.3376,0.0026,0.3726,0.0226,0.4326,0.0475999999999999,0.5301,0.1051
Theia_2493,0.0576,0.0341036762718386,0.17856,0.10572139644269966,2.26255135,0.0525513500000001,1.18435,0.00139903810567671,0.3511,0.2911,0.6401,0.5451,0.9126,0.7626,1.2126,1.1576
Theia_2651,0.7751,0.0260807621135332,2.40281,0.08085036255195292,3.022335425,0.137664575,1.04885,0.0614774184859546,0.3151,0.0151,0.8726,0.1326,1.4426,0.0526000000000001,1.9851,0.225100000000001
Theia_2657,0.1551,0.0001,0.48080999999999996,0.00031,0.17225234,0.00225233999999999,0.25135,0.0022650635094611,0.1176,0.0026,0.2051,0.0001,0.3051,0.0001,0.4601,0.00510000000000001
Theia_2661,0.4076,0.00839156197588848,1.26356,0.02601384212525429,1.403105245,0.0531052449999999,0.6351,0.0163018517460197,0.2976,0.0026,0.5951,0.0151,0.8726,0.0176,1.1951,0.0451
Theia_2725,0.3226,0.0044301270189222,1.00006,0.01373339375865882,0.8806402,0.4093598,0.4676,0.00759999999999998,0.1401,0.0151,0.3176,0.0526,0.5076,0.0426,0.8026,0.0826000000000001
Theia_2773,0.44885,0.0315990079208854,1.3914350000000002,0.09795692455474475,2.063369385,0.476630615,0.84135,0.067216968793294,0.2526,0.0126,0.6551,0.0700999999999997,0.9851,0.0901,1.3651,0.2401
Theia_2888,0.4326,0.00911387818865998,1.34106,0.02825302238484594,1.06664668,0.0366466799999999,0.4351,0.0689294994896811,0.2776,0.0026,0.5176,0.0476,0.7226,0.1326,1.0676,0.1776
Theia_2991,0.3276,0.00760000000000001,1.01556,0.023560000000000032,1.31399574,0.10600426,0.22885,0.00554862367942584,0.2801,0.0400999999999999,0.4051,0.1151,0.5701,0.1951,0.7801,0.2451
Theia_3005,0.2826,0.00569016994374946,0.8760600000000001,0.017639526825623326,1.462197285,0.437802715,0.4201,0.0001,0.2351,0.0001,0.4201,0.00510000000000001,0.5926,0.0026,0.8301,0.00510000000000001
Theia_3118,0.13585,0.00693282518435822,0.421135,0.02149175807151048,2.252769795,0.057230205,0.45135,0.196262400831556,0.3276,0.0026,0.4326,0.0426,0.5001,0.0001,0.7251,0.1201
Theia_3144,0.06385,0.00829679815537758,0.19793500000000003,0.0257200742816705,0.10922391,0.10922391,0.16635,0.00970143218483576,0.0551,0.0101,0.1076,0.0276,0.1701,0.0351000000000001,0.2276,0.0826000000000001
Theia_3185,0.1601,0.00800569415042095,0.49631,0.024817651866304948,0.45,,0.26385,0.0022650635094611,0.1226,0.0026,0.2301,0.0101,0.3351,0.0201,0.4626,0.0426
Theia_322,0.08385,0.0144069039278244,0.25993499999999997,0.04466140217625564,0.75,,0.2151,0.0142421356237309,0.0651,0.0151,0.1376,0.0275999999999999,0.2251,0.0501,0.2951,0.0851000000000001
Theia_3227,0.4951,0.00800569415042095,1.53481,0.024817651866304948,1.08,,0.8176,0.00759999999999996,0.0751,0.0051,0.4251,0.0151,0.7751,0.00510000000000001,1.2551,0.00510000000000001
Theia_3250,0.21885,0.0130301005409857,0.678435,0.04039331167705567,0.915082015,0.474917985,0.39135,0.0164458710382775,0.1726,0.00759999999999999,0.3176,0.0026,0.4901,0.0001,0.6776,0.0326
Theia_3265,0.30385,0.00554862367942585,0.9419350000000001,0.017200733406220133,0.750502955,0.049497045,0.4901,0.0087602540378444,0.1601,0.0101,0.3501,0.00510000000000001,0.5576,0.0126,0.8351,0.00510000000000001
Theia_3274,0.43885,0.0473195669188102,1.360435,0.14669065744831164,1.40083076,0.000830760000000042,0.65135,0.0273431183971292,0.2851,0.00509999999999998,0.5826,0.0026,0.9451,0.0351,1.2051,0.0251
Theia_3333,0.4151,0.0112803398874989,1.28681,0.03496905365124659,2.780391755,0.349608244999998,0.7076,0.0026,0.0326,0.0026,0.3276,0.0026,0.6626,0.0026,1.0226,0.0126
Theia_3397,0.0751,0.0001,0.23281000000000002,0.00031,0.27962985,0.19037015,0.1226,0.0026,0.0351,0.0001,0.0751,0.0001,0.1276,0.0026,0.1926,0.0026
Theia_3402,0.5126,0.0026,1.58906,0.00806,1.88229065,0.09770935,0.8001,0.00876025403784435,0.3101,0.00510000000000001,0.6526,0.00760000000000001,0.9751,0.0351,1.4276,0.0276000000000001
Theia_3409,0.1601,0.00363553390593274,0.49631,0.011270155108391494,0.43927207,0.0592720699999999,0.2651,0.00717106781186548,0.1176,0.0026,0.2101,0.00510000000000001,0.3276,0.0026,0.4776,0.0026
Theia_3428,0.4726,0.0115564392373896,1.46506,0.03582496163590776,1.93362057,0.06637943,0.7901,0.0213132034355964,0.3776,0.00760000000000001,0.7101,0.0101,1.0501,0.0251,1.4601,0.0550999999999999
Theia_3599,0.4286,0.00811560977094071,1.32866,0.0251583902899162,1.483145525,0.063145525,0.50385,0.0619844689724325,0.3626,0.00760000000000001,0.5826,0.0576,0.8116,0.1116,1.1401,0.140099999999999
Theia_3609,0.3051,0.0151,0.9458099999999999,0.046810000000000004,2.4,,0.98135,0.0125373429638328,0.2976,0.00760000000000001,0.5926,0.0776000000000003,0.9226,0.1976,1.3906,0.3246
Theia_363,0.0826,0.0026,0.25606,0.00806,0.23102485,0.00102484999999999,0.1451,0.0001,0.0351,0.0001,0.0801,0.0001,0.1351,0.0001,0.2226,0.0026
Theia_3706,0.1126,0.0104077640640441,0.34906000000000004,0.03226406859853671,1.726769375,0.066769375,0.7826,0.0109972473588517,0.3401,0.0151,0.5376,0.1376,0.7526,0.2726,1.0436,0.4116
Theia_3747,0.1426,0.00443012701892219,0.44206,0.01373339375865879,0.489104515,0.130895485,0.2251,0.0001,0.1226,0.0076,0.1976,0.0026,0.2951,0.0001,0.4351,0.00510000000000001
Theia_3823,0.6301,0.0151,1.95331,0.046810000000000004,2.16444224,0.20555776,0.85135,0.0233849200127465,0.4051,0.0201,0.8276,0.0126,1.2401,0.0350999999999999,1.7476,0.0776
Theia_3854,0.3101,0.00945414346693486,0.96131,0.02930784474749807,1.42940615,0.10059385,0.39635,0.0164458710382775,0.2901,0.0001,0.4801,0.0201,0.6376,0.0326,0.9076,0.0476
Theia_3857,0.4476,0.0310232921921325,1.3875600000000001,0.09617220579561074,3.53755707,0.0275570700000001,0.8176,0.0189745860881768,0.2401,0.0101,0.6301,0.0451,0.9226,0.0676,1.3276,0.1776
Theia_3892,0.0651,0.016683123951777,0.20181000000000002,0.0517176842505087,2.32412413,0.245875870000001,0.75385,0.0022650635094611,0.2701,0.0401000000000001,0.4261,0.2091,0.6801,0.2501,0.9526,0.4326
Theia_3916,0.27385,0.00829679815537751,0.848935,0.025720074281670283,1.054148805,0.034148805,0.4001,0.00363553390593274,0.2201,0.0001,0.3901,0.00510000000000001,0.5751,0.0001,0.8001,0.00510000000000001
Theia_3986,0.2876,0.0193028643696715,0.8915600000000001,0.05983887954598165,1.13698697,0.0169869699999999,0.2901,0.0101,0.1926,0.00760000000000001,0.3301,0.0550999999999999,0.4926,0.1026,0.6776,0.0875999999999999
Theia_3995,0.27635,0.00424578098794425,0.856685,0.013161921062627176,0.814869755,0.315130245,0.44885,0.00970143218483577,0.1951,0.00510000000000001,0.3676,0.0026,0.5451,0.0151,0.8051,0.0101
Theia_40,0.34635,0.00659519052838327,1.073685,0.020445090637988137,1.947151335,0.122848665,0.84135,0.0022650635094611,0.3111,0.0211,0.6276,0.1126,0.9251,0.1751,1.3201,0.265100000000001
Theia_4002,0.4551,0.0210165006633519,1.4108100000000001,0.0651511520563909,1.3178646,0.1278646,0.7276,0.0310232921921324,0.2876,0.0026,0.6426,0.0376,0.9726,0.0326,1.3426,0.0826
Theia_4013,0.52635,0.0109253175473055,1.631685,0.03386848439664705,2.420718125,0.0592818749999999,0.8376,0.0044301270189222,0.2701,0.0001,0.6351,0.00510000000000001,0.9776,0.0276,1.4701,0.0001
Theia_4019,0.4001,0.0230128784747792,1.24031,0.07133992327181551,1.55760704,0.10239296,0.50385,0.02142340263654,0.3251,0.0101,0.5626,0.0176,0.7926,0.0326,1.1626,0.1226
Theia_4208,0.21385,0.00902678553567856,0.662935,0.027983035160603534,1.04248455,0.137515449999999,0.3901,0.0001,0.2676,0.00760000000000001,0.4126,0.0026,0.5626,0.0176,0.7876,0.0176
Theia_4212,0.30135,0.00970143218483577,0.934185,0.030074439772990885,0.695150595,0.204849405,0.49635,0.00970143218483577,0.1976,0.0026,0.4051,0.0101,0.6051,0.00510000000000001,0.8801,0.0351
Theia_4356,0.3751,0.00945414346693486,1.16281,0.02930784474749807,1.12,,0.59635,0.00829679815537751,0.2751,0.00510000000000001,0.5051,0.0001,0.7701,0.0101,1.0876,0.00759999999999995
Theia_4509,0.28135,0.0171934929139717,0.872185,0.05329982803331228,2.009139945,0.0908600550000001,0.9376,0.0104077640640441,0.4276,0.0226,0.7526,0.162600000000001,1.0451,0.2901,1.4101,0.4301
Theia_4556,0.27635,0.0171934929139717,0.856685,0.05329982803331228,1.61374776,0.296252240000001,0.4526,0.0161078105935821,0.3151,0.00510000000000001,0.5101,0.00510000000000001,0.6826,0.0226,0.9176,0.0426
Theia_4560,0.2101,0.0373491610643783,0.6513100000000001,0.11578239929957274,2.96411424,0.01588576,0.91385,0.0268803566070357,0.0001,0.0001,0.1701,0.1401,0.4301,0.2851,0.7476,0.4526
Theia_458,0.1076,0.0376,0.33356,0.11656000000000001,0.3206645,0.1093355,0.12135,0.00659519052838329,0.0401,0.0101,0.0951,0.00510000000000001,0.1426,0.0326,0.3351,0.1201
Theia_4613,0.2701,0.00945414346693486,0.83731,0.02930784474749807,0.917754525,0.132245474999999,0.4151,0.0142421356237309,0.2151,0.00510000000000001,0.3951,0.00510000000000001,0.5451,0.0101,0.8001,0.0151
Theia_4974,0.4551,0.0184711730708738,1.4108100000000001,0.05726063651970878,2.116760715,0.163239285,0.57885,0.0189331489666492,0.3951,0.0101,0.7101,0.0151,0.9726,0.0525999999999999,1.3176,0.1176
Theia_5205,0.2151,0.012847548783982,0.66681,0.0398274012303442,1.7668985,0.2731015,0.41635,0.0109253175473055,0.2101,0.0151,0.3576,0.0126,0.5151,0.0501,0.7251,0.0551
Theia_5210,0.3001,0.0170558249578132,0.93031,0.052873057369220926,1.27304458,0.03304458,0.4676,0.0196256241897666,0.3001,0.0001,0.4976,0.0026,0.6851,0.0101,0.9776,0.00760000000000001
Theia_5345,0.53385,0.0109253175473055,1.6549350000000003,0.03386848439664705,1.82871173,0.01128827,0.8326,0.0044301270189222,0.3226,0.0026,0.6851,0.00509999999999995,1.0451,0.0151,1.5301,0.00510000000000001
Theia_5426,0.44885,0.00749509972887453,1.3914350000000002,0.023234809159511045,1.66,,0.72885,0.0160589316685046,0.3026,0.0026,0.6101,0.0101,0.9226,0.0276,1.3151,0.0351
Theia_5644,0.2076,0.0318214438511237,0.64356,0.09864647593848347,2.54472529,0.18527471,0.68135,0.0266459507269941,0.1776,0.0126,0.4051,0.0950999999999999,0.5876,0.1426,0.8676,0.2726
Theia_6066,0.1201,0.0001,0.37231000000000003,0.00031,2.12080353,0.13080353,0.4976,0.0593135964116347,0.3151,0.0251,0.4451,0.1051,0.6076,0.1276,0.8651,0.2301
Theia_6599,0.42885,0.0246903944661325,1.3294350000000001,0.07654022284501076,2.766636705,0.316636705000003,0.67635,0.0022650635094611,0.6201,0.0101,0.9426,0.0026,1.2151,0.0651000000000001,1.5326,0.0876
Theia_6978,0.4451,0.00945414346693486,1.37981,0.02930784474749807,1.47904914,0.13095086,0.5151,0.0745143803306863,0.3026,0.0026,0.5676,0.0276,0.7876,0.102599999999999,1.1776,0.127599999999999
Theia_7028,0.18885,0.00902678553567857,0.585435,0.02798303516060357,0.84,,0.3076,0.00760000000000001,0.1426,0.00259999999999999,0.2351,0.00509999999999999,0.3676,0.0326,0.5876,0.0476
Theia_7057,0.2776,0.0044301270189222,0.8605600000000001,0.01373339375865882,0.689092815,0.190907185,0.44635,0.0065951905283833,0.2101,0.0101,0.4001,0.00510000000000001,0.5576,0.00759999999999995,0.8426,0.0126
Theia_7580,0.4886,0.00636498204307084,1.51466,0.019731444333519605,1.74100272,0.02899728,0.66885,0.115500119150719,0.3801,0.0001,0.7401,0.0201,0.9001,0.1301,1.4501,0.0550999999999999
Theia_8068,0.4251,0.00622372435695795,1.31781,0.019293545506569646,1.375089495,0.125089495,0.66135,0.0022650635094611,0.2701,0.0001,0.5451,0.00510000000000001,0.8126,0.0176,1.2026,0.00260000000000006
Toepler_1,0.59385,0.00424578098794425,1.840935,0.013161921062627176,2.379029585,0.0209704149999999,0.93885,0.0125373429638327,0.3001,0.0151,0.7151,0.0001,1.1176,0.0226,1.6376,0.0176
Tombaugh_1,0.2551,0.0146773797371133,0.79081,0.04549987718505123,0.555418265,0.154581735,0.3301,0.0118260393995586,0.1676,0.00759999999999999,0.3076,0.0126,0.4551,0.0251,0.7001,0.0801000000000008
Tombaugh_2,0.24635,0.0022650635094611,0.7636850000000001,0.00702169687932941,0.89,,0.3401,0.00622372435695793,0.1676,0.00759999999999999,0.2951,0.0201,0.4501,0.0251,0.6701,0.0551
Tombaugh_4,0.73885,0.00902678553567857,2.290435,0.02798303516060357,3.618089115,0.0819108850000001,1.12385,0.0817528474702505,0.4151,0.00510000000000001,0.9326,0.0126,1.5701,0.0801,2.0451,0.0450999999999999
Tombaugh_5,0.2226,0.00760000000000001,0.69006,0.023560000000000032,2.60241662,0.01241662,0.4801,0.00510000000000001,0.3926,0.0126,0.5551,0.0351,0.7426,0.0526000000000001,0.9951,0.0801
Trumpler_1,0.52635,0.00902678553567857,1.631685,0.02798303516060357,1.624469635,0.00446963499999997,0.8026,0.0109972473588516,0.3001,0.00510000000000001,0.6501,0.0101,1.0001,0.0101,1.4451,0.0151
Trumpler_10,0.0801,0.0001,0.24831000000000003,0.00031,0.246942405,0.163057595,0.1301,0.00876025403784439,0.0351,0.0001,0.0851,0.0051,0.1401,0.00509999999999999,0.2176,0.00760000000000001
Trumpler_11,0.1276,0.0026,0.39555999999999997,0.00806,0.505696945,0.134303055,0.2351,0.00717106781186547,0.1151,0.0001,0.1901,0.0001,0.2851,0.0101,0.4151,0.0101
Trumpler_12,0.2076,0.00569016994374947,0.64356,0.017639526825623357,0.61785437,0.22214563,0.3076,0.0109972473588517,0.1676,0.0026,0.2801,0.0101,0.4051,0.0301,0.6251,0.0451
Trumpler_13,0.37385,0.00424578098794425,1.158935,0.013161921062627176,1.55904578,0.170954220000001,0.02885,0.0144069039278245,0.1151,0.0301000000000001,0.1951,0.1801,0.3301,0.3101,0.5176,0.5126
Trumpler_14,0.38885,0.0148372826531895,1.205435,0.04599557622488745,1.15694726,0.58694726,0.59385,0.0311996382615618,0.0001,0.0001,0.1626,0.1276,0.4651,0.1401,0.8426,0.1826
Trumpler_15,0.4226,0.0044301270189222,1.31006,0.01373339375865882,1.63326634,0.05326634,0.6051,0.0001,0.1501,0.0401,0.3976,0.0776000000000003,0.6351,0.0951,1.0551,0.130099999999999
Trumpler_16,0.35135,0.036047009611371,1.089185,0.1117457297952501,1.601573095,0.071573095,0.4806,0.0306081956201936,0.0001,0.0001,0.0351,0.0351,0.3001,0.2501,0.6701,0.3351
Trumpler_17,0.52885,0.0214234026365399,1.6394350000000002,0.06641254817327369,2.017658995,0.0823410050000001,0.8451,0.0184711730708739,0.2476,0.0026,0.6001,0.0101,1.0376,0.0226000000000001,1.4526,0.00260000000000006
Trumpler_18,0.2351,0.00622372435695794,0.7288100000000001,0.019293545506569615,0.81361084,0.12638916,0.38885,0.0139631706330118,0.1426,0.00259999999999999,0.3051,0.0101,0.4651,0.00509999999999998,0.6876,0.0226
Trumpler_19,0.1751,0.00717106781186547,0.54281,0.02223031021678296,0.558815915,0.131184085,0.27385,0.00970143218483575,0.1401,0.0001,0.2351,0.00509999999999999,0.3501,0.00510000000000001,0.5101,0.0101
Trumpler_2,0.2776,0.0026,0.8605600000000001,0.00806,1.032483775,0.167516225,0.41135,0.0199037243971936,0.2251,0.0101,0.4051,0.0101,0.5676,0.0176,0.8126,0.0226
Trumpler_20,0.27885,0.0125373429638327,0.864435,0.03886576318788137,1.483358235,0.206641765,0.4526,0.0179535710713571,0.2801,0.0001,0.4651,0.0001,0.6326,0.00760000000000001,0.9201,0.0001
Trumpler_21,0.19385,0.00424578098794425,0.600935,0.013161921062627176,0.80893109,0.21106891,0.32385,0.0022650635094611,0.1501,0.0001,0.2726,0.0026,0.4051,0.00509999999999998,0.5826,0.0176
Trumpler_22,0.54635,0.00902678553567857,1.693685,0.02798303516060357,1.734760205,0.024760205,0.8476,0.0144614066163451,0.3401,0.0001,0.7276,0.0026,1.0851,0.0201,1.5501,0.0301
Trumpler_23,0.8401,0.0204100960115899,2.60431,0.06327129763592869,2.834032575,0.00403257499999987,1.2151,0.0177776695296637,0.5751,0.0001,1.2101,0.0101,1.7726,0.00259999999999995,2.3826,0.0326
Trumpler_25,0.35135,0.0175553000547112,1.089185,0.05442143016960472,3.58906016,0.23093984,0.66635,0.0152554445662277,0.4176,0.0126,0.6951,0.0401,0.9376,0.0576,1.3101,0.1001
Trumpler_26,0.5076,0.0130903810567666,1.5735600000000003,0.040580181275976464,2.093513345,0.356486655000003,0.7926,0.0304108891324554,0.3376,0.0026,0.7026,0.0026,1.0401,0.0001,1.4776,0.0376
Trumpler_27,0.4501,0.0307186217847897,1.39531,0.09522772753284807,4.387278545,0.0827214549999997,0.84885,0.0195855715851499,0.1476,0.0026,0.4951,0.0151,0.8126,0.0626,1.3101,0.0501000000000001
Trumpler_28_A,0.00885,0.0103316909648406,0.027435,0.03202824199100587,2.527305345,0.182694655,0.1901,0.00800569415042095,0.0001,0.0001,0.0001,0.0001,0.0151,0.0151,0.1176,0.0326
Trumpler_29,0.20885,0.0022650635094611,0.6474350000000001,0.00702169687932941,0.902591305,0.197408695,0.3551,0.00717106781186548,0.1501,0.0001,0.2876,0.00759999999999998,0.4351,0.0151,0.6276,0.0226
Trumpler_3,0.2701,0.00945414346693486,0.83731,0.02930784474749807,0.917754525,0.132245474999999,0.4151,0.0142421356237309,0.2151,0.00510000000000001,0.3951,0.00510000000000001,0.5451,0.0101,0.8001,0.0151
Trumpler_30,0.27135,0.0199037243971936,0.841185,0.061701545631300155,,,0.33635,0.0303851035989643,0.2101,0.00510000000000001,0.3551,0.00510000000000001,0.4876,0.0525999999999999,0.7826,0.0926000000000002
Trumpler_32,0.2726,0.0208665596572952,0.84506,0.06468633493761512,2.412104255,0.227895745,0.5326,0.0044301270189222,0.5101,0.0001,0.7151,0.0251,0.9151,0.0551,1.1776,0.0975999999999999
Trumpler_33,0.3976,0.00569016994374948,1.23256,0.017639526825623388,1.485749215,0.074250785,0.65135,0.0164458710382775,0.2476,0.0026,0.5326,0.0026,0.8076,0.00759999999999995,1.1751,0.0151
Trumpler_34,0.2301,0.0227384628453436,0.71331,0.07048923482056517,2.814691575,0.00530842499999995,0.5601,0.0001,0.2651,0.00510000000000001,0.4426,0.0376,0.6526,0.0826000000000001,0.9301,0.110100000000001
Trumpler_35,0.6451,0.0281624304008046,1.99981,0.08730353424249426,4.697512325,0.0775123249999998,1.7326,0.0459938993767145,0.4901,0.1151,1.2426,0.3676,1.9026,0.6126,2.5676,0.7926
Trumpler_5,0.3126,0.00911387818865998,0.96906,0.02825302238484594,1.213722965,0.0762770350000001,0.5201,0.0277134025429681,0.2401,0.0101,0.4651,0.0151,0.7226,0.0476,0.9576,0.0475999999999999
Trumpler_7,0.2776,0.00839156197588849,0.8605600000000001,0.02601384212525432,0.756449145,0.016449145,0.4576,0.00569016994374948,0.2001,0.00509999999999999,0.3926,0.00760000000000001,0.5851,0.0101,0.8301,0.0351
Trumpler_9,0.22135,0.00554862367942585,0.686185,0.017200733406220133,0.61267071,0.0726707100000005,0.3526,0.0130903810567666,0.1601,0.0001,0.2901,0.00510000000000001,0.4526,0.0026,0.6376,0.0026
Turner_3,0.4151,0.0107066017177982,1.28681,0.033190465325174424,2.360935655,0.199064345,0.6526,0.0144614066163451,0.1901,0.00510000000000001,0.4651,0.0151,0.7676,0.0276,1.1676,0.0676
Turner_9,0.21885,0.00554862367942585,0.678435,0.017200733406220133,0.685816835,0.0841831650000001,0.35135,0.00659519052838327,0.1926,0.0026,0.3376,0.00759999999999998,0.4726,0.0126,0.6651,0.0351
UBC_10_A,0.33135,0.0125373429638328,1.027185,0.03886576318788168,1.463947645,0.016052355,0.4801,0.0174205080756888,0.2476,0.00760000000000001,0.4726,0.0026,0.6451,0.00510000000000001,0.9701,0.0101
UBC_10_B,0.31385,0.0195855715851499,0.9729350000000001,0.06071527191396469,1.45661007,0.0733899300000001,0.4926,0.0130903810567666,0.2626,0.0026,0.4876,0.0026,0.6376,0.0226,0.9776,0.0126
UBC_100,0.4326,0.0278263412660235,1.34106,0.08626165792467284,1.451278735,0.161278735,0.71385,0.0175553000547111,0.2851,0.00509999999999998,0.5926,0.0126,0.8876,0.0276,1.2376,0.1126
UBC_1006,0.02385,0.0139631706330118,0.073935,0.04328582896233658,2.91464156,0.21535844,1.0301,0.00876025403784439,0.1651,0.1651,0.3901,0.3801,0.6226,0.6126,1.0301,0.7551
UBC_1007,0.70135,0.0189331489666492,2.174185,0.058692761796612515,2.518734545,0.171265455,1.0651,0.00876025403784439,0.4601,0.00510000000000001,0.9851,0.00510000000000001,1.4476,0.00760000000000006,2.0051,0.0600999999999999
UBC_1008,0.40635,0.0074950997288745,1.259685,0.023234809159510948,1.71741664,0.0,0.65135,0.0103316909648406,0.1976,0.00759999999999999,0.4601,0.00510000000000001,0.7301,0.0201,1.1226,0.0276
UBC_1009,0.42385,0.00554862367942585,1.313935,0.017200733406220133,1.873088265,0.176911735,0.70135,0.0152554445662276,0.2301,0.0001,0.5276,0.0126,0.7976,0.0126,1.2201,0.0301
UBC_101,0.2951,0.0305138126514908,0.9148099999999999,0.09459281921962148,4.06977442,0.00977442000000028,0.66885,0.0065951905283833,0.0701,0.0051,0.3276,0.0375999999999998,0.5651,0.1101,0.8701,0.1701
UBC_1010,0.3876,0.00911387818865998,1.20156,0.02825302238484594,1.840584685,0.259415314999999,0.6501,0.0001,0.1976,0.0126,0.4451,0.0001,0.7226,0.0326,1.1201,0.0251
UBC_1012,0.37885,0.00749509972887453,1.1744350000000001,0.023234809159511045,1.44459888,0.04540112,0.59885,0.0125373429638328,0.2476,0.0026,0.5051,0.0001,0.7576,0.0026,1.0926,0.00259999999999995
UBC_1014,0.0826,0.0144614066163451,0.25606,0.04483036051066981,2.34862578,0.0,0.2876,0.0226,0.0076,0.0076,0.0401,0.0051,0.1326,0.0126,0.2976,0.0326000000000004
UBC_1017,0.31135,0.00902678553567857,0.9651850000000001,0.02798303516060357,1.33386569,0.32613431,0.4901,0.00800569415042095,0.2426,0.0176,0.4526,0.0026,0.6976,0.0026,0.9626,0.0276
UBC_1019,1.0401,0.01812775637732,3.22431,0.056196044769692,,,1.57635,0.0606573075689466,0.3201,0.0001,1.1526,0.00260000000000006,2.0526,0.1126,2.6976,0.0126
UBC_1020,0.68935,0.0233741809737743,2.136985,0.07245996101870032,3.315047165,0.104952835,0.8676,0.214474088919347,0.3626,0.00760000000000001,0.8801,0.0101,1.0191,0.2041,1.9511,0.0011
UBC_1025,0.81385,0.00902678553567853,2.522935,0.027983035160603444,2.896822835,0.153177165,1.1851,0.0352781181986757,0.5276,0.0026,1.1201,0.0001,1.6726,0.00260000000000006,2.3176,0.00259999999999995
UBC_1029,0.4676,0.00569016994374946,1.4495600000000002,0.017639526825623326,1.80749952,0.17250048,0.74385,0.00902678553567857,0.2976,0.0176,0.6151,0.0201,0.9126,0.0326,1.3376,0.0426
UBC_103,0.42635,0.0065951905283833,1.321685,0.02044509063798823,2.1530196,0.3969804,0.6351,0.014242135623731,0.1026,0.0326,0.3776,0.0226,0.6551,0.0151,1.0576,0.0626000000000001
UBC_1030,0.38885,0.00554862367942585,1.205435,0.017200733406220133,4.9,,0.8576,0.0044301270189222,0.0976,0.0926,0.4326,0.1626,0.8626,0.1526,1.2676,0.1876
UBC_1034,0.2951,0.0305138126514908,0.9148099999999999,0.09459281921962148,4.06977442,0.00977442000000028,0.66885,0.0065951905283833,0.0701,0.0051,0.3276,0.0375999999999998,0.5651,0.1101,0.8701,0.1701
UBC_1036,0.4751,0.00945414346693484,1.4728100000000002,0.029307844747498004,2.3,,0.58635,0.00829679815537751,0.0926,0.0726,0.3751,0.1351,0.6451,0.1551,1.0576,0.2376
UBC_1037,0.4651,0.00622372435695793,1.44181,0.019293545506569584,2.35870969,0.261290310000001,0.11885,0.0202168461742889,0.0301,0.0301,0.1826,0.1826,0.3351,0.3351,0.5651,0.5601
UBC_1039,0.20635,0.0114880419739304,0.6396850000000001,0.03561293011918425,2.414361335,0.035638665,0.5101,0.0001,0.4151,0.00510000000000001,0.5826,0.0626,0.7801,0.0950999999999997,1.0401,0.1201
UBC_104,0.4251,0.00945414346693486,1.31781,0.02930784474749807,2.11356599,0.466434009999999,0.6876,0.00443012701892215,0.2876,0.0026,0.5701,0.0101,0.8451,0.00510000000000001,1.2351,0.0351
UBC_1043,0.46885,0.0195855715851499,1.453435,0.06071527191396469,3.518651455,0.0786514549999999,0.76385,0.0065951905283833,0.3301,0.0001,0.6826,0.0026,1.0326,0.0376,1.3976,0.0476
UBC_1044,0.1326,0.0202556443707463,0.41106,0.06279249754931354,2.465035205,0.0449647949999998,0.3601,0.0101,0.3151,0.0001,0.4126,0.0326,0.5126,0.0626,0.7026,0.1126
UBC_105,0.1376,0.0126,0.42656,0.039060000000000004,2.920625625,0.329374375,0.34885,0.0022650635094611,0.1826,0.0026,0.2726,0.0126,0.4026,0.0376,0.5826,0.0526
UBC_1051,0.18885,0.00902678553567857,0.585435,0.02798303516060357,0.84,,0.3076,0.00760000000000001,0.1426,0.00259999999999999,0.2351,0.00509999999999999,0.3676,0.0326,0.5876,0.0476
UBC_1058,0.29385,0.0222852991866236,0.910935,0.06908442747853316,2.52921423,0.400785770000002,0.56885,0.0168238602003245,0.5001,0.0001,0.7376,0.0426,0.9376,0.0676,1.2251,0.155099999999998
UBC_106,0.19135,0.0266459507269942,0.593185,0.08260244725368202,3.005340275,0.364659725000003,0.51885,0.0109253175473055,0.2051,0.0151,0.3701,0.0451,0.5301,0.0950999999999997,0.7776,0.1676
UBC_1060,0.5526,0.0306163890393342,1.71306,0.09491080602193602,1.80474719,0.00474719000000001,0.9201,0.0323102468168128,0.3576,0.0176,0.7776,0.0726,1.2401,0.0501000000000001,1.6301,0.1451
UBC_1061,0.2701,0.00717106781186548,0.83731,0.022230310216782987,1.22207309,0.13207309,0.41635,0.0854210847329076,0.2901,0.0151,0.5151,0.0501,0.5101,0.1001,0.9501,0.0951
UBC_1062,0.35385,0.0114880419739304,1.096935,0.03561293011918425,1.720838575,0.410838575,0.5376,0.0355436171968946,0.3276,0.0176,0.5726,0.0126,0.7726,0.0026,1.1051,0.0151
UBC_1064,0.0126,0.0104077640640442,0.039060000000000004,0.032264068598537025,1.915014225,0.124985775,0.1301,0.0001,0.2726,0.0026,0.2551,0.0001,0.2926,0.0126,0.3576,0.0276
UBC_1066,0.9551,0.00945414346693486,2.96081,0.02930784474749807,3.59742144,0.09257856,1.40635,0.0125373429638328,0.4076,0.00259999999999997,1.1301,0.0100999999999999,1.7976,0.00759999999999995,2.5501,0.0251000000000001
UBC_1067,0.8226,0.0115564392373896,2.55006,0.03582496163590776,3.29649119,0.20649119,1.1801,0.00717106781186548,0.1926,0.00760000000000001,0.7926,0.0126,1.3476,0.0376,2.0026,0.0426
UBC_1068,0.69385,0.0125373429638327,2.150935,0.03886576318788137,2.542380195,0.082380195,0.8696,0.00096602540378444,0.2226,0.0426,0.6726,0.1026,1.1186,0.1166,1.6226,0.1776
UBC_1069,0.18885,0.00902678553567857,0.585435,0.02798303516060357,0.84,,0.3076,0.00760000000000001,0.1426,0.00259999999999999,0.2351,0.00509999999999999,0.3676,0.0326,0.5876,0.0476
UBC_107,0.25435,0.0241143186453416,0.7884850000000001,0.07475438780055896,3.769450625,0.150549375,0.93185,0.0127169528809455,0.1426,0.1176,0.4526,0.2626,0.7186,0.3936,1.1851,0.4701
UBC_1070,0.76635,0.0144069039278245,2.375685,0.04466140217625595,2.346086665,0.00608666499999999,1.1476,0.0968923034130297,0.5226,0.0126,1.0701,0.00510000000000001,1.8876,0.317599999999999,2.1526,0.0176000000000001
UBC_1071,0.3026,0.00760000000000001,0.93806,0.023560000000000032,0.507822715,0.307822715,0.3976,0.0161078105935821,0.1826,0.00760000000000001,0.3726,0.0126,0.5476,0.0675999999999999,0.8026,0.0276
UBC_1072,0.54885,0.00749509972887453,1.7014349999999998,0.023234809159511045,2.28989857,0.0498985699999999,0.8401,0.0087602540378444,0.2326,0.00259999999999999,0.6001,0.00510000000000001,0.9726,0.0026,1.4301,0.0001
UBC_1073,0.51135,0.0315990079208854,1.585185,0.09795692455474475,2.263923485,0.146076515,0.7601,0.0001,0.1001,0.0051,0.4301,0.0301,0.7751,0.0401,1.3276,0.1676
UBC_1075,0.51135,0.0315990079208854,1.585185,0.09795692455474475,2.263923485,0.146076515,0.7601,0.0001,0.1001,0.0051,0.4301,0.0301,0.7751,0.0401,1.3276,0.1676
UBC_1076,0.20635,0.0114880419739304,0.6396850000000001,0.03561293011918425,2.414361335,0.035638665,0.5101,0.0001,0.4151,0.00510000000000001,0.5826,0.0626,0.7801,0.0950999999999997,1.0401,0.1201
UBC_1077,0.5176,0.0208665596572952,1.60456,0.06468633493761512,4.022589155,0.132589155,0.8676,0.0189745860881769,0.2401,0.0101,0.6651,0.0401,1.0151,0.0551000000000001,1.4651,0.1151
UBC_108,0.2301,0.0255950975679642,0.71331,0.07934480246068902,2.79090208,0.16090208,0.54135,0.0022650635094611,0.3276,0.0026,0.5001,0.0201,0.7001,0.0751000000000007,0.9401,0.1201
UBC_1084,0.17385,0.00226506350946109,0.538935,0.007021696879329379,0.68539399,0.30460601,0.2551,0.0001,0.1601,0.00510000000000001,0.2526,0.0026,0.3501,0.00510000000000001,0.5076,0.00760000000000001
UBC_1085,0.17385,0.00226506350946109,0.538935,0.007021696879329379,0.68539399,0.30460601,0.2551,0.0001,0.1601,0.00510000000000001,0.2526,0.0026,0.3501,0.00510000000000001,0.5076,0.00760000000000001
UBC_1086,0.05885,0.0022650635094611,0.182435,0.00702169687932941,2.162482745,0.022482745,0.85635,0.0022650635094611,0.2976,0.0476,0.4876,0.2276,0.7026,0.3676,1.0151,0.5551
UBC_1087,0.4701,0.00717106781186546,1.45731,0.022230310216782928,1.628786995,0.021213005,0.70385,0.0139631706330117,0.3851,0.0001,0.7251,0.0101,1.0376,0.0176,1.4076,0.0476
UBC_1090,0.35885,0.0301780235387899,1.112435,0.0935518729702487,3.308922585,0.0689225849999999,0.7176,0.0176,0.1876,0.0126,0.4951,0.0251,0.7576,0.0676,1.1251,0.1301
UBC_1091,0.4776,0.00569016994374948,1.48056,0.017639526825623388,2.30238345,0.12761655,0.71635,0.0022650635094611,0.1676,0.0026,0.4701,0.0201,0.7676,0.0226,1.2201,0.0501000000000001
UBC_1092,0.4776,0.00569016994374948,1.48056,0.017639526825623388,2.30238345,0.12761655,0.71635,0.0022650635094611,0.1676,0.0026,0.4701,0.0201,0.7676,0.0226,1.2201,0.0501000000000001
UBC_1094,0.4151,0.00622372435695795,1.28681,0.019293545506569646,1.619579405,0.070420595,0.66635,0.0156623744974859,0.3126,0.0026,0.6001,0.0301,0.8751,0.0251,1.2451,0.0500999999999999
UBC_1096,0.2001,0.00363553390593273,0.62031,0.011270155108391463,0.690406005,0.019593995,0.3151,0.0123474487139159,0.1501,0.0001,0.2951,0.0101,0.4201,0.0151,0.5951,0.0351
UBC_1097,0.57135,0.00749509972887449,1.7711850000000002,0.02323480915951092,1.990523055,0.0394769449999999,0.82135,0.00902678553567854,0.3576,0.0026,0.7451,0.0101,1.1101,0.0101,1.5826,0.0276000000000001
UBC_1098,1.00135,0.0246903944661325,3.104185,0.07654022284501076,3.90932798,0.16932798,1.40135,0.0164458710382775,0.4626,0.0026,1.2501,0.00509999999999989,1.9041,0.0340999999999999,2.6701,0.0101
UBC_1099,0.29385,0.0114880419739304,0.910935,0.03561293011918425,3.13117111,0.0,0.5176,0.0247221445044903,0.2201,0.0251,0.4376,0.0426,0.6001,0.0251,0.9601,0.0550999999999999
UBC_110,0.2301,0.0255950975679642,0.71331,0.07934480246068902,2.79090208,0.16090208,0.54135,0.0022650635094611,0.3276,0.0026,0.5001,0.0201,0.7001,0.0751000000000007,0.9401,0.1201
UBC_1101,1.00135,0.0246903944661325,3.104185,0.07654022284501076,3.90932798,0.16932798,1.40135,0.0164458710382775,0.4626,0.0026,1.2501,0.00509999999999989,1.9041,0.0340999999999999,2.6701,0.0101
UBC_1102,1.0326,0.0126,3.20106,0.039060000000000004,3.6378549,0.0421451000000002,1.44135,0.00902678553567861,0.4426,0.00760000000000001,1.2226,0.00759999999999995,1.9326,0.0276,2.6826,0.0276000000000001
UBC_1103,0.4051,0.0232840462387393,1.25581,0.07218054334009183,3.5888987,0.00110129999999997,0.66635,0.0065951905283833,0.3401,0.0351000000000003,0.6576,0.0176,0.9576,0.0326,1.2676,0.0426
UBC_1105,1.18885,0.0164458710382775,3.685435,0.050982200218660255,4.539544945,0.279544945,1.6376,0.0342869858279433,0.6501,0.0101,1.6101,0.0151,2.4451,0.0101,3.2776,0.0276000000000001
UBC_1106,1.10385,0.0179097585609687,3.421935,0.055520251539002974,4.12594849,0.00405151000000004,1.6501,0.0393109678533953,0.7176,0.00760000000000001,1.6176,0.00260000000000006,2.4851,0.0201,3.2426,0.0226
UBC_1107,0.62385,0.0315990079208854,1.9339350000000002,0.09795692455474475,1.97,,0.89635,0.0022650635094611,0.3051,0.00510000000000001,0.6976,0.0176,1.1476,0.1026,1.7001,0.1251
UBC_1117,0.6426,0.00760000000000001,1.99206,0.023560000000000032,2.14612066,0.08387934,0.90635,0.0228417567483253,0.2001,0.0201,0.6276,0.0576000000000001,1.0551,0.0301,1.5601,0.0951
UBC_1121,0.35635,0.0295480474734744,1.1046850000000001,0.09159894716777064,2.231832115,0.0518321149999998,0.60635,0.0139631706330118,0.1526,0.0026,0.3976,0.00760000000000001,0.6251,0.0451,0.9551,0.0251
UBC_1122,0.05385,0.0256868618630734,0.166935,0.07962927177552755,2.509350105,0.0806498949999999,0.6801,0.0001,0.1376,0.0826,0.2901,0.2251,0.4426,0.3576,0.8151,0.3801
UBC_1123,0.23385,0.00424578098794424,0.724935,0.013161921062627143,0.980148895,0.140148895,0.38635,0.00970143218483577,0.2026,0.00759999999999999,0.3576,0.00760000000000001,0.5151,0.0101,0.7301,0.0251
UBC_1124,0.26635,0.00693282518435823,0.825685,0.021491758071510512,2.27747593,0.0774759299999999,1.1451,0.0260807621135332,0.4341,0.1111,0.7636,0.3066,1.1926,0.4776,1.5951,0.6051
UBC_1125,0.2751,0.0101,0.8528100000000001,0.03131,1.06363539,0.08636461,0.4376,0.00760000000000001,0.2201,0.0151,0.3926,0.00760000000000001,0.5726,0.0176,0.8051,0.0301
UBC_1127,0.13385,0.0114880419739304,0.414935,0.03561293011918425,2.58533354,0.06466646,0.3426,0.00259999999999997,0.2101,0.0101,0.3001,0.0201,0.4151,0.0501,0.5826,0.0826000000000001
UBC_1130,0.40635,0.00829679815537749,1.259685,0.025720074281670217,1.75239723,0.227602769999999,0.6351,0.0001,0.3426,0.00759999999999998,0.6076,0.0126,0.8751,0.0151,1.2226,0.0326
UBC_1131,0.0876,0.00569016994374947,0.27156,0.017639526825623357,0.06624547,0.0,0.1501,0.0123474487139159,0.0551,0.0051,0.1351,0.0201,0.1701,0.0001,0.2526,0.0226
UBC_1132,0.3526,0.0431842198490351,1.0930600000000001,0.13387108153200883,1.60422904,0.09577096,0.5226,0.0333603367391252,0.2326,0.0126,0.4926,0.0476,0.7676,0.00760000000000001,0.9001,0.0401
UBC_1133,0.42135,0.0202168461742888,1.3061850000000002,0.06267222314029527,2.86667059,0.27667059,0.6626,0.0189745860881769,0.4626,0.0026,0.7901,0.0301,1.0351,0.0401,1.3976,0.0976000000000001
UBC_1135,0.36385,0.0333368395007708,1.1279350000000001,0.10334420245238948,2.920154865,0.180154865,0.6351,0.0001,0.2951,0.0001,0.5651,0.00509999999999995,0.8376,0.0426,1.1151,0.0901000000000001
UBC_1139,0.17635,0.026645950726994,0.5466850000000001,0.0826024472536814,2.571362515,0.0313625150000001,0.9026,0.0104077640640442,0.2426,0.0426,0.5001,0.1851,0.7526,0.3526,1.0751,0.5251
UBC_1140,0.4576,0.00569016994374948,1.41856,0.017639526825623388,1.777999105,0.207999104999999,0.68885,0.0185983107336859,0.1626,0.00760000000000001,0.4501,0.0401,0.7751,0.00510000000000001,1.1376,0.0526
UBC_1142,0.28635,0.0175553000547112,0.8876850000000001,0.05442143016960472,1.11628917,0.07371083,0.2851,0.0001,0.1776,0.0526,0.3351,0.0951000000000001,0.5101,0.1251,0.7176,0.1926
UBC_1144,0.3601,0.0281624304008046,1.11631,0.08730353424249426,2.37298123,0.20701877,0.6126,0.021750635094611,0.4476,0.00760000000000001,0.7076,0.00760000000000001,0.9601,0.0601,1.2401,0.0751
UBC_1145,0.23135,0.00970143218483576,0.7171850000000001,0.03007443977299086,0.911071665,0.0989283349999995,0.46135,0.037745550865939,0.1801,0.0001,0.3726,0.0376,0.5751,0.0701000000000005,0.7551,0.1101
UBC_1146,0.52385,0.00970143218483577,1.6239350000000001,0.030074439772990885,1.759760055,0.180239944999999,0.8401,0.014242135623731,0.3401,0.0101,0.7451,0.0251,1.1051,0.0401,1.5251,0.0851000000000001
UBC_1147,0.6576,0.0115564392373896,2.03856,0.03582496163590776,2.733896045,0.076103955,1.0001,0.00876025403784435,0.2726,0.00760000000000001,0.7451,0.00510000000000001,1.1801,0.0151,1.7651,0.00510000000000001
UBC_1149,0.6576,0.0115564392373896,2.03856,0.03582496163590776,2.733896045,0.076103955,1.0001,0.00876025403784435,0.2726,0.00760000000000001,0.7451,0.00510000000000001,1.1801,0.0151,1.7651,0.00510000000000001
UBC_1151,0.4901,0.0290395922569756,1.51931,0.09002273599662436,3.99051657,0.18051657,0.9126,0.021750635094611,0.1626,0.00760000000000001,0.5801,0.0351,0.9476,0.0575999999999999,1.4076,0.1326
UBC_1155,0.3526,0.00569016994374948,1.0930600000000001,0.017639526825623388,1.45,,0.5826,0.0217506350946109,0.2251,0.0001,0.4726,0.0276,0.7101,0.0301,1.0551,0.0451
UBC_1156,0.03135,0.0189331489666492,0.09718500000000001,0.058692761796612515,1.86300123,0.10300123,0.2301,0.0151,0.2576,0.00760000000000001,0.2826,0.0276,0.3376,0.0326,0.4251,0.1351
UBC_1157,0.31635,0.0182572988079174,0.9806850000000001,0.056597626304543944,1.15920503,0.33079497,0.4751,0.0253487623459052,0.2401,0.00510000000000001,0.4476,0.0026,0.6776,0.00760000000000001,0.9226,0.0026
UBC_1158,0.51135,0.0125373429638328,1.585185,0.03886576318788168,1.556945115,0.133054885,0.7576,0.0161078105935821,0.3426,0.00259999999999997,0.6926,0.0026,1.0301,0.0151,1.4301,0.0351
UBC_1159,0.39135,0.00554862367942585,1.213185,0.017200733406220133,1.19924179,0.12075821,0.5951,0.0087602540378444,0.2551,0.0001,0.4951,0.0101,0.7526,0.0026,1.0901,0.0151
UBC_1160,0.4326,0.0026,1.34106,0.00806,1.01,,0.6576,0.0109972473588517,0.2726,0.0126,0.5601,0.0001,0.8151,0.0101,1.2126,0.00759999999999995
UBC_1161,0.2101,0.0373491610643783,0.6513100000000001,0.11578239929957274,2.96411424,0.01588576,0.91385,0.0268803566070357,0.0001,0.0001,0.1701,0.1401,0.4301,0.2851,0.7476,0.4526
UBC_1164,0.2526,0.00569016994374948,0.78306,0.017639526825623388,0.939099955,0.250900045,0.3951,0.00945414346693486,0.1876,0.0026,0.3551,0.0001,0.5251,0.00510000000000001,0.7476,0.0176
UBC_1165,0.4326,0.0115564392373896,1.34106,0.03582496163590776,2.039447355,0.069447355,0.6826,0.0130903810567665,0.0076,0.0026,0.2926,0.00760000000000001,0.6026,0.0226,1.0151,0.0251
UBC_1166,0.50385,0.0065951905283833,1.561935,0.02044509063798823,2.04,,0.9701,0.0001,0.3436,0.2286,0.7001,0.2551,1.0376,0.2626,1.5951,0.3301
UBC_1168,0.4701,0.0118260393995586,1.45731,0.03666072213863166,2.210448045,0.199551955,0.6801,0.0001,0.2376,0.00759999999999999,0.5151,0.0151,0.8201,0.0551,1.2551,0.0751000000000001
UBC_1169,0.47135,0.00554862367942583,1.461185,0.017200733406220074,1.614721815,0.0347218149999999,0.74885,0.0139631706330118,0.2326,0.00259999999999999,0.5551,0.0151,0.8626,0.00760000000000001,1.2976,0.0276
UBC_1170,0.47135,0.00554862367942583,1.461185,0.017200733406220074,1.614721815,0.0347218149999999,0.74885,0.0139631706330118,0.2326,0.00259999999999999,0.5551,0.0151,0.8626,0.00760000000000001,1.2976,0.0276
UBC_1171,0.3576,0.00760000000000001,1.10856,0.023560000000000032,1.230026805,0.189973195,0.5551,0.0174205080756887,0.2276,0.0026,0.4826,0.0026,0.7001,0.00510000000000001,1.0451,0.00510000000000001
UBC_1173,0.5901,0.0163018517460197,1.82931,0.050535740412661075,1.89527806,0.03527806,0.88635,0.0195855715851499,0.4151,0.0001,0.8201,0.00510000000000001,1.2301,0.0101,1.7001,0.0001
UBC_1174,0.25385,0.0168238602003246,0.786935,0.05215396662100626,0.80333375,0.17666625,0.3701,0.0001,0.1801,0.0001,0.3426,0.0126,0.5251,0.0301,0.7101,0.0101
UBC_1176,0.4801,0.0087602540378444,1.48831,0.027156787517317642,1.691623805,0.058376195,0.80135,0.0185983107336859,0.3201,0.00510000000000001,0.6401,0.0101,0.9926,0.0426,1.3976,0.0376
UBC_1177,0.58135,0.0195855715851498,1.8021850000000001,0.06071527191396438,2.014616305,0.024616305,0.19635,0.0199037243971936,0.0211,0.0211,0.2626,0.2626,0.4651,0.4651,0.7851,0.7251
UBC_1178,0.51135,0.0120242400177118,1.585185,0.03727514405490658,2.340070175,0.129929825,0.77135,0.00829679815537751,0.1401,0.00509999999999999,0.4801,0.0101,0.8451,0.0301,1.2876,0.0526
UBC_1179,0.52135,0.0152554445662277,1.616185,0.047291878155305875,2.05885303,0.0,0.80385,0.0152554445662276,0.1751,0.00509999999999999,0.5226,0.0126,0.9301,0.0201,1.3601,0.0500999999999999
UBC_118,0.4176,0.0115564392373896,1.2945600000000002,0.03582496163590776,1.44215675,0.02784325,0.63635,0.0182572988079175,0.2626,0.00760000000000001,0.5526,0.00760000000000001,0.8226,0.00760000000000001,1.1726,0.0326000000000001
UBC_1181,0.16635,0.0109253175473055,0.5156850000000001,0.03386848439664705,0.742016885,0.447983115,0.27385,0.0022650635094611,0.1376,0.00759999999999999,0.2451,0.0101,0.3501,0.0101,0.5426,0.0126
UBC_1183,0.2631,0.0163634559672906,0.8156100000000001,0.05072671349860086,3.154308695,0.114308695,1.3001,0.0001,0.1076,0.1076,0.4716,0.3836,0.9326,0.4676,1.4401,0.7151
UBC_1184,0.2631,0.0163634559672906,0.8156100000000001,0.05072671349860086,3.154308695,0.114308695,1.3001,0.0001,0.1076,0.1076,0.4716,0.3836,0.9326,0.4676,1.4401,0.7151
UBC_1185,0.2631,0.0163634559672906,0.8156100000000001,0.05072671349860086,3.154308695,0.114308695,1.3001,0.0001,0.1076,0.1076,0.4716,0.3836,0.9326,0.4676,1.4401,0.7151
UBC_1186,0.1576,0.00569016994374948,0.48856,0.017639526825623388,0.215723515,0.125723515,0.24885,0.00554862367942585,0.0926,0.0026,0.2026,0.00259999999999999,0.3051,0.00510000000000001,0.4726,0.0176
UBC_119,0.3101,0.0155110350074225,0.96131,0.04808420852300975,1.728806955,0.051193045,0.4926,0.0044301270189222,0.2876,0.0026,0.5226,0.0176,0.7226,0.0426,0.9726,0.0626
UBC_1191,0.4926,0.0622992765231237,1.52706,0.19312775722168346,2.14500715,0.13499285,0.70635,0.0168238602003246,0.0976,0.0026,0.3976,0.0226,0.8576,0.0976000000000008,1.1076,0.0226
UBC_1193,0.55135,0.0199037243971936,1.7091850000000002,0.061701545631300155,1.71775285,0.14775285,0.81635,0.0109253175473054,0.3476,0.0026,0.7051,0.0201,1.0751,0.0101,1.5951,0.1001
UBC_1195,0.4776,0.00569016994374948,1.48056,0.017639526825623388,1.567568945,0.0924310549999999,0.7451,0.0151,0.3001,0.00510000000000001,0.6226,0.0026,0.9401,0.0151,1.3426,0.00259999999999995
UBC_1196,0.3776,0.00839156197588851,1.17056,0.02601384212525438,1.81184266,0.14815734,0.58635,0.0022650635094611,0.1801,0.00510000000000001,0.4176,0.00760000000000001,0.6701,0.0101,1.0301,0.0351
UBC_1198,0.58635,0.00554862367942585,1.8176850000000002,0.017200733406220133,1.5,,0.8776,0.0130903810567666,0.2751,0.0251,0.6826,0.00759999999999995,1.0501,0.0251,1.5726,0.0126
UBC_1199,0.5051,0.00800569415042095,1.56581,0.024817651866304948,1.746658525,0.043341475,0.76635,0.00902678553567857,0.3226,0.0026,0.6776,0.0026,1.0026,0.0126,1.4226,0.0176
UBC_120,0.34885,0.0109253175473055,1.081435,0.03386848439664705,1.294884495,0.125115505,0.4301,0.070189228844381,0.2476,0.0026,0.4426,0.0276,0.6026,0.1176,0.9051,0.0651
UBC_1200,0.48635,0.00554862367942585,1.5076850000000002,0.017200733406220133,1.645817465,0.065817465,0.7676,0.0109972473588517,0.2351,0.0001,0.5576,0.00759999999999995,0.8751,0.0151,1.3201,0.0151
UBC_1204,0.36885,0.0130301005409858,1.143435,0.04039331167705598,1.30750932,0.10249068,0.5776,0.0130903810567665,0.2701,0.0001,0.5201,0.0101,0.7676,0.00760000000000001,1.0751,0.0401
UBC_1211,0.4551,0.0146773797371132,1.4108100000000001,0.04549987718505092,1.503264835,0.143264835,0.7126,0.0179535710713571,0.3001,0.00510000000000001,0.6176,0.00760000000000001,0.9251,0.0101,1.3026,0.0426
UBC_1214,0.5026,0.0196256241897667,1.5580600000000002,0.06083943498827677,1.67,,0.7801,0.0087602540378444,0.2851,0.00509999999999998,0.6251,0.0001,0.9501,0.0151,1.3401,0.0600999999999999
UBC_1215,0.2951,0.0292547594742265,0.9148099999999999,0.09068975437010215,2.212873165,0.0471268349999998,0.35885,0.0022650635094611,0.0226,0.0126,0.1601,0.0401,0.3576,0.0825999999999997,0.6726,0.1876
UBC_1219,0.41135,0.0152554445662277,1.275185,0.047291878155305875,1.352146185,0.152146185,0.53135,0.0301780235387899,0.3051,0.0151,0.5626,0.00759999999999995,0.7851,0.0401,1.1626,0.0776
UBC_122,0.79135,0.0109253175473055,2.453185,0.03386848439664705,2.91119989,0.00880010999999992,1.13385,0.0152554445662276,0.4451,0.0001,0.9976,0.0176,1.5326,0.00760000000000006,2.1426,0.0376000000000001
UBC_1221,0.5051,0.00717106781186548,1.56581,0.022230310216782987,1.636598815,0.0934011849999999,0.7401,0.0001,0.2501,0.0001,0.5801,0.00510000000000001,0.8876,0.0326,1.3326,0.0176000000000001
UBC_1222,0.40385,0.00424578098794423,1.251935,0.013161921062627114,1.612800915,0.177199084999999,0.58385,0.0109253175473055,0.2251,0.0101,0.4826,0.0126,0.7151,0.0201,1.1001,0.0400999999999999
UBC_1226,0.53435,0.0114660679216693,1.656485,0.03554481055717483,1.608238625,0.00823862499999994,0.8101,0.0484476990145343,0.3701,0.00510000000000001,0.7651,0.0101,1.1066,0.0586,1.5686,0.0316000000000001
UBC_1227,0.61385,0.00554862367942585,1.902935,0.017200733406220133,2.11151387,0.07151387,0.9001,0.0001,0.3301,0.00510000000000001,0.7226,0.0226,1.0826,0.0326,1.6276,0.0226
UBC_123,0.29385,0.0164458710382775,0.910935,0.050982200218660255,3.253666145,0.0863338549999999,1.0926,0.0179535710713571,0.3051,0.0751,0.6801,0.2301,1.0426,0.3976,1.4726,0.5276
UBC_1230,0.47135,0.00554862367942583,1.461185,0.017200733406220074,1.54161436,0.03161436,0.73635,0.00902678553567857,0.2701,0.0001,0.5751,0.0001,0.8901,0.00510000000000001,1.3126,0.00760000000000006
UBC_1231,0.45385,0.0120242400177118,1.406935,0.03727514405490658,1.31984881,0.0601511899999999,0.7226,0.0161078105935821,0.3026,0.0026,0.6051,0.0001,0.9301,0.0251,1.2951,0.0251
UBC_1232,0.5751,0.00622372435695795,1.7828099999999998,0.019293545506569646,2.041545025,0.068454975,0.85885,0.0109253175473055,0.3076,0.0026,0.6976,0.00760000000000001,1.0576,0.00260000000000006,1.5501,0.0201
UBC_1234,0.4851,0.0155110350074224,1.5038099999999999,0.048084208523009445,1.448605435,0.091394565,0.70135,0.0171934929139717,0.2801,0.0001,0.6076,0.0276,0.9176,0.00760000000000001,1.2926,0.0126
UBC_1237,0.7076,0.00760000000000001,2.19356,0.023560000000000032,2.848927145,0.0410728550000001,1.06135,0.00902678553567853,0.1426,0.00259999999999999,0.6526,0.0176,1.1251,0.0201,1.7351,0.0400999999999999
UBC_124,0.25385,0.0139631706330118,0.786935,0.04328582896233658,3.17800551,0.06199449,0.5701,0.0001,0.2851,0.0251,0.4901,0.0301,0.7226,0.0826000000000001,0.9876,0.1026
UBC_1242,0.6976,0.00760000000000001,2.16256,0.023560000000000032,2.324825115,0.065174885,1.0226,0.0044301270189222,0.3826,0.0126,0.8501,0.0501,1.2851,0.0400999999999999,1.8551,0.0350999999999999
UBC_1244,0.81635,0.0109253175473055,2.530685,0.03386848439664705,3.41,,1.1701,0.0118260393995586,0.2801,0.0001,0.8901,0.0101,1.4151,0.0151,2.0776,0.00259999999999995
UBC_1245,0.90635,0.0358727200531355,2.809685,0.11120543216472005,3.102693685,0.0373063150000001,1.33135,0.0303851035989644,0.3701,0.0400999999999999,1.1301,0.00510000000000001,1.7851,0.0101,2.3576,0.1126
UBC_1246,0.26385,0.0199037243971936,0.817935,0.061701545631300155,0.95204122,0.31795878,0.39885,0.0369060796608386,0.2751,0.0001,0.4626,0.0026,0.5751,0.0001,0.8676,0.0226
UBC_1247,0.28635,0.0284670142947755,0.8876850000000001,0.08824774431380406,2.367201105,0.0872011050000001,0.53385,0.0307950728945217,0.0001,0.0001,0.1301,0.0200999999999999,0.2976,0.0276,0.6726,0.0276
UBC_1248,0.7601,0.00945414346693486,2.35631,0.02930784474749807,2.56341043,0.00341042999999996,1.10135,0.0195855715851498,0.3526,0.0026,0.8951,0.00510000000000001,1.3976,0.00259999999999995,2.0076,0.0176
UBC_125,0.5331,0.024788053791257,1.6526100000000001,0.0768429667528967,1.99322036,0.06677964,0.62385,0.0205251682979603,0.4126,0.00759999999999998,0.7326,0.0276,1.0076,0.0676,1.4676,0.1326
UBC_1250,0.3456,0.0173699160391705,1.07136,0.053846739721428546,3.05887111,0.0188711100000001,1.1901,0.0204100960115899,0.2911,0.0791000000000001,0.7751,0.1851,1.1801,0.3851,1.6001,0.5401
UBC_1251,0.1001,0.0051,0.31031,0.01581,0.491165415,0.248834585,0.1901,0.0001,0.0526,0.00760000000000002,0.1201,0.0051,0.1951,0.0001,0.2901,0.0251
UBC_1252,0.8751,0.0001,2.71281,0.00031,2.924416275,0.0155837249999999,1.28885,0.0114880419739304,0.4901,0.0451,1.1001,0.0201,1.6751,0.00510000000000001,2.4076,0.00760000000000006
UBC_1253,0.60135,0.0182572988079175,1.8641850000000002,0.05659762630454425,2.04364929,0.02635071,0.8801,0.014242135623731,0.1826,0.0026,0.5776,0.0176,1.0176,0.0626000000000001,1.4851,0.0451
UBC_1254,0.0626,0.00839156197588857,0.19406,0.02601384212525457,0.19208427,0.0479157300000001,0.1401,0.0001,0.0626,0.0176,0.1201,0.0101,0.1726,0.0176000000000001,0.2126,0.0576
UBC_1257,0.57435,0.00572916512459886,1.780485,0.017760411886256468,1.97885221,0.14114779,0.85135,0.0152554445662277,0.4726,0.0026,0.8951,0.0201,1.1926,0.0526000000000001,1.7276,0.0376
UBC_1259,0.5951,0.00717106781186548,1.8448099999999998,0.022230310216782987,1.79792785,0.12207215,0.8826,0.0109972473588517,0.3451,0.0001,0.7551,0.00510000000000001,1.1351,0.0101,1.6326,0.0126
UBC_126,0.0551,0.0184711730708738,0.17081000000000002,0.05726063651970878,2.86057991,0.13942009,1.38835,0.0279691137282835,0.4801,0.4801,0.7876,0.7776,0.9776,0.9776,1.5751,1.3951
UBC_1262,0.42885,0.0273431183971292,1.3294350000000001,0.08476366703110053,3.9390046,0.1809954,1.35785,0.0078580603245915,0.2251,0.0351000000000001,0.7251,0.2101,1.1636,0.3686,1.7301,0.5651
UBC_1264,0.5326,0.00839156197588851,1.65106,0.02601384212525438,1.884465625,0.035534375,0.7751,0.0155110350074225,0.2376,0.00759999999999999,0.5976,0.0026,0.9301,0.0201,1.3876,0.0576
UBC_1267,0.3276,0.00839156197588851,1.01556,0.02601384212525438,1.148188665,0.251811335,0.52635,0.00902678553567857,0.2326,0.00259999999999999,0.4526,0.00760000000000001,0.6801,0.0101,0.9551,0.0301
UBC_1269,0.4501,0.0107066017177982,1.39531,0.033190465325174424,1.60745153,0.10745153,0.46135,0.0369060796608387,0.2476,0.0176,0.4676,0.0376,0.7151,0.0900999999999994,1.0651,0.195100000000001
UBC_1270,0.3876,0.00569016994374948,1.20156,0.017639526825623388,1.70713924,0.14286076,0.6051,0.0001,0.1451,0.00509999999999999,0.3876,0.0026,0.6301,0.00510000000000001,1.0026,0.00760000000000001
UBC_1271,0.3801,0.00510000000000001,1.17831,0.015810000000000032,1.42,,0.6376,0.0044301270189222,0.0001,0.0001,0.2326,0.00259999999999999,0.4876,0.0026,0.8701,0.0001
UBC_1272,0.43385,0.0195855715851499,1.344935,0.06071527191396469,2.043435785,0.146564215,0.64635,0.0268803566070357,0.4001,0.00510000000000001,0.6976,0.0026,0.9401,0.0001,1.3476,0.00260000000000006
UBC_1273,0.4776,0.00569016994374948,1.48056,0.017639526825623388,1.400782055,0.200782055,0.75385,0.0160589316685046,0.1876,0.0026,0.5201,0.0101,0.8376,0.0276,1.2476,0.0376
UBC_1274,0.38135,0.00554862367942585,1.182185,0.017200733406220133,1.46581061,0.244189389999999,0.5676,0.0044301270189222,0.1651,0.00510000000000001,0.3926,0.0176,0.6326,0.0326,0.9801,0.0401
UBC_1275,0.31885,0.0065951905283833,0.9884350000000001,0.02044509063798823,0.977234005,0.112765995,0.49885,0.00902678553567857,0.2376,0.0026,0.4451,0.0101,0.6526,0.0026,0.9601,0.00510000000000001
UBC_1276,0.51235,0.00188535710713571,1.588285,0.005844607032120701,1.790636265,0.00936373499999998,0.79135,0.0152554445662277,0.3276,0.0126,0.6801,0.00510000000000001,0.9966,0.00859999999999995,1.4396,0.0456000000000001
UBC_1278,0.2751,0.00363553390593274,0.8528100000000001,0.011270155108391494,1.006482855,0.213517145,0.4401,0.0087602540378444,0.2301,0.00509999999999999,0.3951,0.00510000000000001,0.5801,0.0151,0.8251,0.0101
UBC_1279,0.2076,0.0318214438511237,0.64356,0.09864647593848347,2.54472529,0.18527471,0.68135,0.0266459507269941,0.1776,0.0126,0.4051,0.0950999999999999,0.5876,0.1426,0.8676,0.2726
UBC_1281,0.4776,0.0130903810567666,1.48056,0.040580181275976464,1.98078163,0.20078163,0.73135,0.0152554445662277,0.0826,0.0126,0.4001,0.00510000000000001,0.7251,0.0101,1.1776,0.0326
UBC_1282,0.3976,0.00911387818865996,1.23256,0.028253022384845877,1.25771604,0.01228396,0.6026,0.0161078105935821,0.2076,0.0026,0.4501,0.0151,0.7326,0.00760000000000001,1.0676,0.0376
UBC_1285,0.35885,0.00749509972887453,1.112435,0.023234809159511045,1.12520085,0.15479915,0.47385,0.0195855715851499,0.2551,0.00510000000000001,0.4651,0.0101,0.6701,0.0451,1.0026,0.0626
UBC_1286,0.3176,0.0148901994577491,0.98456,0.04615961831902221,1.17347187,0.07652813,0.34385,0.0268803566070357,0.1651,0.0101,0.3001,0.0600999999999999,0.4626,0.0776,0.7376,0.1676
UBC_1287,0.4451,0.0001,1.37981,0.00031,1.05,,0.6201,0.00717106781186548,0.2251,0.0651000000000001,0.4851,0.0701000000000003,0.7376,0.0726,1.1476,0.1126
UBC_1288,0.2776,0.00911387818865996,0.8605600000000001,0.028253022384845877,0.569983515,0.349983515,0.46635,0.0164458710382775,0.1951,0.0001,0.3901,0.0151,0.5901,0.0301,0.8176,0.0576
UBC_129,0.40635,0.0618833917812871,1.259685,0.19183851452199002,1.81810735,0.0218926500000001,0.85135,0.0369060796608387,0.3626,0.0026,0.7101,0.1401,1.0401,0.2951,1.5301,0.1501
UBC_1290,0.40385,0.00554862367942583,1.251935,0.017200733406220074,1.5,,0.62635,0.00902678553567857,0.2826,0.00259999999999997,0.5451,0.00510000000000001,0.8101,0.00509999999999995,1.1751,0.00510000000000001
UBC_1293,0.3726,0.00569016994374948,1.15506,0.017639526825623388,1.233584655,0.106415345,0.5726,0.00760000000000001,0.2301,0.0001,0.4751,0.0101,0.7226,0.00760000000000001,1.0326,0.00259999999999995
UBC_1294,0.2576,0.00569016994374948,0.79856,0.017639526825623388,0.538196315,0.171803685,0.4051,0.0001,0.1976,0.0026,0.3451,0.00509999999999998,0.5076,0.0176,0.7576,0.0126
UBC_1295,0.64385,0.0130301005409858,1.9959350000000002,0.04039331167705598,1.93600167,0.08399833,0.9776,0.0278263412660235,0.3476,0.0176,0.7826,0.0026,1.2776,0.0276,1.7726,0.0276
UBC_1296,0.4651,0.0001,1.44181,0.00031,1.504542895,0.054542895,0.7601,0.0001,0.0451,0.0451,0.3526,0.0375999999999998,0.6326,0.0376,1.0951,0.0550999999999999
UBC_1297,0.24135,0.00554862367942585,0.7481850000000001,0.017200733406220133,0.93933875,0.04933875,0.37385,0.00902678553567857,0.1801,0.00510000000000001,0.3301,0.00510000000000001,0.4976,0.0026,0.6976,0.0026
UBC_1298,0.13635,0.098865821517365,0.42268500000000003,0.3064840467038315,0.5818128,0.1881872,0.33135,0.113863735434452,0.1876,0.0026,0.3326,0.00760000000000001,0.2751,0.00510000000000001,0.5476,0.1976
UBC_1299,0.57135,0.00749509972887449,1.7711850000000002,0.02323480915951092,1.77481049,0.03481049,0.85135,0.0139631706330118,0.3276,0.0026,0.7076,0.00760000000000001,1.0901,0.00510000000000001,1.5726,0.0276000000000001
UBC_130,0.61135,0.0130301005409858,1.895185,0.04039331167705598,1.994916525,0.00491652499999995,0.8851,0.0283842712474619,0.3376,0.00759999999999998,0.7901,0.00510000000000001,1.2051,0.0251,1.6726,0.00260000000000006
UBC_1300,0.1551,0.0101,0.48080999999999996,0.03131,1.54285038,0.15714962,0.3751,0.0001,0.2301,0.0001,0.3226,0.0026,0.4676,0.0376,0.6551,0.0451
UBC_1303,0.4126,0.00569016994374946,1.27906,0.017639526825623326,1.292264605,0.00773539499999998,0.64385,0.00902678553567857,0.2826,0.00259999999999997,0.5551,0.00510000000000001,0.8226,0.0126,1.1826,0.0276
UBC_1304,0.4701,0.0281624304008046,1.45731,0.08730353424249426,1.82733606,0.10733606,0.73135,0.0144069039278245,0.0101,0.0051,0.2176,0.00760000000000001,0.5951,0.0701000000000005,0.9401,0.00509999999999995
UBC_1305,0.4651,0.00363553390593272,1.44181,0.011270155108391433,2.174139055,0.205860945,0.7676,0.00839156197588851,0.1976,0.0126,0.4926,0.0226,0.8301,0.0201,1.2826,0.00259999999999995
UBC_1311,0.12135,0.0114880419739304,0.376185,0.03561293011918425,1.12,,0.3701,0.130579883506999,0.0001,0.0001,0.0051,0.0051,0.0826,0.0226,0.2701,0.0451
UBC_1312,0.27135,0.0303851035989643,0.841185,0.09419382115678933,1.00698309,0.153016910000001,0.42135,0.106188111963593,0.0176,0.0076,0.2201,0.0751,0.6426,0.1376,0.5651,0.0601000000000009
UBC_1313,0.4001,0.00363553390593274,1.24031,0.011270155108391494,1.38595193,0.03404807,0.6301,0.014242135623731,0.3426,0.00759999999999998,0.5951,0.00510000000000001,0.8651,0.00510000000000001,1.2301,0.0101
UBC_1314,0.4001,0.00363553390593274,1.24031,0.011270155108391494,1.38595193,0.03404807,0.6301,0.014242135623731,0.3426,0.00759999999999998,0.5951,0.00510000000000001,0.8651,0.00510000000000001,1.2301,0.0101
UBC_1315,0.34385,0.00424578098794423,1.065935,0.013161921062627114,1.29155691,0.11844309,0.5401,0.0001,0.2701,0.0001,0.4851,0.0001,0.7026,0.00760000000000001,1.0251,0.0001
UBC_1316,0.2526,0.00839156197588851,0.78306,0.02601384212525438,0.84,,0.4151,0.0177776695296637,0.1951,0.00510000000000001,0.3926,0.0176,0.5901,0.0351,0.7726,0.0576
UBC_1317,0.21885,0.0130301005409857,0.678435,0.04039331167705567,0.915082015,0.474917985,0.39135,0.0164458710382775,0.1726,0.00759999999999999,0.3176,0.0026,0.4901,0.0001,0.6776,0.0326
UBC_1318,0.2916,0.00387491721763538,0.9039600000000001,0.012012243374669678,0.46894514,0.10105486,0.47385,0.0208289049397212,0.2326,0.00259999999999999,0.3901,0.0201,0.5846,0.0306,0.8256,0.000600000000000001
UBC_1319,0.3501,0.012847548783982,1.08531,0.0398274012303442,1.305474325,0.025474325,0.53385,0.00424578098794425,0.2001,0.0101,0.4051,0.00509999999999998,0.6476,0.0326,0.9526,0.0226
UBC_132,0.4276,0.0462654632815488,1.32556,0.14342293617280127,3.7476984,0.1923016,0.87385,0.0022650635094611,0.4626,0.00759999999999998,0.8201,0.0201,1.1676,0.1376,1.5126,0.1926
UBC_1320,0.31135,0.00424578098794425,0.9651850000000001,0.013161921062627176,0.783183615,0.116816385,0.4651,0.00363553390593272,0.1876,0.0026,0.3776,0.0026,0.5651,0.00509999999999995,0.8551,0.0151
UBC_1321,0.37385,0.0120242400177118,1.158935,0.03727514405490658,0.9654402,0.0645598,0.5451,0.00622372435695795,0.2376,0.00759999999999999,0.4551,0.0101,0.7026,0.0276,1.0626,0.0776
UBC_1322,0.2476,0.00839156197588851,0.76756,0.02601384212525438,0.81337763,0.30662237,0.3926,0.0130903810567666,0.0026,0.0026,0.0976,0.0026,0.2526,0.00760000000000001,0.4851,0.00510000000000001
UBC_1323,0.2301,0.00363553390593273,0.71331,0.011270155108391463,0.93,,0.3551,0.0087602540378444,0.2001,0.00509999999999999,0.3276,0.00760000000000001,0.4826,0.0026,0.6776,0.00760000000000001
UBC_1324,0.1176,0.0104077640640442,0.36456,0.032264068598537025,0.97086362,0.01086362,0.3026,0.0044301270189222,0.0151,0.0051,0.0826,0.0026,0.1776,0.0176,0.3551,0.0351
UBC_1326,0.36635,0.0202168461742889,1.135685,0.0626722231402956,1.36996164,0.11003836,0.5376,0.00760000000000001,0.1301,0.00510000000000001,0.3376,0.00759999999999998,0.5801,0.0301,0.9551,0.0901
UBC_1328,0.49385,0.0144069039278245,1.5309350000000002,0.04466140217625595,1.43556073,0.05443927,0.7351,0.0123474487139159,0.3426,0.00259999999999997,0.6701,0.0001,1.0001,0.00509999999999995,1.4176,0.0326
UBC_1329,0.11135,0.00659519052838329,0.345185,0.0204450906379882,0.499848875,0.029848875,0.21135,0.0164458710382775,0.0776,0.0026,0.1976,0.0475999999999999,0.2751,0.0300999999999997,0.3426,0.0425999999999998
UBC_133,0.43385,0.0231149407994025,1.344935,0.07165631647814776,3.24265975,0.00734024999999994,1.3571,0.0251399680510978,0.5541,0.0640999999999991,1.0676,0.2826,1.5451,0.5251,2.0376,0.6526
UBC_1331,0.3376,0.00839156197588848,1.0465600000000002,0.02601384212525429,1.9068858,0.2731142,0.52135,0.0022650635094611,0.2151,0.0101,0.4176,0.00760000000000001,0.6451,0.0201,0.9751,0.0451
UBC_1333,0.4901,0.0001,1.51931,0.00031,1.25112173,0.251121730000001,0.6401,0.0001,0.2026,0.0525999999999999,0.4801,0.0850999999999999,0.7326,0.107600000000001,1.1926,0.1576
UBC_1334,0.4401,0.0001,1.36431,0.00031,1.57417416,0.165825839999999,0.64635,0.0065951905283833,0.2626,0.0276000000000003,0.5326,0.0126,0.7826,0.0176,1.1976,0.0276000000000001
UBC_1335,0.26635,0.00970143218483577,0.825685,0.030074439772990885,0.75170679,0.33829321,0.3351,0.0184711730708738,0.2101,0.0001,0.3751,0.0001,0.5076,0.0326,0.7601,0.0451
UBC_1336,0.31135,0.0179097585609688,0.9651850000000001,0.055520251539003286,0.55596511,0.24403489,0.3676,0.0193028643696715,0.2701,0.0001,0.4376,0.0326,0.5876,0.0326,0.8901,0.1201
UBC_1338,0.4401,0.0349209706929603,1.36431,0.10825500914817694,1.27,,0.8326,0.0044301270189222,0.2761,0.1761,0.6751,0.1801,0.9751,0.1751,1.4501,0.235099999999999
UBC_134,0.7226,0.0044301270189222,2.24006,0.01373339375865882,2.573027995,0.0130279950000001,1.0876,0.0284945417290013,0.3676,0.0026,0.9026,0.0226,1.4046,0.0706,1.9801,0.0300999999999999
UBC_1340,0.20885,0.036393077852395,0.6474350000000001,0.1128185413424245,1.78,,0.47885,0.0331482601660057,0.0001,0.0001,0.0301,0.0151,0.2001,0.0350999999999999,0.4101,0.1001
UBC_1341,0.31885,0.0065951905283833,0.9884350000000001,0.02044509063798823,1.132263995,0.067736005,0.5026,0.0044301270189222,0.2201,0.0001,0.4226,0.0026,0.6101,0.00510000000000001,0.9076,0.0176
UBC_1342,0.27385,0.00424578098794425,0.848935,0.013161921062627176,0.78384299,0.176157010000001,0.42385,0.00554862367942585,0.2501,0.0001,0.4251,0.0001,0.5951,0.0001,0.8326,0.0176
UBC_1343,0.36885,0.00902678553567857,1.143435,0.02798303516060357,1.14,,0.5676,0.016493596310755,0.0001,0.0001,0.1151,0.0151,0.3526,0.0375999999999998,0.7176,0.0626
UBC_1344,0.19635,0.0082967981553775,0.608685,0.025720074281670252,0.539192675,0.160807325,0.3051,0.0101,0.1676,0.0026,0.2676,0.00760000000000001,0.4151,0.0101,0.5651,0.0101
UBC_1345,0.3601,0.00622372435695795,1.11631,0.019293545506569646,1.062510165,0.007489835,0.53385,0.0182572988079174,0.2426,0.00760000000000001,0.4601,0.0151,0.7026,0.0126,1.0051,0.0351
UBC_1347,0.21135,0.0065951905283833,0.655185,0.02044509063798823,1.02320217,0.38679783,0.3376,0.00839156197588849,0.1451,0.00509999999999999,0.2501,0.0101,0.4101,0.0101,0.6226,0.0526000000000001
UBC_135,0.6926,0.0271416345659799,2.14706,0.08413906715453769,3.4,,1.0601,0.0001,0.4276,0.0126,0.9526,0.00760000000000001,1.4326,0.0276,1.9251,0.0801
UBC_1350,0.35635,0.00424578098794425,1.1046850000000001,0.013161921062627176,0.792244525,0.027755475,0.57885,0.0022650635094611,0.3076,0.0026,0.5376,0.0026,0.7501,0.0001,1.1026,0.0126
UBC_1351,0.22635,0.00554862367942584,0.701685,0.017200733406220105,0.446739755,0.083260245,0.3776,0.0044301270189222,0.2176,0.0026,0.3476,0.0026,0.5001,0.00510000000000001,0.7276,0.0026
UBC_1352,0.2276,0.00443012701892219,0.70556,0.01373339375865879,0.66371144,0.29628856,0.3176,0.0130903810567666,0.1951,0.0001,0.3151,0.0101,0.4276,0.0376,0.6601,0.0301
UBC_1353,0.15885,0.0217145205822382,0.492435,0.06731501380493841,1.30183705,0.06183705,0.35135,0.00424578098794425,0.3526,0.0026,0.4701,0.0201,0.6001,0.0451,0.7376,0.1076
UBC_1355,0.4351,0.00945414346693486,1.34881,0.02930784474749807,1.33498718,0.195012819999999,0.0001,0.0001,0.2226,0.0575999999999999,0.3251,0.2351,0.4551,0.3651,0.6251,0.5351
UBC_1356,0.2226,0.00569016994374948,0.69006,0.017639526825623388,0.63857681,0.24142319,0.34885,0.0103316909648405,0.1926,0.0026,0.3126,0.00760000000000001,0.4676,0.00259999999999997,0.6701,0.0251
UBC_1359,0.0601,0.00622372435695795,0.18631,0.019293545506569646,0.181754825,0.0282451749999999,0.14635,0.00659519052838328,0.0426,0.0026,0.0876,0.0176,0.1426,0.0276,0.1976,0.0576
UBC_136,0.2626,0.0179535710713571,0.81406,0.05565607032120701,2.7145768,0.0754231999999999,0.5051,0.00800569415042095,0.4476,0.0026,0.6401,0.0251,0.8276,0.0576,1.0901,0.1001
UBC_1360,0.24135,0.00554862367942585,0.7481850000000001,0.017200733406220133,0.541125975,0.00887402500000001,0.38885,0.0022650635094611,0.1976,0.0026,0.3476,0.00759999999999998,0.4951,0.00510000000000001,0.7326,0.00760000000000001
UBC_1364,0.3151,0.00510000000000001,0.97681,0.015810000000000032,1.041020915,0.071020915,0.4576,0.0044301270189222,0.1601,0.00510000000000001,0.3401,0.00509999999999998,0.5276,0.0126,0.8251,0.0201
UBC_1365,0.3001,0.0146773797371132,0.93031,0.04549987718505092,1.687499395,0.232500604999999,0.49385,0.0168238602003246,0.3501,0.00510000000000001,0.5501,0.00510000000000001,0.7351,0.00510000000000001,1.0351,0.0251
UBC_1366,0.29885,0.00749509972887453,0.926435,0.023234809159511045,0.905468035,0.384531965,0.4751,0.0204100960115899,0.1926,0.00760000000000001,0.3926,0.00760000000000001,0.5926,0.0026,0.8576,0.0276
UBC_1367,0.2776,0.00911387818865996,0.8605600000000001,0.028253022384845877,1.12520361,0.184796389999999,0.3701,0.0288228132326901,0.2326,0.00259999999999999,0.3701,0.0201,0.5001,0.0451,0.7926,0.0676
UBC_1368,0.12635,0.0022650635094611,0.391685,0.00702169687932941,0.457875805,0.322124195,0.20885,0.00749509972887452,0.1301,0.0001,0.1876,0.00760000000000001,0.2776,0.00759999999999998,0.4001,0.0101
UBC_1369,0.3276,0.00569016994374948,1.01556,0.017639526825623388,1.276356065,0.273643935000001,0.0176,0.0130903810567666,0.2601,0.0350999999999999,0.3376,0.0976,0.4326,0.2176,0.5901,0.3701
UBC_1370,0.42885,0.0144069039278245,1.3294350000000001,0.04466140217625595,1.679529245,0.0695292449999999,0.6176,0.0044301270189222,0.0676,0.0026,0.3326,0.0276,0.5901,0.0901,1.0276,0.1026
UBC_1371,0.0951,0.0272569512280005,0.29481,0.08449654880680155,1.914968485,0.0750315150000001,0.3251,0.0001,0.3476,0.0026,0.4251,0.0301,0.5151,0.0801000000000001,0.6226,0.1576
UBC_1372,0.2751,0.00363553390593274,0.8528100000000001,0.011270155108391494,1.008226875,0.121773124999999,0.45635,0.0065951905283833,0.2151,0.0001,0.3901,0.0001,0.5726,0.00760000000000001,0.8376,0.0176
UBC_1373,0.3276,0.00569016994374948,1.01556,0.017639526825623388,1.23705614,0.02294386,0.52385,0.0130301005409858,0.1951,0.0001,0.4201,0.0201,0.6201,0.0001,0.9151,0.0151
UBC_1374,0.61635,0.00970143218483577,1.910685,0.030074439772990885,1.909182285,0.209182284999999,0.9601,0.0301,0.3801,0.0001,0.8751,0.0701,1.2926,0.0926,1.7926,0.1276
UBC_1375,0.31135,0.00424578098794425,0.9651850000000001,0.013161921062627176,0.984572375,0.065427625,0.49135,0.0065951905283833,0.1976,0.0126,0.4001,0.0101,0.5776,0.00760000000000001,0.8901,0.00510000000000001
UBC_1376,0.37135,0.0022650635094611,1.1511850000000001,0.00702169687932941,1.152351445,0.072351445,0.5951,0.0174205080756888,0.2351,0.0001,0.4826,0.0126,0.7126,0.00760000000000001,1.0751,0.0251
UBC_1377,0.30635,0.00424578098794425,0.9496850000000001,0.013161921062627176,0.824916875,0.035083125,0.46885,0.00659519052838327,0.1951,0.0001,0.3776,0.0226,0.5576,0.0276,0.8426,0.0226
UBC_1380,0.3576,0.0130903810567666,1.10856,0.040580181275976464,0.73,,0.5376,0.0109972473588517,0.2051,0.0101,0.4226,0.00760000000000001,0.6926,0.0276,0.9576,0.00760000000000001
UBC_1383,0.36135,0.00902678553567857,1.120185,0.02798303516060357,1.46579909,0.27420091,0.41135,0.0266459507269941,0.2476,0.0026,0.4426,0.0376,0.6126,0.0725999999999998,0.9376,0.1226
UBC_1384,0.3151,0.00363553390593274,0.97681,0.011270155108391494,0.62,,0.4951,0.0107066017177982,0.2401,0.0001,0.4351,0.0001,0.6401,0.0151,0.9226,0.00760000000000001
UBC_1385,0.2751,0.00363553390593274,0.8528100000000001,0.011270155108391494,1.203902945,0.326097055,0.44135,0.0164458710382775,0.2301,0.0001,0.3976,0.0026,0.5801,0.0101,0.8376,0.00760000000000001
UBC_1386,0.38885,0.0114880419739304,1.205435,0.03561293011918425,1.23587815,0.0941218500000001,0.59135,0.0152554445662277,0.2026,0.00259999999999999,0.4876,0.0026,0.7101,0.00510000000000001,1.0551,0.0301
UBC_1387,0.2951,0.00622372435695795,0.9148099999999999,0.019293545506569646,1.07611696,0.13388304,0.47385,0.0195855715851499,0.1676,0.0026,0.3651,0.0101,0.5501,0.0151,0.8476,0.0126
UBC_1388,0.4326,0.00760000000000001,1.34106,0.023560000000000032,1.6,,0.6476,0.0109972473588517,0.2276,0.0126,0.5276,0.00760000000000001,0.8001,0.0101,1.1751,0.0101
UBC_1389,0.35385,0.0065951905283833,1.096935,0.02044509063798823,1.289513625,0.350486375,0.5451,0.0001,0.2276,0.0026,0.4451,0.0001,0.6651,0.0101,1.0126,0.0226
UBC_139,0.37135,0.00554862367942585,1.1511850000000001,0.017200733406220133,1.315335555,0.105335555,0.59635,0.0189331489666492,0.2801,0.00509999999999998,0.5351,0.0101,0.7851,0.0151,1.1326,0.0226
UBC_1390,0.3201,0.0001,0.99231,0.00031,1.15301614,0.01698386,0.49635,0.0182572988079174,0.1626,0.00760000000000001,0.3726,0.0026,0.5726,0.0026,0.8801,0.0001
UBC_1391,0.31135,0.0268803566070357,0.9651850000000001,0.08332910548181068,0.968773775,0.011226225,0.4601,0.0174205080756888,0.1601,0.0001,0.3776,0.0226,0.5651,0.0351,0.8801,0.0551000000000001
UBC_1393,0.4276,0.0193028643696715,1.32556,0.05983887954598165,1.12085018,0.0791498199999999,0.21935,0.281332443896503,0.0976,0.0976,0.5351,0.0651000000000007,0.4451,0.4451,0.5651,0.5651
UBC_1394,0.25135,0.0130301005409858,0.7791850000000001,0.04039331167705598,0.830755045,0.209244955,0.41885,0.0228417567483253,0.1726,0.00259999999999999,0.3476,0.0226,0.5201,0.0201,0.7276,0.0626
UBC_1397,0.43135,0.0065951905283833,1.337185,0.02044509063798823,1.75,,0.6926,0.0109972473588517,0.2876,0.0126,0.5876,0.0226,0.8776,0.0426,1.2451,0.0600999999999999
UBC_1399,0.26635,0.00749509972887453,0.825685,0.023234809159511045,0.72,,0.3451,0.0213132034355964,0.2251,0.00510000000000001,0.3701,0.0201,0.5026,0.0575999999999996,0.7701,0.0751
UBC_1400,0.3726,0.00760000000000001,1.15506,0.023560000000000032,1.163660995,0.053660995,0.58885,0.0065951905283833,0.0451,0.0001,0.2776,0.0026,0.5226,0.0026,0.8826,0.0176
UBC_1401,0.3751,0.00945414346693486,1.16281,0.02930784474749807,1.12,,0.59635,0.00829679815537751,0.2751,0.00510000000000001,0.5051,0.0001,0.7701,0.0101,1.0876,0.00759999999999995
UBC_1404,0.2276,0.00911387818865997,0.70556,0.028253022384845908,0.74,,0.3751,0.00363553390593274,0.1276,0.0026,0.2776,0.0026,0.4326,0.0226,0.6501,0.0201
UBC_1405,0.4076,0.0481234317807462,1.26356,0.14918263852031322,2.3148505,0.0451495,0.60885,0.00902678553567857,0.2901,0.0151,0.5451,0.00510000000000001,0.8526,0.0426,1.2526,0.0926
UBC_1406,0.1426,0.00259999999999999,0.44206,0.008059999999999968,0.736064365,0.263935635,0.27885,0.0109253175473055,0.1476,0.0026,0.2301,0.00509999999999999,0.3351,0.0101,0.4951,0.0251
UBC_1407,0.36135,0.00970143218483577,1.120185,0.030074439772990885,1.480973065,0.329026935,0.43385,0.0268803566070357,0.3026,0.0026,0.5101,0.0351,0.7001,0.0701,1.0051,0.1001
UBC_1409,0.0976,0.0179535710713571,0.30256000000000005,0.05565607032120701,1.39768151,0.11231849,0.25385,0.0022650635094611,0.3076,0.0026,0.3601,0.0001,0.4426,0.0326,0.5576,0.0626
UBC_141,0.24135,0.0109253175473055,0.7481850000000001,0.03386848439664705,0.902369905,0.007630095,0.31135,0.0065951905283833,0.1651,0.00510000000000001,0.3101,0.0151,0.4501,0.0351,0.6676,0.0576
UBC_1413,0.3426,0.0115564392373896,1.06206,0.03582496163590776,1.147250275,0.317250275,0.4726,0.0259602010819715,0.2751,0.0001,0.4976,0.00760000000000001,0.6926,0.0176,1.0176,0.0576
UBC_1415,0.3151,0.00800569415042095,0.97681,0.024817651866304948,1.21,,0.49885,0.0022650635094611,0.0501,0.0051,0.2401,0.0151,0.4376,0.0276,0.7776,0.0526
UBC_1416,0.2951,0.00363553390593274,0.9148099999999999,0.011270155108391494,1.02002989,0.23997011,0.46885,0.00226506350946107,0.2001,0.00509999999999999,0.3701,0.0001,0.5501,0.0101,0.8401,0.0001
UBC_1417,0.22385,0.00970143218483576,0.693935,0.03007443977299086,0.94308977,0.40691023,0.3901,0.0323102468168128,0.2026,0.00259999999999999,0.3451,0.0001,0.5151,0.0451,0.7151,0.0151
UBC_1418,0.3451,0.00363553390593272,1.0698100000000001,0.011270155108391433,1.49347659,0.29652341,0.5526,0.0179535710713571,0.2701,0.00510000000000001,0.4926,0.00760000000000001,0.7201,0.0151,1.0101,0.00510000000000001
UBC_1419,0.33885,0.00659519052838327,1.050435,0.020445090637988137,1.400660205,0.479339795,0.75385,0.00902678553567857,0.3311,0.1811,0.6051,0.2451,0.8626,0.2676,1.3001,0.3401
UBC_1420,0.4651,0.00363553390593272,1.44181,0.011270155108391433,1.75,,0.7826,0.117173694739682,0.1826,0.00760000000000001,0.4826,0.0126,1.1651,0.3851,1.2001,0.0101
UBC_1423,0.32885,0.00749509972887453,1.0194349999999999,0.023234809159511045,1.0876088,0.2523912,0.52385,0.00554862367942585,0.2401,0.0001,0.4476,0.0026,0.6676,0.0126,0.9601,0.0101
UBC_1424,0.44885,0.0367358772243821,1.3914350000000002,0.11388121939558453,1.852517105,0.097482895,0.20485,0.0175696164811938,0.1176,0.0026,0.2801,0.2201,0.4726,0.3326,0.7201,0.3951
UBC_1425,0.49385,0.00749509972887453,1.5309350000000002,0.023234809159511045,1.792430655,0.117569345,0.77135,0.0130301005409858,0.2201,0.00510000000000001,0.5601,0.0201,0.8876,0.0026,1.3401,0.0151
UBC_1426,0.2751,0.0001,0.8528100000000001,0.00031,1.059914845,0.320085155,0.4351,0.0001,0.1651,0.00510000000000001,0.3226,0.0126,0.4851,0.0101,0.7651,0.0151
UBC_1427,0.3376,0.0135629120178363,1.0465600000000002,0.04204502725529253,1.35048176,0.169518239999999,0.0846,0.00297228132326901,0.2051,0.0751,0.3126,0.1326,0.4446,0.2296,0.6576,0.3926
UBC_1429,0.5801,0.00800569415042095,1.7983099999999999,0.024817651866304948,2.28754418,0.0624558200000001,0.9351,0.124498553046246,0.1301,0.0301,0.5201,0.0251,1.3001,0.3501,1.4276,0.0576
UBC_1430,0.2976,0.0104077640640442,0.9225599999999999,0.032264068598537025,0.63,,0.39135,0.0109253175473055,0.2126,0.0126,0.3551,0.0501,0.5401,0.0951,0.8326,0.1426
UBC_1431,0.2826,0.0247221445044903,0.8760600000000001,0.07663864796391993,2.954267295,0.115732705,0.5751,0.0001,0.3601,0.0151,0.5626,0.00259999999999995,0.7901,0.0301,1.0426,0.0976
UBC_1433,0.08635,0.0348086084422871,0.267685,0.10790668617109002,1.292001505,0.0579984950000001,0.2626,0.0189745860881769,0.3476,0.00759999999999998,0.4051,0.00509999999999998,0.4926,0.0326,0.5601,0.1201
UBC_1434,0.08885,0.00970143218483568,0.275435,0.030074439772990607,2.339066735,0.020933265,0.28385,0.00424578098794423,0.3201,0.00510000000000001,0.3701,0.0151,0.4701,0.0351,0.6126,0.0725999999999998
UBC_1435,0.1001,0.00622372435695795,0.31031,0.019293545506569646,0.52158291,0.03158291,0.17885,0.0022650635094611,0.0376,0.0026,0.0951,0.0001,0.1626,0.0026,0.2626,0.0126
UBC_1436,0.4451,0.00510000000000001,1.37981,0.015810000000000032,1.513291045,0.016708955,0.44385,0.0239156986040721,0.3176,0.0226,0.5701,0.0351,0.7916,0.0716,1.1276,0.1626
UBC_1437,0.24885,0.00970143218483577,0.771435,0.030074439772990885,0.8160046,0.1439954,0.3776,0.0130903810567666,0.1976,0.0026,0.3576,0.0026,0.5176,0.0026,0.7126,0.0376
UBC_1442,0.62885,0.0109253175473055,1.949435,0.03386848439664705,2.298655555,0.041344445,0.94885,0.0022650635094611,0.3126,0.0176,0.7426,0.0026,1.1526,0.0176,1.6876,0.00760000000000006
UBC_1443,0.21635,0.0199037243971936,0.670685,0.061701545631300155,1.357789675,0.147789675,0.44135,0.0195855715851499,0.3626,0.0026,0.5176,0.0126,0.6576,0.0176,0.8851,0.0851
UBC_1445,0.5901,0.0146773797371133,1.82931,0.04549987718505123,2.37918109,0.000818910000000006,0.8576,0.0104077640640442,0.3926,0.0026,0.8151,0.00509999999999995,1.1701,0.0201,1.6976,0.0326
UBC_1446,0.3201,0.0146773797371133,0.99231,0.04549987718505123,0.928210375,0.188210375,0.1501,0.0174205080756886,0.1651,0.1001,0.2601,0.2001,0.3776,0.2576,0.5426,0.3226
UBC_1447,0.8426,0.0135629120178363,2.61206,0.04204502725529253,3.096059285,0.0460592850000001,1.16885,0.00226506350946105,0.4401,0.00510000000000001,1.0526,0.0276000000000001,1.5851,0.0701000000000001,2.2501,0.1151
UBC_1450,0.3126,0.0179535710713571,0.96906,0.05565607032120701,1.16360637,0.11360637,0.4876,0.0226,0.2451,0.0151,0.4676,0.0126,0.7201,0.00510000000000001,0.9776,0.0376
UBC_1451,0.5226,0.187533321477266,1.6200599999999998,0.5813532965795246,3.420454375,0.190454375,1.3176,0.0390711431702998,0.4876,0.0026,0.9351,0.2201,1.4501,0.4551,1.8926,0.557600000000001
UBC_1453,0.1501,0.0107066017177982,0.46531000000000006,0.033190465325174424,2.768587625,0.061412375,0.4181,0.0225053565024081,0.0626,0.0026,0.1951,0.0401,0.2876,0.0176,0.5576,0.1176
UBC_1454,0.2726,0.00569016994374948,0.84506,0.017639526825623388,2.8,,0.61135,0.0530593004107871,0.0276,0.0276,0.1651,0.0250999999999999,0.3776,0.0276,0.6826,0.0926000000000002
UBC_1456,0.73135,0.00749509972887453,2.267185,0.023234809159511045,2.72948305,0.0194830500000001,1.0476,0.016493596310755,0.3976,0.0226,0.8876,0.0576,1.3726,0.0376,1.9401,0.0751000000000001
UBC_1458,0.4276,0.00839156197588851,1.32556,0.02601384212525438,1.499076055,0.160923945,0.67635,0.0268803566070357,0.2676,0.0126,0.5776,0.00760000000000001,0.8476,0.0176,1.2326,0.0426
UBC_146,0.10385,0.0082967981553775,0.321935,0.025720074281670252,2.105377105,0.0746228950000001,0.7526,0.0477313972081441,0.3151,0.0451,0.4901,0.1801,0.7426,0.3626,0.9676,0.4276
UBC_1461,0.02635,0.0192621371459449,0.081685,0.05971262515242919,2.192712695,0.117287305,0.27385,0.0022650635094611,0.1926,0.0026,0.2076,0.0276,0.2826,0.0726000000000001,0.4051,0.1101
UBC_1463,0.27635,0.00749509972887451,0.856685,0.023234809159510983,0.84106453,0.25893547,0.3826,0.0104077640640442,0.2576,0.0026,0.4226,0.0176,0.5951,0.0201,0.8476,0.0326
UBC_1464,0.12885,0.0202168461742888,0.399435,0.06267222314029527,2.292622975,0.0673770249999999,0.4101,0.0201,0.1326,0.0026,0.2501,0.0201,0.3726,0.0376,0.5801,0.1201
UBC_1465,0.42385,0.00902678553567857,1.313935,0.02798303516060357,1.324370005,0.065629995,0.5401,0.0151,0.3051,0.0151,0.5801,0.0451,0.8651,0.0351,1.1451,0.0751
UBC_1467,0.37885,0.022001769334919,1.1744350000000001,0.0682054849382489,1.81118966,0.01881034,0.60635,0.0182572988079175,0.2151,0.00510000000000001,0.4901,0.0101,0.7626,0.0026,1.0501,0.0651
UBC_1468,0.5351,0.00717106781186548,1.6588100000000001,0.022230310216782987,3.604688205,0.225311795,0.82635,0.00902678553567857,0.3476,0.0026,0.7126,0.00760000000000001,1.0726,0.00760000000000006,1.5376,0.00759999999999995
UBC_1469,0.17885,0.0175553000547112,0.554435,0.05442143016960472,2.549389445,0.120610555,0.3776,0.0044301270189222,0.4001,0.0101,0.5126,0.00760000000000001,0.6401,0.0201,0.8556,0.0296
UBC_147,0.4676,0.00839156197588848,1.4495600000000002,0.02601384212525429,1.562941085,0.102941085,0.74135,0.0199037243971936,0.3051,0.0001,0.6426,0.0226,0.9426,0.0476,1.3451,0.0651
UBC_1472,0.48385,0.00749509972887453,1.499935,0.023234809159511045,1.946230735,0.173769265,0.7851,0.0255950975679639,0.2576,0.00760000000000001,0.6151,0.0351,0.9651,0.0651,1.3751,0.0901000000000001
UBC_1473,0.6426,0.00911387818865998,1.99206,0.02825302238484594,2.869085295,0.159085295,0.9626,0.0193028643696715,0.2576,0.00760000000000001,0.7076,0.00760000000000001,1.1676,0.00259999999999995,1.6751,0.0201
UBC_1474,0.1701,0.0118260393995586,0.5273100000000001,0.03666072213863166,0.535191835,0.0951918349999996,0.3076,0.0026,0.1376,0.0026,0.2576,0.0126,0.3901,0.0151,0.5176,0.0526000000000002
UBC_1475,0.09885,0.0022650635094611,0.306435,0.00702169687932941,0.23922875,0.0807712500000001,0.1876,0.0044301270189222,0.1026,0.0026,0.1551,0.00510000000000001,0.2276,0.0126,0.3401,0.0151
UBC_1476,0.3851,0.0232840462387393,1.19381,0.07218054334009183,1.70216405,0.02216405,0.38635,0.0398452827389617,0.2501,0.0251,0.4351,0.0301,0.6476,0.1176,0.9551,0.2251
UBC_1477,0.5826,0.0161078105935821,1.80606,0.04993421284010451,1.98157318,0.01157318,0.9326,0.0161078105935821,0.2226,0.00760000000000001,0.6251,0.00510000000000001,1.1101,0.0200999999999999,1.5676,0.0226000000000001
UBC_1478,0.50135,0.0109253175473055,1.554185,0.03386848439664705,2.5,,0.76885,0.0502715806009737,0.0001,0.0001,0.1926,0.0476,0.5276,0.0776,1.0401,0.1601
UBC_1479,0.3576,0.00911387818865998,1.10856,0.02825302238484594,1.01,,0.55635,0.0065951905283833,0.2426,0.0026,0.4651,0.00509999999999998,0.7026,0.0226,1.0401,0.0201
UBC_148,0.62885,0.00749509972887453,1.949435,0.023234809159511045,2.510840205,0.169159795,0.91385,0.0065951905283833,0.3826,0.0026,0.8026,0.00760000000000001,1.2226,0.0226000000000001,1.7376,0.0326
UBC_1480,0.4001,0.0207155281280883,1.24031,0.06421813719707374,1.84569945,0.0743005499999999,0.6601,0.00510000000000001,0.0501,0.0101,0.2926,0.0126,0.5926,0.0476,1.0426,0.1076
UBC_1482,0.1501,0.0290395922569756,0.46531000000000006,0.09002273599662436,2.049824475,0.429824474999998,0.4401,0.0201,0.3401,0.0101,0.4626,0.0226,0.6026,0.0426,0.7926,0.1476
UBC_1483,0.1126,0.0076,0.34906000000000004,0.02356,,,0.27885,0.0022650635094611,0.0701,0.0051,0.1551,0.0151,0.2476,0.0476,0.3876,0.0525999999999999
UBC_1488,0.0951,0.0349209706929603,0.29481,0.10825500914817694,1.48818049,0.10818049,0.30385,0.0022650635094611,0.3401,0.00509999999999998,0.4126,0.00759999999999998,0.5026,0.0476,0.6051,0.1201
UBC_149,0.38135,0.0065951905283833,1.182185,0.02044509063798823,1.380897195,0.059102805,0.5901,0.0151,0.2701,0.0001,0.5201,0.0001,0.7801,0.0251,1.0901,0.0151
UBC_1490,0.31135,0.00554862367942585,0.9651850000000001,0.017200733406220133,1.26512346,0.07512346,0.54385,0.0065951905283833,0.0701,0.0051,0.2551,0.0101,0.4651,0.0301,0.8101,0.0251
UBC_1491,0.34385,0.00659519052838327,1.065935,0.020445090637988137,1.05,,0.5201,0.0001,0.0451,0.0451,0.2176,0.0426,0.4101,0.0700999999999999,0.8051,0.115100000000001
UBC_1492,0.2701,0.00622372435695795,0.83731,0.019293545506569646,1.67474566,0.16525434,0.45635,0.0205251682979602,0.0001,0.0001,0.1001,0.0250999999999999,0.2926,0.0276,0.5826,0.0675999999999999
UBC_1493,0.2676,0.0262007662722764,0.8295600000000001,0.08122237544405685,1.7,,0.5426,0.0320178633370093,0.0126,0.0126,0.1551,0.0401,0.4401,0.0451,0.6801,0.0351
UBC_1494,0.2651,0.00622372435695795,0.82181,0.019293545506569646,0.717545455,0.0724545450000005,0.4326,0.0130903810567666,0.2351,0.0101,0.4151,0.00510000000000001,0.6001,0.0001,0.8326,0.0276
UBC_1496,0.17135,0.00424578098794424,0.531185,0.013161921062627143,0.8,,0.3051,0.0001,0.1426,0.00759999999999999,0.2476,0.00760000000000001,0.3576,0.0126,0.5276,0.0326
UBC_1497,0.0626,0.0044301270189222,0.19406,0.01373339375865882,1.38,,0.2201,0.0001,0.0576,0.0026,0.0901,0.0101000000000001,0.1676,0.0126,0.3001,0.0201
UBC_150,0.14385,0.00554862367942584,0.445935,0.017200733406220105,0.444970315,0.095029685,0.26135,0.0065951905283833,0.1276,0.0026,0.2251,0.0201,0.3301,0.0251,0.4626,0.0475999999999996
UBC_1501,0.14635,0.0109253175473055,0.45368500000000006,0.03386848439664705,1.70097649,0.0490235100000001,0.33385,0.0164458710382775,0.2951,0.0151,0.3801,0.0201,0.4851,0.0351,0.6851,0.0451
UBC_1504,0.28635,0.00554862367942583,0.8876850000000001,0.017200733406220074,0.733636215,0.073636215,0.4451,0.0260807621135332,0.1826,0.0026,0.3476,0.0126,0.5576,0.0026,0.7951,0.0251
UBC_1505,0.1051,0.00363553390593274,0.32581,0.011270155108391494,0.50197572,0.16802428,0.20385,0.00659519052838328,0.0876,0.0076,0.1576,0.0175999999999999,0.2376,0.0126,0.3501,0.0351
UBC_1506,0.40385,0.00902678553567855,1.251935,0.02798303516060351,1.85,,0.4076,0.00259999999999997,0.3451,0.0351000000000003,0.5401,0.0351,0.7601,0.0850999999999996,1.1001,0.1901
UBC_1508,0.40385,0.00902678553567855,1.251935,0.02798303516060351,1.85,,0.4076,0.00259999999999997,0.3451,0.0351000000000003,0.5401,0.0351,0.7601,0.0850999999999996,1.1001,0.1901
UBC_1509,0.33135,0.0103316909648406,1.027185,0.03202824199100587,1.25,,0.5426,0.00760000000000001,0.2301,0.00509999999999999,0.4501,0.00510000000000001,0.6651,0.0001,0.9651,0.0251
UBC_151,0.2876,0.00569016994374946,0.8915600000000001,0.017639526825623326,1.23284049,0.0371595100000001,0.4601,0.0151,0.2526,0.0026,0.4526,0.00760000000000001,0.6576,0.0276,0.8876,0.0276
UBC_1511,0.1446,0.00297228132326901,0.44826000000000005,0.009214072102133932,2.50584029,0.0258402900000001,0.28385,0.00659519052838327,0.1501,0.00510000000000001,0.2301,0.0151,0.3576,0.00760000000000001,0.4786,0.0166
UBC_1512,0.08635,0.0284670142947756,0.267685,0.08824774431380436,2.09765573,0.0623442700000001,0.3851,0.0177776695296637,0.3276,0.0226,0.4226,0.0626,0.5176,0.1026,0.6551,0.1851
UBC_1513,0.37885,0.0065951905283833,1.1744350000000001,0.02044509063798823,1.618453075,0.078453075,0.62635,0.0065951905283833,0.2501,0.00510000000000001,0.5051,0.00510000000000001,0.7376,0.00760000000000001,1.1201,0.0100999999999999
UBC_1515,0.2101,0.0177776695296637,0.6513100000000001,0.05511077554195747,3.729081425,0.590918574999998,0.57385,0.0109253175473054,0.0901,0.0051,0.2726,0.0376000000000002,0.4976,0.0876,0.7701,0.1201
UBC_1516,0.6801,0.0128475487839819,2.1083100000000004,0.039827401230343895,2.42030626,0.0603062600000002,1.02135,0.0266459507269942,0.3176,0.0126,0.8151,0.0101,1.3051,0.0001,1.8526,0.0276
UBC_1517,0.4451,0.0151,1.37981,0.046810000000000004,1.9,,0.73635,0.0160589316685046,0.2826,0.00759999999999998,0.5801,0.00510000000000001,0.8951,0.0151,1.2726,0.0476
UBC_1518,0.52135,0.0022650635094611,1.616185,0.00702169687932941,1.926460625,0.133539375,0.7801,0.014242135623731,0.3026,0.0176,0.6376,0.0126,0.9776,0.0126,1.4351,0.0301
UBC_1519,0.1126,0.029574565306379,0.34906000000000004,0.0916811524497749,2.539840115,0.00984011500000004,0.4326,0.0228760839478608,0.3426,0.0126,0.4626,0.0626,0.5651,0.0951000000000006,0.7651,0.2201
UBC_152,0.5651,0.0107066017177982,1.75181,0.033190465325174424,1.790973565,0.00097356500000001,0.83135,0.0195855715851499,0.4176,0.0226,0.8001,0.0151,1.2101,0.0450999999999999,1.6176,0.0176
UBC_1520,0.20135,0.0246903944661325,0.624185,0.07654022284501076,2.581557455,0.418442545000001,0.56885,0.0291204669156097,0.4001,0.0001,0.5826,0.0476,0.7376,0.0626,1.0376,0.1876
UBC_1521,0.5216,0.00675206734782504,1.61696,0.020931408778257624,2.112185445,0.067814555,0.7076,0.186295461813655,0.2851,0.0001,0.6426,0.0226,0.7266,0.2616,1.4326,0.00260000000000006
UBC_1524,0.63385,0.0152554445662277,1.964935,0.047291878155305875,1.9182126,0.1482126,0.86385,0.0662792074597453,0.3276,0.0276,0.7701,0.0251,1.1976,0.0576,1.6851,0.0451
UBC_1525,0.42885,0.00554862367942585,1.3294350000000001,0.017200733406220133,1.382821585,0.107178415,0.6726,0.0161078105935821,0.2651,0.00510000000000001,0.5726,0.00760000000000001,0.8451,0.0151,1.2426,0.0176
UBC_1527,0.68885,0.0055486236794258,2.1354349999999998,0.01720073340621998,2.28422678,0.15422678,1.05885,0.0195855715851498,0.4201,0.0001,0.9101,0.00510000000000001,1.3776,0.0276,1.9601,0.0151
UBC_1528,0.26135,0.00970143218483577,0.8101850000000002,0.030074439772990885,0.90000331,0.08999669,0.4401,0.0151,0.1901,0.0001,0.3801,0.0101,0.5926,0.0276,0.7876,0.0376
UBC_1529,1.14635,0.0144069039278245,3.553685,0.04466140217625595,3.894661235,0.044661235,1.6501,0.0345601218802256,0.5726,0.0026,1.4876,0.00259999999999995,2.3426,0.0375999999999999,3.1201,0.0201
UBC_153,0.28135,0.00659519052838327,0.872185,0.020445090637988137,1.141048095,0.028951905,0.4451,0.0107066017177982,0.2351,0.0001,0.4051,0.00509999999999998,0.5951,0.00510000000000001,0.8476,0.0026
UBC_1531,0.24635,0.0211282548015759,0.7636850000000001,0.06549758988488528,3.60544418,0.364555819999998,0.70635,0.0256868618630734,0.2276,0.0376,0.4776,0.0925999999999999,0.6651,0.1851,1.1526,0.2426
UBC_1532,0.73885,0.0065951905283833,2.290435,0.02044509063798823,2.762723565,0.262723565,1.07385,0.0160589316685046,0.4826,0.0026,1.0051,0.00510000000000001,1.5001,0.0101,2.0876,0.0126
UBC_1533,0.5976,0.0161078105935821,1.8525600000000002,0.04993421284010451,,,0.8901,0.0001,0.0726,0.0226,0.4851,0.0101,0.8801,0.0651,1.4626,0.0976000000000001
UBC_1536,0.4526,0.0183002747232013,1.40306,0.05673085164192403,3.794031575,0.115968425,1.4051,0.00876025403784439,0.7226,0.0426,1.2451,0.225099999999999,1.7376,0.4076,2.2926,0.577600000000001
UBC_1537,0.8751,0.00945414346693486,2.71281,0.02930784474749807,3.002738185,0.232738185,1.2701,0.0001,0.4626,0.00759999999999998,1.0976,0.0126000000000001,1.6626,0.0376,2.3976,0.0426
UBC_1539,0.2701,0.00800569415042095,0.83731,0.024817651866304948,0.96912135,0.15087865,0.4476,0.0115564392373896,0.2326,0.00759999999999999,0.4176,0.00760000000000001,0.6051,0.0201,0.8426,0.0576
UBC_154,0.47635,0.00902678553567855,1.476685,0.02798303516060351,1.84611491,0.29388509,0.71135,0.00829679815537751,0.3276,0.0026,0.6351,0.00510000000000001,0.9476,0.0126,1.3551,0.0201
UBC_1541,0.37885,0.00554862367942585,1.1744350000000001,0.017200733406220133,1.666099815,0.333900185000001,0.6051,0.0107066017177982,0.2576,0.0026,0.5126,0.00760000000000001,0.7626,0.0226,1.1126,0.0176
UBC_1545,0.80635,0.0286864915650732,2.499685,0.08892812385172692,3.54206488,0.15793512,1.2301,0.0407201920231798,0.5551,0.0151,1.1551,0.0101,1.7926,0.00760000000000006,2.4101,0.0301
UBC_1547,0.7651,0.0001,2.37181,0.00031,2.71090255,0.11909745,1.0451,0.0668083203206316,0.4026,0.1176,0.9726,0.0576,1.4551,0.0251,2.0551,0.1051
UBC_1548,0.7651,0.0001,2.37181,0.00031,2.71090255,0.11909745,1.0451,0.0668083203206316,0.4026,0.1176,0.9726,0.0576,1.4551,0.0251,2.0551,0.1051
UBC_1549,0.1976,0.0228760839478606,0.61256,0.07091586023836786,,,0.4701,0.00509999999999998,0.1176,0.0026,0.2776,0.0126,0.4351,0.0600999999999999,0.6601,0.1051
UBC_155,0.5501,0.0290395922569755,1.70531,0.09002273599662405,3.82289701,0.03710299,0.84635,0.0195855715851499,0.6001,0.0101,1.0151,0.0001,1.3976,0.0426,1.7851,0.0651000000000001
UBC_1550,0.67885,0.0231149407994024,2.104435,0.07165631647814744,2.91842191,0.318421909999999,1.1026,0.0217506350946109,0.3351,0.00510000000000001,0.8051,0.0151,1.3526,0.0126,1.9626,0.0826
UBC_1551,0.49385,0.0156623744974859,1.5309350000000002,0.04855336094220629,2.23066063,0.16933937,0.80885,0.0338962645864894,0.2726,0.00760000000000001,0.6401,0.0101,0.9466,0.0886,1.4076,0.0276000000000001
UBC_1552,0.0076,0.0076,0.02356,0.02356,1.76044811,0.25955189,0.67885,0.0022650635094611,0.2676,0.0326000000000004,0.4276,0.1626,0.5701,0.2851,0.8076,0.4626
UBC_1553,0.2251,0.00622372435695794,0.69781,0.019293545506569615,0.99801947,0.21198053,0.38635,0.0109253175473055,0.1876,0.0026,0.3351,0.00510000000000001,0.5126,0.00760000000000001,0.6976,0.0126
UBC_1555,0.38635,0.00424578098794425,1.197685,0.013161921062627176,1.615088135,0.384911865,0.64385,0.0130301005409858,0.2601,0.00510000000000001,0.5251,0.00510000000000001,0.7901,0.0401,1.1351,0.0350999999999999
UBC_1556,0.1001,0.0101,0.31031,0.03131,2.675296795,0.025296795,0.9701,0.0146773797371133,0.1726,0.0726000000000001,0.4401,0.2801,0.7026,0.4626,1.0201,0.6351
UBC_1557,0.07885,0.0390510911272072,0.244435,0.12105838249434232,3.09343745,0.19656255,0.35135,0.0022650635094611,0.0001,0.0001,0.0326,0.0276,0.0976,0.0926,0.2101,0.2001
UBC_1558,0.49135,0.0254414186658916,1.523185,0.07886839786426396,3.506808845,0.0531911549999999,0.8551,0.0248487373415292,0.1201,0.0001,0.4851,0.0001,0.8276,0.0226,1.3176,0.0226000000000001
UBC_1559,0.59135,0.036564880364537,1.8331850000000003,0.1133511291300647,2.088025885,0.0480258849999999,0.9956,0.00096602540378444,0.3051,0.0801,0.7751,0.0151,1.1801,0.0201,1.6301,0.1001
UBC_156,0.5101,0.0107066017177982,1.58131,0.033190465325174424,1.796298125,0.0937018749999999,0.7001,0.0146773797371133,0.3276,0.0026,0.6501,0.0251,0.9726,0.0226,1.3576,0.0426
UBC_1562,0.76135,0.00902678553567857,2.360185,0.02798303516060357,2.9,,1.1576,0.0327917420765551,0.5601,0.00509999999999995,1.1551,0.0350999999999999,1.6551,0.0751,2.2701,0.0851
UBC_1563,0.8026,0.016493596310755,2.48806,0.051130148563340506,3.037319125,0.037319125,1.17885,0.0125373429638328,0.5651,0.00509999999999995,1.1201,0.0200999999999999,1.6976,0.0226,2.2726,0.00259999999999995
UBC_1566,0.7726,0.0327917420765551,2.39506,0.10165440043732081,2.820602215,0.259397785,1.18385,0.0160589316685047,0.5026,0.0126,1.1101,0.00510000000000001,1.6476,0.0126,2.2001,0.1001
UBC_1568,0.3601,0.011280339887499,1.11631,0.034969053651246904,1.46,,0.5251,0.0118260393995586,0.2601,0.0001,0.4851,0.00510000000000001,0.7226,0.0126,1.0251,0.0251
UBC_1569,0.36635,0.0135047566184545,1.135685,0.04186474551720895,1.651544475,0.148455525,0.5726,0.0130903810567665,0.2676,0.0026,0.5151,0.0001,0.7301,0.00510000000000001,1.0551,0.0401
UBC_157,0.19635,0.0022650635094611,0.608685,0.00702169687932941,0.66370035,0.06629965,0.31135,0.0144069039278245,0.1476,0.0026,0.2876,0.0126,0.3976,0.0026,0.5901,0.0201
UBC_1570,0.53385,0.0109253175473055,1.6549350000000003,0.03386848439664705,1.82871173,0.01128827,0.8326,0.0044301270189222,0.3226,0.0026,0.6851,0.00509999999999995,1.0451,0.0151,1.5301,0.00510000000000001
UBC_1575,0.4651,0.00622372435695793,1.44181,0.019293545506569584,1.421383835,0.161383835000002,0.72635,0.0152554445662277,0.2676,0.0026,0.5876,0.00760000000000001,0.8726,0.0026,1.3276,0.00260000000000006
UBC_1577,0.3251,0.00800569415042095,1.00781,0.024817651866304948,0.88626392,0.26373608,0.51885,0.0160589316685046,0.2201,0.0001,0.4426,0.00760000000000001,0.6626,0.0176,0.9401,0.0301
UBC_1578,0.5601,0.0184711730708738,1.7363100000000002,0.05726063651970878,1.67752996,0.01247004,0.78385,0.00424578098794425,0.3576,0.0026,0.7276,0.00760000000000001,1.0776,0.0326000000000001,1.5551,0.0501000000000001
UBC_1579,0.35385,0.0202168461742889,1.096935,0.0626722231402956,0.98,,0.50885,0.0109253175473055,0.3151,0.00510000000000001,0.5476,0.0026,0.7551,0.00510000000000001,1.0976,0.0326
UBC_1582,0.4751,0.00363553390593274,1.4728100000000002,0.011270155108391494,1.814667825,0.00533217500000005,0.74135,0.00554862367942585,0.2351,0.0101,0.5351,0.0151,0.8426,0.0126,1.2776,0.0176
UBC_1586,0.31385,0.00554862367942585,0.9729350000000001,0.017200733406220133,0.71153537,0.0715353700000001,0.4801,0.0118260393995586,0.1976,0.00759999999999999,0.4151,0.00510000000000001,0.6301,0.0101,0.8926,0.00760000000000001
UBC_1587,0.3701,0.00622372435695795,1.14731,0.019293545506569646,1.154085405,0.014085405,0.59385,0.0109253175473055,0.2351,0.0001,0.4851,0.0001,0.7151,0.0001,1.0926,0.00259999999999995
UBC_1588,0.50385,0.00749509972887453,1.561935,0.023234809159511045,1.487590245,0.447590245,0.7901,0.0001,0.0176,0.0126,0.3276,0.0226,0.6601,0.0201,1.1451,0.00510000000000001
UBC_1590,0.25385,0.0342641259217913,0.786935,0.10621879035755304,1.18690359,0.0169035900000001,0.3101,0.00717106781186548,0.2326,0.00759999999999999,0.3576,0.0126,0.4876,0.0176,0.7851,0.1301
UBC_1591,0.50385,0.0114880419739304,1.561935,0.03561293011918425,1.68986792,0.01013208,0.3876,0.0161078105935821,0.3526,0.0226,0.5876,0.0975999999999997,0.8401,0.1901,1.2126,0.2876
UBC_1594,0.2276,0.0208665596572952,0.70556,0.06468633493761512,2.9,,0.45135,0.0022650635094611,0.0826,0.0076,0.2451,0.00510000000000001,0.4201,0.0251,0.6551,0.0451
UBC_1597,0.70885,0.00749509972887453,2.197435,0.023234809159511045,3.203609165,0.0836091649999999,1.09385,0.0396877190552828,0.1301,0.0101,0.6551,0.00510000000000001,1.1701,0.0551000000000001,1.7176,0.0226
UBC_1598,0.0501,0.0001,0.15531,0.00031,0.32310285,0.21689715,0.0901,0.00717106781186548,0.0001,0.0001,0.0201,0.0101,0.0476,0.00759999999999999,0.1176,0.0026
UBC_1603,0.72135,0.00902678553567857,2.2361850000000003,0.02798303516060357,2.37294119,0.01294119,1.0601,0.0151,0.3701,0.0001,0.8851,0.0151,1.3526,0.00760000000000006,1.9376,0.0226
UBC_1607,0.61135,0.00902678553567857,1.895185,0.02798303516060357,1.889288755,0.110711245,0.8676,0.00839156197588851,0.2801,0.0350999999999999,0.6626,0.0675999999999999,1.0276,0.0426,1.5976,0.1376
UBC_1608,0.2401,0.00622372435695795,0.74431,0.019293545506569646,0.69732397,0.24267603,0.36885,0.0022650635094611,0.1401,0.0001,0.2951,0.0001,0.4626,0.00759999999999998,0.6551,0.0101
UBC_1609,0.5301,0.00717106781186548,1.64331,0.022230310216782987,1.8,,0.7926,0.0130903810567666,0.3101,0.0001,0.6626,0.0026,0.9976,0.0126,1.4651,0.00510000000000001
UBC_1610,0.1976,0.0115564392373896,0.61256,0.03582496163590776,0.31939129,0.03060871,0.3251,0.0001,0.1726,0.00259999999999999,0.2901,0.0001,0.4301,0.0151,0.5976,0.0226
UBC_1611,0.0001,0.0001,0.00031,0.00031,1.95,,0.0251,0.0001,0.3026,0.0126,0.2426,0.0276000000000001,0.2626,0.0325999999999999,0.2926,0.0476000000000003
UBC_1612,0.2926,0.00569016994374948,0.9070600000000001,0.017639526825623388,1.06111122,0.0188887800000001,0.48385,0.0065951905283833,0.1951,0.0001,0.3726,0.0026,0.5676,0.00759999999999995,0.8626,0.00760000000000001
UBC_1613,0.41135,0.00424578098794423,1.275185,0.013161921062627114,1.11278012,0.37721988,0.6401,0.0001,0.2726,0.0026,0.5126,0.00760000000000001,0.7576,0.0176,1.1626,0.0176
UBC_1616,0.4026,0.0594190525885237,1.2480600000000002,0.1841990630244235,1.6,,0.6551,0.075928754440515,0.1701,0.0001,0.5326,0.00760000000000001,0.8676,0.0126,1.0776,0.137599999999999
UBC_1617,0.26635,0.00749509972887453,0.825685,0.023234809159511045,0.60232984,0.03232984,0.4556,0.00096602540378444,0.1876,0.0026,0.3451,0.0001,0.5236,0.0116,0.8076,0.00759999999999995
UBC_1619,0.13135,0.00902678553567856,0.407185,0.027983035160603534,0.345807895,0.0458078950000002,0.21135,0.00829679815537751,0.0851,0.0001,0.1551,0.00510000000000001,0.2801,0.0101,0.3676,0.0126
UBC_162,0.0001,0.0001,0.00031,0.00031,1.89320228,0.11679772,0.80185,0.00913811374126257,0.2331,0.1131,0.3626,0.2826,0.5526,0.4276,0.8151,0.6251
UBC_1620,0.82385,0.0182572988079174,2.553935,0.056597626304543944,2.915078385,0.195078385,1.1976,0.0193028643696715,0.3326,0.0126,0.9451,0.0351,1.5226,0.0326,2.1601,0.0651
UBC_1622,0.2151,0.00622372435695795,0.66681,0.019293545506569646,0.497660045,0.202339955,0.25135,0.0022650635094611,0.1651,0.0001,0.2676,0.0276000000000005,0.3951,0.0500999999999998,0.5576,0.0675999999999999
UBC_1627,0.5376,0.026909513236909,1.66656,0.0834194910344179,2.03936206,0.12063794,0.85385,0.0715470958122162,0.4001,0.0101,0.7851,0.0151,1.1526,0.0126000000000001,1.6401,0.0551000000000001
UBC_163,0.1476,0.0144614066163451,0.45756,0.04483036051066981,1.72354598,0.11645402,0.7751,0.0218944947177034,0.3351,0.0151,0.5576,0.1776,0.7776,0.3026,1.0701,0.4451
UBC_166,0.42635,0.00829679815537751,1.321685,0.025720074281670283,1.480469855,0.029530145,0.6751,0.00876025403784435,0.3076,0.0126,0.5801,0.0151,0.8701,0.0201,1.2301,0.0350999999999999
UBC_169,0.12385,0.00659519052838329,0.383935,0.0204450906379882,0.34830929,0.07169071,0.2076,0.00443012701892219,0.0876,0.0126,0.1726,0.00259999999999999,0.2526,0.0026,0.3626,0.0226
UBC_17_A,0.00635,0.00424578098794425,0.019685,0.013161921062627176,0.45816828,0.22183172,0.08385,0.0195855715851499,0.0001,0.0001,0.0026,0.0026,0.0551,0.0551,0.0101,0.0101
UBC_17_B,0.1076,0.021750635094611,0.33356,0.0674269687932941,0.28,,0.18135,0.0647505027049287,0.0351,0.0201,0.1351,0.0001,0.2426,0.0226,0.2826,0.0726000000000001
UBC_172,0.26635,0.00554862367942585,0.825685,0.017200733406220133,1.02320351,0.19679649,0.4301,0.0001,0.2176,0.0026,0.3851,0.00510000000000001,0.5576,0.0026,0.8076,0.0126
UBC_173,0.50385,0.0130301005409858,1.561935,0.04039331167705598,1.840969555,0.040969555,0.7526,0.0144614066163451,0.1326,0.0126,0.4726,0.0176,0.8251,0.0451,1.2451,0.0351
UBC_174,0.47635,0.0109253175473055,1.476685,0.03386848439664705,1.675529645,0.044470355,0.7351,0.0087602540378444,0.2051,0.0151,0.5176,0.00760000000000001,0.8476,0.0126,1.2626,0.0226
UBC_176,0.5651,0.0128475487839819,1.75181,0.039827401230343895,2.220312655,0.0296873449999999,0.85635,0.0065951905283833,0.0926,0.0026,0.4651,0.00509999999999998,0.8451,0.0351,1.3801,0.0600999999999999
UBC_177,0.6251,0.0107066017177982,1.93781,0.033190465325174424,2.65,,0.9326,0.0427468052730799,0.3951,0.00510000000000001,0.8401,0.00510000000000001,1.3101,0.0501000000000001,1.7576,0.00260000000000006
UBC_178,0.69885,0.0065951905283833,2.166435,0.02044509063798823,2.001082205,0.0489177949999999,1.0901,0.0438321392113398,0.5101,0.00510000000000001,1.0826,0.0676,1.5501,0.1001,2.1301,0.1301
UBC_179,0.5476,0.0130903810567666,1.69756,0.040580181275976464,1.87641597,0.00358402999999996,0.85135,0.0301780235387899,0.3626,0.0026,0.7626,0.0126,1.1551,0.0450999999999999,1.5801,0.0451
UBC_180,0.18135,0.00749509972887452,0.562185,0.02323480915951101,2.375055425,0.0150554250000001,0.4476,0.0179535710713571,0.4126,0.0226,0.5601,0.0700999999999997,0.7176,0.0626,0.9476,0.127599999999999
UBC_182,0.1476,0.00443012701892219,0.45756,0.01373339375865879,0.44421578,0.01578422,0.24135,0.00659519052838328,0.1101,0.0001,0.2026,0.00259999999999999,0.3026,0.0026,0.4501,0.00510000000000001
UBC_184,0.40135,0.0175553000547112,1.244185,0.05442143016960472,1.39336717,0.04663283,0.4801,0.0151,0.3476,0.0126,0.5926,0.0176,0.8176,0.0376,1.1576,0.1026
UBC_190,0.75385,0.0144069039278245,2.336935,0.04466140217625595,2.878985815,0.148985815,1.1401,0.0248487373415292,0.0876,0.0026,0.6551,0.00510000000000001,1.1901,0.0151,1.7726,0.0276
UBC_192,0.5101,0.0137930639376292,1.58131,0.04275849820665052,1.73,,0.76385,0.0266459507269942,0.3176,0.0026,0.6876,0.00759999999999995,1.0401,0.0201,1.4226,0.0376
UBC_194,0.1926,0.00839156197588851,0.59706,0.02601384212525438,0.58504314,0.16495686,0.30385,0.0022650635094611,0.1651,0.0001,0.2951,0.0001,0.4176,0.00760000000000001,0.5751,0.0301
UBC_198,0.4351,0.0146773797371133,1.34881,0.04549987718505123,1.28359595,0.09640405,0.67385,0.0199037243971935,0.2876,0.00759999999999998,0.5701,0.0151,0.8926,0.0176,1.2201,0.0350999999999999
UBC_199,0.3426,0.0262007662722764,1.06206,0.08122237544405685,1.20508811,0.205088109999999,0.5051,0.0001,0.2926,0.0026,0.5351,0.0101,0.7326,0.0176,1.0176,0.0126000000000001
UBC_206,0.34135,0.00970143218483574,1.058185,0.030074439772990794,0.899778095,0.220221905,0.5376,0.0196256241897667,0.2626,0.00760000000000001,0.5001,0.00510000000000001,0.7226,0.0026,1.0126,0.0176
UBC_210,0.31135,0.0171934929139717,0.9651850000000001,0.05329982803331228,1.74140886,0.04140886,0.5276,0.0161078105935821,0.4201,0.0001,0.6576,0.0276,0.8476,0.0276,1.1376,0.0776
UBC_215,0.29385,0.0130301005409857,0.910935,0.04039331167705567,0.774570955,0.0354290450000001,0.4176,0.0130903810567666,0.2351,0.0001,0.4051,0.0151,0.5976,0.0276,0.8176,0.0226
UBC_216,0.2376,0.0115564392373896,0.73656,0.03582496163590776,0.72069439,0.01069439,0.38385,0.0171934929139717,0.1951,0.0001,0.3626,0.0126,0.5376,0.00760000000000001,0.7226,0.0426
UBC_217,0.2051,0.00363553390593273,0.63581,0.011270155108391463,0.503816545,0.326183455,0.3001,0.0001,0.1476,0.00759999999999999,0.2626,0.00760000000000001,0.3926,0.0126,0.5801,0.0251
UBC_220,0.41385,0.0120242400177118,1.282935,0.03727514405490658,1.747527385,0.112472615,0.66135,0.0195855715851498,0.1926,0.0026,0.4551,0.00510000000000001,0.7451,0.00510000000000001,1.1426,0.0226
UBC_221,0.34385,0.0103316909648405,1.065935,0.032028241991005554,1.04116606,0.25883394,0.4876,0.0477313972081441,0.2576,0.0026,0.4726,0.0026,0.6526,0.0326,1.0101,0.0201
UBC_222,0.3126,0.00569016994374948,0.96906,0.017639526825623388,0.97188555,0.12811445,0.4876,0.0135629120178363,0.2051,0.0001,0.4126,0.0126,0.6126,0.0176,0.9026,0.0176
UBC_225,0.16635,0.0082967981553775,0.5156850000000001,0.025720074281670252,0.320055135,0.159944865,0.2151,0.0087602540378444,0.1076,0.0026,0.1926,0.00760000000000001,0.2926,0.0276,0.4651,0.0401
UBC_229,0.21135,0.0065951905283833,0.655185,0.02044509063798823,0.73989431,0.15010569,0.31635,0.0109253175473055,0.1701,0.0001,0.2901,0.0101,0.4376,0.0026,0.6001,0.0101
UBC_230,0.2501,0.00363553390593274,0.7753099999999999,0.011270155108391494,0.811788235,0.168211765,0.3926,0.0044301270189222,0.1826,0.0026,0.3351,0.0001,0.5026,0.0026,0.7276,0.0026
UBC_231,0.3476,0.00569016994374946,1.07756,0.017639526825623326,0.952653515,0.017346485,0.5676,0.0259602010819715,0.2126,0.0026,0.4476,0.00760000000000001,0.6926,0.0376,1.0151,0.0451
UBC_232,0.1251,0.00945414346693486,0.38781,0.02930784474749807,0.34676295,0.15323705,0.18885,0.0022650635094611,0.1051,0.0001,0.1701,0.00509999999999999,0.2601,0.0201,0.3526,0.0026
UBC_233,0.17635,0.0022650635094611,0.5466850000000001,0.00702169687932941,0.472046765,0.027953235,0.2901,0.0001,0.1651,0.0001,0.2626,0.0026,0.3851,0.00510000000000001,0.5601,0.00509999999999995
UBC_235,0.24385,0.0130301005409858,0.755935,0.04039331167705598,0.992781565,0.037218435,0.4201,0.0184711730708738,0.1976,0.00759999999999999,0.3651,0.00510000000000001,0.5976,0.0126,0.7776,0.0126
UBC_237,0.2726,0.0135629120178363,0.84506,0.04204502725529253,0.803280715,0.016719285,0.4401,0.0087602540378444,0.2226,0.0026,0.3976,0.0026,0.5926,0.00760000000000001,0.8051,0.0251
UBC_239,0.11635,0.00226506350946109,0.360685,0.007021696879329379,0.25584393,0.12415607,0.2026,0.00443012701892219,0.1026,0.0026,0.1651,0.0001,0.2551,0.0001,0.3651,0.00510000000000001
UBC_240,0.35635,0.0114880419739304,1.1046850000000001,0.03561293011918425,1.3495237,0.2304763,0.56385,0.00902678553567853,0.2576,0.0026,0.4901,0.00510000000000001,0.7326,0.00760000000000001,1.0451,0.0151
UBC_241,0.15385,0.0065951905283833,0.476935,0.02044509063798823,0.477213425,0.262786575,0.27885,0.0022650635094611,0.1401,0.0001,0.2301,0.00509999999999999,0.3376,0.0026,0.4901,0.0151
UBC_245,0.4551,0.00717106781186548,1.4108100000000001,0.022230310216782987,1.543607845,0.106392155,0.6976,0.0161078105935821,0.3126,0.0026,0.6126,0.0026,0.9251,0.0251,1.3026,0.00760000000000006
UBC_247,0.27135,0.00424578098794425,0.841185,0.013161921062627176,0.965857615,0.045857615,0.4501,0.0087602540378444,0.2201,0.0001,0.4101,0.0001,0.5901,0.00510000000000001,0.8551,0.0101
UBC_248,0.4276,0.00839156197588851,1.32556,0.02601384212525438,1.499076055,0.160923945,0.67635,0.0268803566070357,0.2676,0.0126,0.5776,0.00760000000000001,0.8476,0.0176,1.2326,0.0426
UBC_249,0.2501,0.00363553390593274,0.7753099999999999,0.011270155108391494,1.25002627,0.0899737300000001,0.40135,0.0125373429638327,0.2126,0.0026,0.3626,0.00760000000000001,0.5501,0.0101,0.7776,0.0026
UBC_251,0.4026,0.00839156197588849,1.2480600000000002,0.02601384212525432,1.45262019,0.13737981,0.65135,0.02142340263654,0.2476,0.0026,0.5426,0.0226,0.8201,0.0201,1.1676,0.0576
UBC_252,0.2076,0.0161078105935821,0.64356,0.04993421284010451,1.28954628,0.02045372,0.39635,0.0195855715851499,0.3276,0.00760000000000001,0.4676,0.00259999999999997,0.6201,0.0201,0.8126,0.0426
UBC_253,0.2326,0.00569016994374947,0.72106,0.017639526825623357,0.575435775,0.0845642250000002,0.3601,0.0087602540378444,0.1726,0.00759999999999999,0.3176,0.0026,0.4701,0.00509999999999998,0.6901,0.00509999999999995
UBC_254,0.2226,0.0026,0.69006,0.00806,0.783880615,0.076119385,0.36635,0.0125373429638328,0.1551,0.0001,0.3101,0.00510000000000001,0.4776,0.0276,0.6626,0.0226
UBC_258,0.2226,0.00760000000000001,0.69006,0.023560000000000032,0.90412276,0.19587724,0.38385,0.0164458710382775,0.1326,0.0026,0.2876,0.0026,0.4576,0.0176,0.6726,0.0026
UBC_259,0.1851,0.00363553390593274,0.5738099999999999,0.011270155108391494,0.627864335,0.282135665,0.30885,0.0125373429638328,0.1451,0.00509999999999999,0.2601,0.0001,0.3951,0.0101,0.5701,0.0001
UBC_26,0.3001,0.00622372435695795,0.93031,0.019293545506569646,1.055662625,0.184337375,0.47135,0.00659519052838327,0.2376,0.0026,0.4551,0.0201,0.6451,0.0201,0.9051,0.0451
UBC_261,0.2701,0.0101,0.83731,0.03131,1.375193735,0.164806265000001,0.4851,0.0001,0.0451,0.0051,0.1976,0.0026,0.4026,0.0276,0.7251,0.0401
UBC_262,0.2676,0.00839156197588851,0.8295600000000001,0.02601384212525438,0.900692565,0.159307435,0.4826,0.0247221445044903,0.1451,0.0001,0.3076,0.00760000000000001,0.5626,0.0426,0.8026,0.0176
UBC_264,0.34885,0.00424578098794425,1.081435,0.013161921062627176,1.04906996,0.0509300400000001,0.4751,0.0867025403784439,0.2326,0.00259999999999999,0.4376,0.0126,0.5751,0.1151,1.0001,0.0501000000000001
UBC_268,0.44385,0.0241767003553228,1.3759350000000001,0.0749477711015007,1.7866543,0.0266543,0.78635,0.104585345862471,0.3401,0.0001,0.6601,0.0151,1.0611,0.1791,1.3751,0.0401
UBC_27,0.58885,0.0211282548015759,1.825435,0.06549758988488528,1.80392299,0.0860770099999999,0.8976,0.0284945417290014,0.3826,0.0026,0.8201,0.0101,1.2501,0.0250999999999999,1.6626,0.0676
UBC_270,0.3051,0.00622372435695795,0.9458099999999999,0.019293545506569646,1.01133618,0.0886638200000001,0.48885,0.0065951905283833,0.1926,0.0026,0.3801,0.00510000000000001,0.5876,0.0026,0.8576,0.0126
UBC_272,0.3501,0.00800569415042094,1.08531,0.024817651866304916,1.141214505,0.0187854949999999,0.57885,0.0109253175473054,0.2251,0.0001,0.4651,0.00509999999999998,0.6951,0.00510000000000001,1.0201,0.0351
UBC_273,0.3401,0.0001,1.05431,0.00031,0.98,,0.54385,0.0168238602003246,0.2801,0.00509999999999998,0.4976,0.0176,0.7026,0.00760000000000001,1.0451,0.0251
UBC_275,0.39385,0.0065951905283833,1.2209349999999999,0.02044509063798823,1.405099555,0.124900445,0.66385,0.0022650635094611,0.2126,0.0026,0.4701,0.0101,0.7301,0.00510000000000001,1.1551,0.0101
UBC_276,0.41885,0.00829679815537749,1.298435,0.025720074281670217,1.435582745,0.085582745,0.65885,0.00970143218483577,0.2826,0.00759999999999998,0.5376,0.00760000000000001,0.8551,0.0401,1.2301,0.0450999999999999
UBC_277,0.27885,0.00749509972887451,0.864435,0.023234809159510983,1.011589995,0.098410005,0.45635,0.0130301005409857,0.1901,0.00510000000000001,0.3751,0.00510000000000001,0.5701,0.00510000000000001,0.8226,0.0226
UBC_279,0.23885,0.0022650635094611,0.7404350000000001,0.00702169687932941,0.793197965,0.026802035,0.4076,0.0144614066163451,0.1676,0.0026,0.3226,0.0026,0.5051,0.0251,0.7226,0.00760000000000001
UBC_280,0.19885,0.00424578098794424,0.6164350000000001,0.013161921062627143,0.57158673,0.10841327,0.3326,0.0104077640640441,0.1526,0.0026,0.2751,0.0001,0.4226,0.00760000000000001,0.5951,0.00510000000000001
UBC_281,0.2451,0.00622372435695795,0.7598100000000001,0.019293545506569646,0.86018874,0.01018874,0.4126,0.00759999999999998,0.1901,0.00510000000000001,0.3426,0.00259999999999997,0.5076,0.00760000000000001,0.7576,0.0026
UBC_282,0.3501,0.00800569415042094,1.08531,0.024817651866304916,1.229549545,0.069549545,0.6151,0.0118260393995586,0.2476,0.00760000000000001,0.4951,0.0201,0.7376,0.0326,1.0676,0.0676
UBC_283,0.1676,0.0044301270189222,0.51956,0.01373339375865882,0.444062135,0.0659378649999997,0.2826,0.00443012701892217,0.1251,0.0001,0.2301,0.00509999999999999,0.3476,0.00759999999999998,0.4926,0.0226
UBC_285,0.1751,0.00363553390593273,0.54281,0.011270155108391463,0.543099525,0.026900475,0.30385,0.00902678553567857,0.1151,0.0001,0.2326,0.00759999999999999,0.3576,0.00760000000000001,0.5326,0.0126
UBC_286,0.0001,0.0001,0.00031,0.00031,1.99784997,0.0578499699999999,0.8951,0.0001,0.2251,0.1101,0.3926,0.3276,0.6201,0.4701,0.9276,0.6876
UBC_287,0.4851,0.00510000000000001,1.5038099999999999,0.015810000000000032,2.048529385,0.0714706150000001,0.76885,0.0542265877365274,0.2201,0.0251,0.5801,0.0151,0.9076,0.00760000000000001,1.3801,0.0151
UBC_289,0.6676,0.0115564392373896,2.06956,0.03582496163590776,2.44590517,0.09409483,0.9526,0.0355436171968945,0.3026,0.0026,0.7476,0.0376,1.1976,0.0576,1.7476,0.1176
UBC_290,0.21385,0.00424578098794425,0.662935,0.013161921062627176,0.730501615,0.069498385,0.36635,0.0109253175473055,0.1676,0.0026,0.3001,0.00510000000000001,0.4601,0.0201,0.6476,0.0176
UBC_292,0.37135,0.00554862367942585,1.1511850000000001,0.017200733406220133,1.36267563,0.00267562999999993,0.66135,0.0362204581919997,0.2251,0.0001,0.5051,0.0451,0.7776,0.0676,1.1501,0.1051
UBC_293,0.52385,0.00749509972887453,1.6239350000000001,0.023234809159511045,1.92939724,0.14939724,0.84885,0.0195855715851499,0.2726,0.0026,0.6576,0.0226,0.9951,0.0151,1.4951,0.0451
UBC_294,0.28135,0.0168238602003246,0.872185,0.05215396662100626,0.940084655,0.159915345,0.3626,0.0044301270189222,0.1926,0.0026,0.3576,0.0126,0.5226,0.0276,0.7876,0.0776
UBC_295,0.2676,0.00569016994374948,0.8295600000000001,0.017639526825623388,0.988035485,0.041964515,0.3426,0.0161078105935821,0.2101,0.00510000000000001,0.3601,0.0201,0.5101,0.0650999999999998,0.7501,0.0601000000000001
UBC_296,0.41885,0.0109253175473055,1.298435,0.03386848439664705,1.235611695,0.195611695,0.66135,0.0195855715851498,0.2676,0.0026,0.5451,0.0001,0.8551,0.0251,1.1901,0.00510000000000001
UBC_297,0.44635,0.00749509972887453,1.383685,0.023234809159511045,2.42,,0.7001,0.00717106781186548,0.4076,0.00259999999999997,0.7101,0.0001,1.0126,0.0126,1.4276,0.0176000000000001
UBC_298,0.5101,0.00717106781186548,1.58131,0.022230310216782987,1.87202712,0.08202712,0.79135,0.0171934929139716,0.3126,0.0026,0.6526,0.0026,1.0151,0.0151,1.4451,0.0101
UBC_299,0.18385,0.0148372826531895,0.5699350000000001,0.04599557622488745,2.615286555,0.064713445,0.4226,0.0044301270189222,0.4576,0.00760000000000001,0.5751,0.0201,0.7501,0.0401,0.9301,0.0851
UBC_300,0.47435,0.0256575331360443,1.470485,0.07953835272173733,2.094807655,0.0348076550000001,0.4701,0.00363553390593272,0.3776,0.0176,0.6136,0.0786000000000002,0.8551,0.1151,1.2576,0.2526
UBC_301,0.40135,0.0130301005409857,1.244185,0.04039331167705567,1.64435563,0.36564437,0.6351,0.0151,0.2801,0.0001,0.5551,0.00510000000000001,0.8351,0.0101,1.1526,0.0376
UBC_302,0.2926,0.00569016994374948,0.9070600000000001,0.017639526825623388,0.892846425,0.087153575,0.46135,0.0144069039278245,0.2301,0.0001,0.4226,0.0026,0.6126,0.00760000000000001,0.8776,0.0026
UBC_303,0.3701,0.0807225774829855,1.14731,0.25023999019725507,1.51477614,0.04522386,0.51635,0.0022650635094611,0.3801,0.0251,0.6151,0.0101,0.8226,0.0276,1.2601,0.1201
UBC_31,0.2401,0.0112803398874989,0.74431,0.03496905365124659,0.973229085,0.286770915,0.3751,0.0001,0.1701,0.00509999999999999,0.3326,0.0026,0.4826,0.0176,0.6976,0.00760000000000001
UBC_315,0.7226,0.0126,2.24006,0.039060000000000004,2.85930723,0.27069277,1.0826,0.0226,0.5176,0.0026,1.0351,0.0001,1.5501,0.0101,2.1226,0.0126
UBC_316,0.7501,0.0107066017177982,2.32531,0.033190465325174424,2.70663239,0.0466323899999999,1.1426,0.0130903810567666,0.5176,0.0026,1.0426,0.00760000000000006,1.5726,0.00760000000000006,2.2226,0.0526
UBC_317,0.32385,0.0139631706330118,1.003935,0.04328582896233658,3.54761505,0.20238495,0.62635,0.0152554445662277,0.4076,0.0126,0.6551,0.0251,0.8951,0.0251,1.2401,0.0751
UBC_319,0.4551,0.00945414346693484,1.4108100000000001,0.029307844747498004,1.86363807,0.256361930000001,0.73635,0.0130301005409858,0.3126,0.0026,0.6301,0.0151,0.9451,0.0151,1.3501,0.0351
UBC_320,0.1651,0.0290395922569755,0.51181,0.09002273599662405,3.2,,0.53385,0.0313999600638723,0.3001,0.0151,0.4851,0.0800999999999999,0.6151,0.1001,0.8901,0.2451
UBC_322,0.39285,0.0133358414919491,1.217835,0.041341108625042214,3.788167405,0.181832595,1.31135,0.0164458710382776,0.5216,0.0736000000000004,1.0276,0.2476,1.4651,0.415100000000001,1.9951,0.5951
UBC_324,0.34885,0.0208289049397212,1.081435,0.06456960531313571,2.86,,0.57885,0.0022650635094611,0.4401,0.00510000000000001,0.6976,0.0026,0.9276,0.0326,1.2526,0.0226
UBC_326,0.47385,0.0435992816032633,1.468935,0.13515777297011622,3.54294367,0.10705633,1.3401,0.0207155281280883,0.6426,0.0026,1.1526,0.152600000000001,1.6401,0.3451,2.1151,0.535099999999999
UBC_33,0.5426,0.00911387818865998,1.6820599999999999,0.02825302238484594,1.708373885,0.061626115,0.82885,0.0311996382615618,0.3476,0.0026,0.7551,0.0251,1.1076,0.0276,1.5626,0.0576000000000001
UBC_334,0.56135,0.0241767003553228,1.740185,0.0749477711015007,4.171622015,0.0283779850000001,0.95635,0.0268803566070357,0.5676,0.0126,1.0151,0.0301,1.4051,0.0450999999999999,1.9176,0.0875999999999999
UBC_336,0.3026,0.0183002747232013,0.93806,0.05673085164192403,3.75679805,0.533201949999999,0.54135,0.0125373429638328,0.3876,0.00760000000000001,0.6051,0.00510000000000001,0.8001,0.0001,1.1101,0.0551000000000001
UBC_337,0.3751,0.0438321392113399,1.16281,0.1358796315551537,3.612234935,0.227765065,1.31135,0.0182572988079174,0.5776,0.0326,1.0376,0.142599999999999,1.4551,0.325099999999999,1.9676,0.5326
UBC_338,0.30385,0.0374120288914985,0.9419350000000001,0.11597728956364535,3.12889034,0.11889034,0.8201,0.0451,0.1851,0.00510000000000001,0.5001,0.0750999999999999,0.7451,0.1251,1.1601,0.2801
UBC_339,0.7776,0.0202556443707464,2.41056,0.06279249754931383,3.26216208,0.03216208,1.1676,0.0320178633370092,0.3451,0.00509999999999998,0.9651,0.0001,1.5451,0.0001,2.1376,0.0326
UBC_340,0.6951,0.00945414346693483,2.1548100000000003,0.029307844747497973,2.588414245,0.151585755,1.0951,0.0260807621135331,0.4851,0.0251,0.9826,0.0226,1.5126,0.0676,2.0401,0.0450999999999999
UBC_343,0.5701,0.00945414346693482,1.7673100000000002,0.029307844747497945,2.082527515,0.0974724850000001,0.8476,0.0044301270189222,0.2126,0.0126,0.6026,0.0276,0.9626,0.0525999999999999,1.4801,0.0550999999999999
UBC_344,0.2201,0.0504736041990248,0.68231,0.15646817301697688,3.614477625,0.134477625,1.2801,0.0301,0.1001,0.1001,0.4301,0.4201,0.7651,0.7051,1.1801,0.9551
UBC_345,1.12635,0.0333368395007708,3.491685,0.10334420245238948,3.4,,1.60635,0.0369060796608386,0.3601,0.0001,1.2526,0.0626,2.1626,0.00259999999999995,2.8951,0.1151
UBC_346,0.81385,0.00902678553567853,2.522935,0.027983035160603444,2.896822835,0.153177165,1.1851,0.0352781181986757,0.5276,0.0026,1.1201,0.0001,1.6726,0.00260000000000006,2.3176,0.00259999999999995
UBC_347,0.81385,0.00902678553567853,2.522935,0.027983035160603444,2.896822835,0.153177165,1.1851,0.0352781181986757,0.5276,0.0026,1.1201,0.0001,1.6726,0.00260000000000006,2.3176,0.00259999999999995
UBC_349,0.1026,0.0161078105935822,0.31806,0.049934212840104825,2.643286755,0.206713245,0.3326,0.0026,0.2901,0.00510000000000001,0.3526,0.0226,0.4701,0.0501,0.6126,0.0975999999999997
UBC_350,0.2526,0.00569016994374948,0.78306,0.017639526825623388,1.042498795,0.267501205,0.42635,0.0065951905283833,0.2026,0.00259999999999999,0.3701,0.0101,0.5376,0.0126,0.7726,0.0376
UBC_352,0.01635,0.0114880419739304,0.050685,0.03561293011918425,2.299422745,0.0805772549999999,0.78635,0.00829679815537751,0.2826,0.00759999999999998,0.4251,0.1701,0.6151,0.3301,0.8726,0.5026
UBC_353,0.46885,0.0195855715851499,1.453435,0.06071527191396469,3.518651455,0.0786514549999999,0.76385,0.0065951905283833,0.3301,0.0001,0.6826,0.0026,1.0326,0.0376,1.3976,0.0476
UBC_355,0.85885,0.0164458710382775,2.662435,0.050982200218660255,3.53683372,0.12683372,1.33135,0.0299695078633713,0.5476,0.0026,1.2201,0.0201,1.8351,0.0151,2.5351,0.0501000000000001
UBC_356,0.52135,0.0152554445662277,1.616185,0.047291878155305875,1.59067762,0.03067762,0.77385,0.0160589316685046,0.3101,0.00510000000000001,0.6951,0.0001,1.0276,0.0226000000000001,1.4651,0.00510000000000001
UBC_357,0.1651,0.0177776695296635,0.51181,0.05511077554195685,2.597362125,0.0826378750000001,0.3826,0.0115564392373896,0.3601,0.0001,0.4801,0.0201,0.5976,0.0326,0.8076,0.0676
UBC_36,0.34635,0.00554862367942583,1.073685,0.017200733406220074,1.29490904,0.165090960000001,0.41885,0.0524659001641335,0.2426,0.0026,0.4326,0.0326,0.6176,0.0826000000000004,0.9201,0.0751
UBC_360,0.5226,0.00569016994374948,1.6200599999999998,0.017639526825623388,1.49954834,0.319548339999999,0.74885,0.0152554445662277,0.3501,0.0001,0.6976,0.0026,1.0226,0.00760000000000006,1.4376,0.00259999999999995
UBC_361,0.7076,0.0044301270189222,2.19356,0.01373339375865882,2.24093916,0.17906084,0.99385,0.0109253175473055,0.4951,0.0201,0.9751,0.00510000000000001,1.4001,0.0151,1.9726,0.00759999999999995
UBC_363,0.2251,0.012847548783982,0.69781,0.0398274012303442,3.109696065,0.039696065,0.5251,0.0001,0.2076,0.0126,0.3876,0.0426000000000001,0.5951,0.0851000000000006,0.8601,0.0951000000000003
UBC_365,0.35885,0.0301780235387899,1.112435,0.0935518729702487,3.308922585,0.0689225849999999,0.7176,0.0176,0.1876,0.0126,0.4951,0.0251,0.7576,0.0676,1.1251,0.1301
UBC_366,0.20635,0.00659519052838328,0.6396850000000001,0.02044509063798817,0.7494429,0.0694429,0.32385,0.0164458710382775,0.1926,0.0026,0.3301,0.00510000000000001,0.4451,0.0001,0.6476,0.0276
UBC_368,0.35635,0.0065951905283833,1.1046850000000001,0.02044509063798823,1.177450755,0.152549244999999,0.5276,0.0144614066163451,0.2426,0.00760000000000001,0.4751,0.0001,0.6976,0.00760000000000001,0.9901,0.0151
UBC_370,0.7626,0.00839156197588851,2.36406,0.02601384212525438,2.75051313,0.0105131299999999,1.33385,0.00226506350946105,0.5976,0.2476,1.1701,0.255100000000001,1.6901,0.275100000000001,2.3801,0.3801
UBC_371,0.4091,0.0163941707368003,1.26821,0.050821929284080934,3.403757005,0.156242995,0.7351,0.0001,0.2776,0.0276,0.6451,0.0101,0.9401,0.0751,1.3426,0.0526
UBC_374,0.3876,0.0252246890528022,1.20156,0.07819653606368683,2.62697279,0.13697279,0.6501,0.00622372435695795,0.5651,0.00509999999999995,0.8876,0.0276,1.1351,0.0751,1.4451,0.1251
UBC_375,0.4851,0.0263202212042538,1.5038099999999999,0.08159268573318677,3.769701075,0.119701075,0.8626,0.0189745860881769,0.3876,0.0026,0.7876,0.0226,1.1126,0.0476,1.5726,0.1126
UBC_376,0.76385,0.0266459507269942,2.367935,0.08260244725368202,2.854030045,0.0340300450000002,1.12635,0.00554862367942582,0.4126,0.0126,0.9726,0.00760000000000001,1.4826,0.0126000000000001,1.9981,0.0921
UBC_379,0.17635,0.0114880419739304,0.5466850000000001,0.03561293011918425,2.875329455,0.044670545,0.38385,0.0022650635094611,0.3076,0.0026,0.4176,0.0026,0.5651,0.0251,0.7676,0.0426
UBC_380,0.44885,0.00749509972887453,1.3914350000000002,0.023234809159511045,1.603347205,0.136652795,0.6751,0.0204100960115899,0.3101,0.00510000000000001,0.6051,0.0101,0.9276,0.0226,1.2626,0.00259999999999995
UBC_381,0.60135,0.0344465791600853,1.8641850000000002,0.10678439539626443,1.81678091,0.09321909,0.8551,0.00363553390593274,0.4051,0.0251,0.8051,0.0101,1.2651,0.0801,1.6351,0.0401
UBC_382,0.3226,0.00569016994374948,1.00006,0.017639526825623388,1.131068725,0.218931275000001,0.49885,0.0125373429638328,0.2126,0.0026,0.4151,0.00510000000000001,0.6276,0.00760000000000001,0.9176,0.0026
UBC_383,0.1926,0.00569016994374948,0.59706,0.017639526825623388,0.82466888,0.29533112,0.31385,0.00554862367942585,0.1376,0.0026,0.2626,0.0126,0.3976,0.00760000000000001,0.5701,0.0201
UBC_384,0.4301,0.00622372435695795,1.33331,0.019293545506569646,1.59262471,0.12737529,0.6626,0.0109972473588517,0.2401,0.0001,0.5326,0.00760000000000001,0.8026,0.0126,1.2076,0.00259999999999995
UBC_386,0.3926,0.00911387818865998,1.21706,0.02825302238484594,1.23956387,0.13956387,0.66385,0.0217145205822382,0.3176,0.00760000000000001,0.6051,0.0301,0.8826,0.0526000000000001,1.2376,0.0726
UBC_387,0.5126,0.0183002747232013,1.58906,0.05673085164192403,1.589627535,0.089627535,0.7876,0.0130903810567666,0.3601,0.0001,0.7201,0.00510000000000001,1.0851,0.0101,1.4801,0.0301
UBC_388,0.6001,0.0107066017177982,1.86031,0.033190465325174424,2.213518855,0.0935188549999999,0.9251,0.0184711730708738,0.0651,0.00510000000000001,0.4851,0.00510000000000001,0.9276,0.0226,1.4451,0.0351
UBC_389,0.44385,0.0120242400177118,1.3759350000000001,0.03727514405490658,1.593828375,0.086171625,0.67635,0.0268803566070357,0.2251,0.0101,0.5676,0.0026,0.8926,0.0126,1.2226,0.0176
UBC_39,0.5426,0.00569016994374948,1.6820599999999999,0.017639526825623388,1.77565539,0.16434461,0.82385,0.0160589316685046,0.3626,0.00760000000000001,0.7401,0.0001,1.0901,0.0201,1.5451,0.0201
UBC_391,0.75135,0.0120242400177118,2.329185,0.03727514405490658,2.96846904,0.0584690399999999,1.1351,0.00876025403784439,0.2901,0.0001,0.8176,0.0126,1.3501,0.0251,1.9851,0.0501000000000001
UBC_393,0.54635,0.00902678553567857,1.693685,0.02798303516060357,2.22139251,0.02860749,0.8376,0.00760000000000001,0.1051,0.0051,0.4676,0.0126,0.8376,0.0226,1.3151,0.0301
UBC_395,0.1626,0.0220374109684804,0.50406,0.06831597400228924,1.753401955,0.096598045,0.3401,0.0238170824512628,0.3801,0.0001,0.4851,0.0301,0.5776,0.0326,0.7626,0.0876000000000008
UBC_397,0.70635,0.0065951905283833,2.1896850000000003,0.02044509063798823,2.62598783,0.00401216999999998,0.4506,0.00096602540378444,0.1766,0.0386,0.4951,0.2351,0.8426,0.3776,1.2676,0.5576
UBC_398,0.32635,0.0319933770554327,1.011685,0.09917946887184136,3.18166774,0.0716677400000001,0.7026,0.00760000000000001,0.4426,0.0026,0.7051,0.0301,0.9576,0.0826,1.3001,0.150100000000001
UBC_40,0.3601,0.00717106781186548,1.11631,0.022230310216782987,1.34294577,0.31705423,0.5501,0.0177776695296637,0.2351,0.00509999999999999,0.4851,0.00510000000000001,0.7351,0.00510000000000001,1.0376,0.00260000000000006
UBC_400,0.6351,0.0107066017177982,1.96881,0.033190465325174424,2.389377005,0.000622995000000071,0.93385,0.023915698604072,0.1376,0.0326,0.5576,0.0576000000000001,1.0251,0.0301,1.5401,0.1201
UBC_403,0.4076,0.00911387818865996,1.26356,0.028253022384845877,1.32,,0.7001,0.0177776695296637,0.0751,0.0001,0.3851,0.0351,0.6901,0.0501,1.0601,0.0601000000000001
UBC_405,0.4726,0.0104077640640441,1.46506,0.03226406859853671,1.86,,0.7351,0.0001,0.1326,0.00760000000000001,0.4376,0.0026,0.7626,0.0376,1.2176,0.0476
UBC_406,0.57385,0.00902678553567853,1.778935,0.027983035160603444,1.785385905,0.0353859050000001,0.8526,0.0304108891324554,0.2301,0.0101,0.6101,0.0351,1.0576,0.0476,1.4526,0.0426000000000001
UBC_407,0.50885,0.0114880419739304,1.5774350000000001,0.03561293011918425,1.71178743,0.0982125700000001,0.76385,0.0217145205822382,0.2826,0.0126,0.6176,0.0176,0.9476,0.0026,1.3676,0.0326
UBC_409,0.4601,0.00363553390593274,1.42631,0.011270155108391494,1.577068045,0.142931955,0.0726,0.0135629120178363,0.1451,0.0301,0.2626,0.2126,0.4501,0.3201,0.6851,0.5251
UBC_41,0.41135,0.00659519052838327,1.275185,0.020445090637988137,1.2322394,0.0322394,0.6651,0.0213132034355964,0.2626,0.0026,0.5501,0.00510000000000001,0.8351,0.0251,1.1876,0.0376000000000001
UBC_410,0.48385,0.0109253175473055,1.499935,0.03386848439664705,1.53,,0.7776,0.0130903810567666,0.3126,0.00760000000000001,0.6576,0.0376,0.9476,0.0476,1.3851,0.0951
UBC_412,0.63135,0.00902678553567857,1.957185,0.02798303516060357,2.47768502,0.00768501999999982,0.9451,0.0174205080756887,0.0651,0.00510000000000001,0.5026,0.00760000000000001,0.9401,0.0001,1.4451,0.0151
UBC_413,0.61135,0.0022650635094611,1.895185,0.00702169687932941,2.12609541,0.11390459,0.8776,0.0454458928680426,0.2826,0.0126,0.7101,0.00510000000000001,1.1276,0.0226,1.6101,0.0151
UBC_415,0.39635,0.0125373429638327,1.228685,0.03886576318788137,1.18017549,0.149824510000001,0.5976,0.0193028643696715,0.2826,0.00259999999999997,0.5576,0.0026,0.8501,0.0251,1.1176,0.0326
UBC_416,0.1901,0.0087602540378444,0.58931,0.027156787517317642,2.60150961,0.0215096100000001,0.5451,0.00622372435695795,0.4351,0.0301,0.6101,0.0901,0.8226,0.1226,1.0351,0.2001
UBC_417,0.14635,0.0022650635094611,0.45368500000000006,0.00702169687932941,0.466571005,0.083428995,0.2401,0.0001,0.1451,0.00509999999999999,0.2276,0.0026,0.3251,0.0001,0.4626,0.0026
UBC_418,0.7376,0.0044301270189222,2.28656,0.01373339375865882,2.27890208,0.0310979200000001,1.0251,0.00622372435695791,0.3671,0.0251,0.8526,0.0626,1.2976,0.0576,1.9051,0.0951
UBC_419,0.5626,0.00911387818865994,1.74406,0.028253022384845818,2.004622745,0.034622745,0.8426,0.0193028643696715,0.2976,0.0026,0.6751,0.00510000000000001,1.0551,0.00510000000000001,1.5226,0.0176000000000001
UBC_421,0.6751,0.0260807621135331,2.09281,0.08085036255195262,1.68,,0.9326,0.0044301270189222,0.3451,0.0101,0.8726,0.102599999999999,1.2526,0.1226,1.8376,0.1326
UBC_422,0.6276,0.00569016994374948,1.9455600000000002,0.017639526825623388,2.194911615,0.0850883849999999,0.9001,0.0001,0.2926,0.0176,0.6976,0.0226,1.0541,0.0711,1.6276,0.0526
UBC_423,0.26385,0.00424578098794425,0.817935,0.013161921062627176,0.8794202,0.2605798,0.38135,0.0205251682979602,0.2101,0.00510000000000001,0.3701,0.00510000000000001,0.5401,0.0251,0.7501,0.00510000000000001
UBC_424,0.5601,0.00945414346693482,1.7363100000000002,0.029307844747497945,1.67687572,0.0931242800000001,0.6851,0.225266604983954,0.3676,0.0026,0.7351,0.0151,0.8651,0.2501,1.5476,0.0126000000000001
UBC_427,0.5026,0.00760000000000001,1.5580600000000002,0.023560000000000032,1.670683265,0.019316735,0.7101,0.109815541287459,0.3051,0.0001,0.6351,0.0001,0.8701,0.1051,1.4101,0.0001
UBC_428,0.5326,0.00839156197588851,1.65106,0.02601384212525438,1.884465625,0.035534375,0.7751,0.0155110350074225,0.2376,0.00759999999999999,0.5976,0.0026,0.9301,0.0201,1.3876,0.0576
UBC_429,0.67135,0.00902678553567857,2.081185,0.02798303516060357,2.054626375,0.255373625000003,0.97635,0.0022650635094611,0.4151,0.00510000000000001,0.8601,0.0151,1.2951,0.0351,1.8726,0.0526
UBC_432,0.48385,0.00424578098794425,1.499935,0.013161921062627176,1.621511995,0.00151199499999999,0.76635,0.0109253175473055,0.2976,0.0026,0.6251,0.00510000000000001,0.9401,0.0201,1.3801,0.0251
UBC_433,0.16185,0.0512779982023526,0.501735,0.15896179442729305,1.635420415,0.125420415,0.3626,0.0344693177121688,0.0001,0.0001,0.0951,0.0001,0.1801,0.0101,0.3446,0.1506
UBC_434,0.23635,0.00902678553567856,0.732685,0.027983035160603534,0.57,,0.36385,0.0580196641910153,0.0951,0.0001,0.2726,0.0026,0.3226,0.0975999999999999,0.6551,0.0201
UBC_435,0.3551,0.00363553390593274,1.10081,0.011270155108391494,1.24471693,0.165283069999999,0.56885,0.0160589316685046,0.1851,0.00510000000000001,0.4176,0.0026,0.6576,0.0176,0.9876,0.0026
UBC_436,0.27885,0.0114880419739304,0.864435,0.03561293011918425,0.82530009,0.25469991,0.4376,0.0130903810567666,0.2301,0.0001,0.3926,0.0026,0.5876,0.0026,0.8526,0.0276
UBC_437,0.4501,0.00945414346693486,1.39531,0.02930784474749807,1.64132937,0.0286706299999999,0.69885,0.0130301005409857,0.1826,0.0026,0.4776,0.0026,0.7951,0.0001,1.1801,0.0101
UBC_438,0.34385,0.00424578098794423,1.065935,0.013161921062627114,1.29155691,0.11844309,0.5401,0.0001,0.2701,0.0001,0.4851,0.0001,0.7026,0.00760000000000001,1.0251,0.0001
UBC_439,0.3676,0.0044301270189222,1.13956,0.01373339375865882,1.360146175,0.289853825,0.58885,0.0125373429638328,0.2251,0.00510000000000001,0.4526,0.0026,0.7001,0.0301,1.0201,0.0151
UBC_440,0.02385,0.00424578098794425,0.073935,0.013161921062627176,0.281015695,0.178984305,0.0826,0.0026,0.0551,0.0001,0.0676,0.0026,0.0876,0.0126,0.1351,0.0201
UBC_441,0.3476,0.0189745860881769,1.07756,0.058821216873348396,0.985111215,0.094888785,0.5676,0.0179535710713571,0.2501,0.00510000000000001,0.4776,0.0226,0.7376,0.00760000000000001,1.0176,0.0526000000000001
UBC_444,0.16385,0.00424578098794425,0.507935,0.013161921062627176,0.41451797,0.0754820299999998,0.25635,0.0022650635094611,0.1226,0.0026,0.2201,0.0001,0.3326,0.00760000000000001,0.4701,0.00509999999999998
UBC_445,0.22635,0.0109253175473055,0.701685,0.03386848439664705,0.702397655,0.307602345,0.36885,0.0022650635094611,0.2101,0.0001,0.3451,0.0001,0.4901,0.0101,0.6901,0.0251
UBC_448,0.12635,0.00749509972887452,0.391685,0.02323480915951101,0.563707105,0.306292895,0.2301,0.00876025403784438,0.1326,0.0026,0.2076,0.0026,0.3001,0.0001,0.4251,0.0201
UBC_449,0.2476,0.0026,0.76756,0.00806,0.599223335,0.330776665,0.3051,0.0321156211871644,0.2276,0.0026,0.3551,0.0201,0.4876,0.0376,0.7001,0.0751000000000007
UBC_452,0.3176,0.0104077640640442,0.98456,0.032264068598537025,1.2162094,0.0137906,0.51635,0.0164458710382775,0.2551,0.0001,0.4401,0.0001,0.6726,0.0026,0.9551,0.0151
UBC_453,0.49885,0.00749509972887453,1.546435,0.023234809159511045,1.90795437,0.29204563,0.7601,0.0174205080756888,0.2151,0.00510000000000001,0.5276,0.0126,0.8751,0.0001,1.2926,0.0276000000000001
UBC_454,0.34635,0.00554862367942583,1.073685,0.017200733406220074,1.00258096,0.31741904,0.55885,0.0109253175473054,0.2351,0.0001,0.4626,0.0126,0.6876,0.0126,1.0176,0.0226
UBC_455,0.2501,0.00622372435695795,0.7753099999999999,0.019293545506569646,0.417099585,0.067099585,0.3801,0.00945414346693486,0.1901,0.00510000000000001,0.3376,0.00759999999999998,0.5076,0.0176,0.7451,0.0101
UBC_456,0.3226,0.0115564392373896,1.00006,0.03582496163590776,1.38298899,0.30701101,0.4926,0.00760000000000001,0.2251,0.0001,0.4226,0.00760000000000001,0.6301,0.0101,0.9251,0.0101
UBC_457,0.3351,0.00717106781186546,1.03881,0.022230310216782928,1.16104005,0.178959950000001,0.5276,0.00760000000000001,0.2301,0.0001,0.4476,0.00760000000000001,0.6626,0.0026,0.9751,0.0101
UBC_458,0.26385,0.00424578098794425,0.817935,0.013161921062627176,1.02709182,0.132908180000001,0.42135,0.0022650635094611,0.2051,0.0001,0.3701,0.0001,0.5276,0.00760000000000001,0.7776,0.0126
UBC_459,0.36385,0.0065951905283833,1.1279350000000001,0.02044509063798823,1.12266222,0.07733778,0.5676,0.0130903810567665,0.2651,0.0001,0.5126,0.00760000000000001,0.7351,0.0151,1.0651,0.0301
UBC_46,0.4026,0.0115564392373896,1.2480600000000002,0.03582496163590776,1.25713329,0.0228667100000001,0.62635,0.00970143218483577,0.2701,0.00510000000000001,0.5451,0.0101,0.8051,0.00510000000000001,1.1551,0.0350999999999999
UBC_460,0.31385,0.00424578098794425,0.9729350000000001,0.013161921062627176,0.99557442,0.17442558,0.4901,0.0151,0.1951,0.0001,0.4026,0.00759999999999998,0.6026,0.00760000000000001,0.8926,0.0126
UBC_461,0.22635,0.00424578098794425,0.701685,0.013161921062627176,0.7541379,0.0858621,0.3601,0.0087602540378444,0.1626,0.0026,0.2951,0.0101,0.4501,0.0001,0.6476,0.00760000000000001
UBC_462,0.0776,0.0026,0.24056000000000002,0.00806,0.113517155,0.016482845,0.1051,0.0001,0.0751,0.0001,0.1076,0.0076,0.1576,0.0126,0.2201,0.0101
UBC_463,0.1351,0.00363553390593274,0.41881,0.011270155108391494,0.503287315,0.196712685,0.23385,0.00902678553567856,0.1001,0.0001,0.1751,0.00509999999999999,0.2876,0.00759999999999998,0.4201,0.0151
UBC_466,0.40335,0.00563962995154007,1.250385,0.017482852849774216,1.578535345,0.101464655,0.3976,0.0355436171968946,0.2501,0.0151,0.4651,0.0651000000000001,0.6506,0.1156,0.9851,0.1851
UBC_467,0.2151,0.0118260393995586,0.66681,0.03666072213863166,0.587226395,0.232773605,0.27135,0.0065951905283833,0.1651,0.0151,0.2751,0.0001,0.3976,0.0276,0.6126,0.0626
UBC_468,0.2401,0.0001,0.74431,0.00031,0.68276029,0.01276029,0.37135,0.00970143218483577,0.1876,0.0026,0.3351,0.0001,0.4901,0.0001,0.7101,0.0001
UBC_469,0.4401,0.0232840462387393,1.36431,0.07218054334009183,3.43,,0.76135,0.0065951905283833,0.1026,0.0125999999999999,0.4426,0.0026,0.7526,0.0376,1.1376,0.0726
UBC_47,0.5101,0.0354553390593274,1.58131,0.10991155108391494,1.94469295,0.01530705,0.75885,0.0491376131148326,0.4301,0.00510000000000001,0.8501,0.0301,1.0701,0.0251,1.6126,0.0676
UBC_471,0.37135,0.00970143218483577,1.1511850000000001,0.030074439772990885,1.611692835,0.308307165,0.1801,0.00363553390593274,0.2156,0.0106,0.3451,0.0951000000000001,0.5126,0.1826,0.7626,0.3376
UBC_472,0.3401,0.0118260393995586,1.05431,0.03666072213863166,2.233917245,0.036082755,0.57185,0.00214633819296811,0.4501,0.00510000000000001,0.6851,0.0151,0.9266,0.00860000000000001,1.2451,0.0251
UBC_473,0.3376,0.00569016994374946,1.0465600000000002,0.017639526825623326,1.66,,0.54135,0.0022650635094611,0.2276,0.00759999999999999,0.4301,0.0151,0.6476,0.0326,1.0001,0.0451
UBC_474,0.2751,0.0001,0.8528100000000001,0.00031,1.059914845,0.320085155,0.4351,0.0001,0.1651,0.00510000000000001,0.3226,0.0126,0.4851,0.0101,0.7651,0.0151
UBC_475,0.1701,0.00509999999999999,0.5273100000000001,0.01580999999999997,0.66981163,0.25018837,0.29885,0.0114880419739304,0.1376,0.0026,0.2501,0.0101,0.3751,0.0151,0.5326,0.0276
UBC_476,0.29885,0.00554862367942585,0.926435,0.017200733406220133,1.045403455,0.274596545,0.48635,0.0065951905283833,0.2301,0.0001,0.4176,0.0026,0.6076,0.0026,0.9001,0.0101
UBC_478,0.2176,0.0104077640640441,0.6745599999999999,0.03226406859853671,0.545056185,0.274943815,0.2451,0.014242135623731,0.1526,0.00760000000000001,0.2601,0.0151,0.3726,0.0426000000000001,0.5676,0.0776000000000003
UBC_479,0.31885,0.00749509972887453,0.9884350000000001,0.023234809159511045,1.11,,0.48385,0.0289042965545073,0.2401,0.0001,0.4651,0.0001,0.6451,0.0451,0.9376,0.00759999999999995
UBC_482,0.28635,0.00659519052838327,0.8876850000000001,0.020445090637988137,1.091642885,0.028357115,0.4551,0.00717106781186548,0.2126,0.0026,0.3976,0.0026,0.5851,0.00510000000000001,0.8501,0.00510000000000001
UBC_483,0.5851,0.0174205080756887,1.81381,0.054003575034634974,2.02808012,0.11808012,0.9126,0.0109972473588517,0.3476,0.0375999999999998,0.7526,0.0176,1.1301,0.0100999999999999,1.6151,0.0350999999999999
UBC_484,0.3451,0.00509999999999998,1.0698100000000001,0.01580999999999994,1.452212785,0.247787215,0.54385,0.00749509972887453,0.2576,0.0026,0.4876,0.0026,0.7201,0.00510000000000001,1.0401,0.00510000000000001
UBC_485,0.36385,0.0135047566184545,1.1279350000000001,0.04186474551720895,1.402620025,0.117379975,0.5201,0.0613372435695802,0.2476,0.0026,0.5026,0.0126,0.6901,0.0601,1.0526,0.0326
UBC_486,0.28135,0.00659519052838327,0.872185,0.020445090637988137,1.119481005,0.0805189949999999,0.4351,0.0118260393995586,0.1876,0.0026,0.3851,0.00510000000000001,0.5676,0.0176,0.8126,0.0176
UBC_487,0.56635,0.00659519052838324,1.7556850000000002,0.020445090637988043,1.68573958,0.30573958,0.3601,0.00622372435695795,0.1876,0.1326,0.4851,0.2251,0.7351,0.3251,1.0701,0.4551
UBC_488,0.02635,0.0192621371459449,0.081685,0.05971262515242919,2.192712695,0.117287305,0.27385,0.0022650635094611,0.1926,0.0026,0.2076,0.0276,0.2826,0.0726000000000001,0.4051,0.1101
UBC_49,0.3951,0.0155110350074224,1.22481,0.048084208523009445,1.640074295,0.0500742949999999,0.13885,0.021128254801576,0.2226,0.0226,0.3051,0.1251,0.4661,0.2361,0.7851,0.3651
UBC_490,0.3951,0.0155110350074224,1.22481,0.048084208523009445,1.640074295,0.0500742949999999,0.13885,0.021128254801576,0.2226,0.0226,0.3051,0.1251,0.4661,0.2361,0.7851,0.3651
UBC_491,0.09385,0.0202168461742889,0.290935,0.0626722231402956,2.4,,0.4126,0.0026,0.1926,0.0276,0.2676,0.0526,0.4101,0.1051,0.5556,0.1506
UBC_493,0.27635,0.00970143218483575,0.856685,0.030074439772990826,0.80692021,0.24307979,0.3576,0.0144614066163451,0.1926,0.00760000000000001,0.3551,0.00510000000000001,0.5076,0.0276,0.7651,0.0501
UBC_494,0.17885,0.0175553000547112,0.554435,0.05442143016960472,2.549389445,0.120610555,0.3776,0.0044301270189222,0.4001,0.0101,0.5126,0.00760000000000001,0.6401,0.0201,0.8556,0.0296
UBC_495,0.3101,0.0177776695296637,0.96131,0.05511077554195747,0.875350485,0.165350485,0.4851,0.0177776695296637,0.1801,0.0001,0.3976,0.0026,0.6326,0.0026,0.8776,0.00760000000000001
UBC_496,0.1301,0.00622372435695795,0.40331,0.019293545506569646,0.43142947,0.13857053,0.2301,0.00800569415042094,0.1151,0.0051,0.1976,0.0126,0.2901,0.0001,0.4176,0.0326
UBC_500,0.2651,0.00622372435695795,0.82181,0.019293545506569646,1.08781595,0.0621840499999999,0.4601,0.00363553390593274,0.1976,0.0026,0.3626,0.00760000000000001,0.5476,0.00760000000000001,0.8076,0.0226
UBC_502,0.19385,0.00829679815537751,0.600935,0.025720074281670283,0.69337058,0.20662942,0.33135,0.0152554445662277,0.1676,0.0026,0.2951,0.0001,0.4251,0.00510000000000001,0.6051,0.0301
UBC_503,0.22135,0.0168238602003246,0.686185,0.05215396662100626,0.511706745,0.248293255,0.2251,0.0001,0.1276,0.0026,0.2401,0.0251,0.3626,0.0425999999999998,0.5501,0.1101
UBC_504,0.2751,0.00945414346693484,0.8528100000000001,0.029307844747498004,1.031806105,0.171806105,0.4976,0.0104077640640442,0.1801,0.0001,0.3626,0.00760000000000001,0.5576,0.0126,0.8551,0.0201
UBC_505,0.20135,0.0082967981553775,0.624185,0.025720074281670252,0.774131395,0.074131395,0.3051,0.0260807621135332,0.0051,0.0051,0.0626,0.0626,0.1826,0.0876000000000001,0.4426,0.1576
UBC_506,0.22385,0.00749509972887452,0.693935,0.02323480915951101,0.75212666,0.04787334,0.39385,0.0195855715851499,0.1526,0.00760000000000001,0.3051,0.00510000000000001,0.4676,0.00259999999999997,0.7026,0.0126
UBC_507,0.38635,0.00902678553567857,1.197685,0.02798303516060357,1.6,,0.1501,0.0376832409459322,0.1751,0.00509999999999999,0.3051,0.1251,0.4776,0.2376,0.7151,0.3751
UBC_508,0.31135,0.00554862367942585,0.9651850000000001,0.017200733406220133,1.26512346,0.07512346,0.54385,0.0065951905283833,0.0701,0.0051,0.2551,0.0101,0.4651,0.0301,0.8101,0.0251
UBC_509,0.25635,0.00970143218483577,0.7946850000000001,0.030074439772990885,0.903004245,0.196995755,0.43885,0.0065951905283833,0.1901,0.00510000000000001,0.3576,0.0026,0.5426,0.0026,0.7751,0.0201
UBC_51,0.36885,0.0358727200531355,1.143435,0.11120543216472005,1.32017399,0.07982601,0.58385,0.0301780235387899,0.2676,0.0026,0.5176,0.0176,0.8301,0.0101,1.0701,0.0501000000000001
UBC_510,0.4251,0.00717106781186548,1.31781,0.022230310216782987,1.371030275,0.00896972499999993,0.6726,0.0044301270189222,0.1801,0.0001,0.4601,0.00510000000000001,0.7276,0.0226,1.1376,0.00760000000000006
UBC_511,0.1251,0.00622372435695795,0.38781,0.019293545506569646,0.298852155,0.018852155,0.1926,0.0109972473588517,0.1176,0.0026,0.1801,0.0001,0.2501,0.0101,0.3901,0.0151
UBC_512,0.0001,0.0001,0.00031,0.00031,1.72798802,0.00798801999999999,0.59135,0.00829679815537751,0.2626,0.0226,0.3751,0.1201,0.5376,0.2126,0.7351,0.3501
UBC_513,0.29135,0.00424578098794425,0.903185,0.013161921062627176,0.622179795,0.462179795,0.4901,0.0146773797371132,0.2076,0.0026,0.3976,0.0026,0.5876,0.0026,0.8926,0.00760000000000001
UBC_516,0.3676,0.00839156197588851,1.13956,0.02601384212525438,1.728448755,0.221551244999999,0.62385,0.00554862367942585,0.2626,0.0026,0.5076,0.0026,0.7626,0.0026,1.1176,0.0176
UBC_518,0.50885,0.00749509972887453,1.5774350000000001,0.023234809159511045,1.7152321,0.0352321,0.7901,0.0151,0.2951,0.0101,0.6276,0.0176,0.9826,0.0026,1.4151,0.0201
UBC_519,0.4701,0.0184711730708738,1.45731,0.05726063651970878,1.219555715,0.329555715,0.68885,0.0152554445662276,0.3101,0.00510000000000001,0.6151,0.0001,0.9351,0.0101,1.3401,0.0400999999999999
UBC_52,0.39885,0.0208289049397212,1.236435,0.06456960531313571,1.130773195,0.110773195,0.6526,0.0161078105935821,0.2676,0.0026,0.5476,0.00760000000000001,0.8251,0.00510000000000001,1.1551,0.0601000000000001
UBC_520,0.39885,0.0208289049397212,1.236435,0.06456960531313571,1.130773195,0.110773195,0.6526,0.0161078105935821,0.2676,0.0026,0.5476,0.00760000000000001,0.8251,0.00510000000000001,1.1551,0.0601000000000001
UBC_521,0.20635,0.0164458710382775,0.6396850000000001,0.050982200218660255,2.523105825,0.0931058249999999,1.06935,0.00927537465175127,0.4126,0.0176,0.7401,0.1851,1.0401,0.3701,1.4426,0.5476
UBC_522,0.6801,0.0128475487839819,2.1083100000000004,0.039827401230343895,2.42030626,0.0603062600000002,1.02135,0.0266459507269942,0.3176,0.0126,0.8151,0.0101,1.3051,0.0001,1.8526,0.0276
UBC_523,0.4551,0.0112803398874989,1.4108100000000001,0.03496905365124659,1.70207223,0.14207223,0.7351,0.00876025403784439,0.2751,0.0001,0.5851,0.0001,0.8926,0.0276,1.3501,0.0251
UBC_524,0.3851,0.00622372435695795,1.19381,0.019293545506569646,1.66700732,0.05700732,0.6001,0.0118260393995586,0.3076,0.0026,0.5576,0.0026,0.8151,0.00509999999999995,1.1501,0.0001
UBC_525,0.6451,0.0001,1.99981,0.00031,2.287681165,0.0923188349999999,0.9701,0.0376832409459323,0.2976,0.0226,0.7026,0.0326,1.1901,0.0201,1.6976,0.0775999999999999
UBC_527,0.23635,0.00749509972887452,0.732685,0.02323480915951101,0.724068995,0.044068995,0.4101,0.0184711730708738,0.1776,0.0026,0.3401,0.0101,0.5076,0.0226,0.7226,0.0426
UBC_528,0.5351,0.0204100960115899,1.6588100000000001,0.06327129763592869,1.8,,0.88385,0.00902678553567857,0.2451,0.0001,0.6301,0.00510000000000001,1.0276,0.0226000000000001,1.4801,0.0450999999999999
UBC_529,0.29635,0.0192621371459449,0.9186850000000001,0.05971262515242919,3.49816182,0.18816182,1.2351,0.0290395922569756,0.5026,0.0476,0.8926,0.2326,1.3051,0.4201,1.7726,0.5776
UBC_531,0.51635,0.00554862367942585,1.600685,0.017200733406220133,1.505160065,0.315160065,0.84385,0.0199037243971936,0.3126,0.00760000000000001,0.6701,0.0201,1.0426,0.0526,1.4976,0.0326
UBC_533,0.2201,0.00363553390593274,0.68231,0.011270155108391494,0.645071535,0.055071535,0.3501,0.00363553390593274,0.1551,0.0001,0.3026,0.00760000000000001,0.4526,0.00760000000000001,0.6401,0.0201
UBC_534,0.42385,0.00749509972887453,1.313935,0.023234809159511045,1.53852338,0.02852338,0.65885,0.0214234026365399,0.2801,0.0001,0.5626,0.00259999999999995,0.8576,0.0176,1.2051,0.0101
UBC_535,0.58385,0.0065951905283833,1.809935,0.02044509063798823,2.28753993,0.0975399299999999,0.87635,0.0114880419739304,0.3301,0.00510000000000001,0.7151,0.00510000000000001,1.0976,0.00260000000000006,1.6151,0.0250999999999999
UBC_537,0.31885,0.0273431183971292,0.9884350000000001,0.08476366703110053,2.948844895,0.0211551050000001,0.6701,0.0174205080756888,0.5751,0.0101,0.8426,0.0626,1.0701,0.110100000000002,1.3926,0.192599999999999
UBC_54,0.3151,0.0118260393995586,0.97681,0.03666072213863166,1.057017675,0.082982325,0.49885,0.0374120288914983,0.2626,0.0026,0.4851,0.0201,0.6551,0.0201,0.9576,0.0726
UBC_540,0.10885,0.0246903944661325,0.33743500000000004,0.07654022284501076,,,0.38135,0.0284670142947755,0.2901,0.00510000000000001,0.4051,0.0700999999999997,0.5026,0.1026,0.6701,0.1401
UBC_541,0.8576,0.0161078105935821,2.65856,0.04993421284010451,2.92426186,0.19426186,1.2551,0.0174205080756887,0.3101,0.00510000000000001,0.9676,0.0026,1.5551,0.0401,2.2451,0.0101
UBC_542,0.67135,0.0325759526419164,2.081185,0.10098545318994084,2.123018825,0.056981175,0.82635,0.200953646967139,0.4476,0.0026,0.9301,0.0251,1.1201,0.2751,1.9301,0.0600999999999999
UBC_545,0.7151,0.00800569415042095,2.2168099999999997,0.024817651866304948,2.619698965,0.0503010349999999,0.5226,0.0104077640640442,0.3376,0.0925999999999999,0.6876,0.2576,1.0226,0.3976,1.4751,0.5301
UBC_546,0.2351,0.0155110350074224,0.7288100000000001,0.048084208523009445,2.677842375,0.0578423749999999,0.5726,0.0044301270189222,0.4626,0.0126,0.6526,0.0376,0.8526,0.0925999999999996,1.1476,0.1176
UBC_548,0.28385,0.0254414186658916,0.879935,0.07886839786426396,3.13694878,0.14305122,0.5826,0.0126,0.5026,0.00760000000000001,0.7251,0.0201,0.9351,0.0451,1.2201,0.1201
UBC_549,0.6276,0.00760000000000001,1.9455600000000002,0.023560000000000032,2.859098745,0.079098745,0.9651,0.0607217782649107,0.3301,0.00510000000000001,0.7451,0.0301,1.3051,0.140099999999999,1.6851,0.0351
UBC_550,0.6976,0.00908610037780572,2.16256,0.028166911171197736,2.61220954,0.15220954,1.0751,0.0118260393995586,0.3151,0.00510000000000001,0.8036,0.0136,1.3026,0.0126,1.9176,0.0576
UBC_552,0.48885,0.0199037243971936,1.515435,0.061701545631300155,3.918484475,0.0115155250000001,0.88635,0.0103316909648406,0.4001,0.0001,0.8076,0.0276,1.1876,0.0476000000000001,1.6451,0.0901000000000001
UBC_554,0.7076,0.00760000000000001,2.19356,0.023560000000000032,2.74330652,0.00669348000000003,1.0926,0.0130903810567666,0.3876,0.00760000000000001,0.8751,0.0251,1.3901,0.00510000000000001,1.9576,0.0276000000000001
UBC_555,0.7076,0.00760000000000001,2.19356,0.023560000000000032,2.74330652,0.00669348000000003,1.0926,0.0130903810567666,0.3876,0.00760000000000001,0.8751,0.0251,1.3901,0.00510000000000001,1.9576,0.0276000000000001
UBC_556,0.2101,0.0373491610643784,0.6513100000000001,0.11578239929957304,2.793406895,0.063406895,0.54885,0.00554862367942585,0.4601,0.0101,0.6351,0.0551,0.8226,0.1326,1.0326,0.2226
UBC_557,0.4076,0.0115564392373896,1.26356,0.03582496163590776,1.69148696,0.198513040000001,0.6501,0.0323102468168129,0.2651,0.0001,0.5501,0.00510000000000001,0.8351,0.0001,1.1951,0.0201
UBC_558,0.39135,0.0393706951810125,1.213185,0.12204915506113875,4.07669168,0.15330832,0.8001,0.0204100960115899,0.3726,0.0276,0.6876,0.0326,0.9551,0.1551,1.3551,0.1551
UBC_559,0.29885,0.0189331489666492,0.926435,0.058692761796612515,3.6904937,0.0495063,0.63385,0.0022650635094611,0.0601,0.0101,0.3126,0.0325999999999999,0.5726,0.0925999999999999,0.8676,0.117600000000001
UBC_56,0.3876,0.0276,1.20156,0.08556,1.93137711,0.0613771099999999,0.62635,0.00970143218483577,0.4126,0.0026,0.6901,0.00509999999999995,0.9376,0.0276,1.2851,0.0400999999999999
UBC_560,0.27535,0.0130494208364699,0.8535849999999999,0.04045320459305669,2.056633775,0.143366225,0.7551,0.179648043709755,0.3536,0.0116,0.6726,0.0726000000000001,0.7651,0.0101,1.3226,0.2926
UBC_561,0.6351,0.0137930639376292,1.96881,0.04275849820665052,3.083887625,0.103887625,0.8626,0.125822909606802,0.5001,0.00510000000000001,0.9501,0.00510000000000001,1.2451,0.175099999999999,1.9351,0.0501000000000001
UBC_562,0.4626,0.0161078105935821,1.4340600000000001,0.04993421284010451,4.081042475,0.191042475,0.7301,0.0347410161513775,0.3426,0.00759999999999998,0.6976,0.00760000000000001,0.9401,0.0601,1.4326,0.0226000000000001
UBC_563,0.5301,0.0155110350074225,1.64331,0.04808420852300975,1.91521451,0.02478549,0.73885,0.150614741802921,0.3426,0.00259999999999997,0.7401,0.0101,0.8876,0.1926,1.5376,0.0526
UBC_564,0.9051,0.00717106781186548,2.80581,0.022230310216782987,3.569793515,0.290206485,1.3776,0.0217506350946109,0.3226,0.0026,1.0601,0.0301,1.6876,0.00259999999999995,2.4176,0.0626
UBC_565,0.42885,0.0273431183971292,1.3294350000000001,0.08476366703110053,3.9390046,0.1809954,1.35785,0.0078580603245915,0.2251,0.0351000000000001,0.7251,0.2101,1.1636,0.3686,1.7301,0.5651
UBC_566,0.31635,0.0249432586429397,0.9806850000000001,0.07732410179311308,5.18526135,0.27473865,0.71885,0.0114880419739304,0.1951,0.0101,0.4751,0.0401,0.7451,0.0800999999999998,1.1051,0.1401
UBC_57,0.3076,0.00839156197588851,0.95356,0.02601384212525438,1.21177784,0.10822216,0.53385,0.0303851035989643,0.3351,0.0001,0.5526,0.00760000000000001,0.7901,0.0351,1.0976,0.0926
UBC_571,0.6726,0.00839156197588851,2.08506,0.02601384212525438,1.91,,1.0351,0.10165048005795,0.3576,0.0126,0.8351,0.00510000000000001,1.5251,0.245100000000001,1.8101,0.00510000000000001
UBC_572,0.30635,0.0202168461742889,0.9496850000000001,0.0626722231402956,1.293933505,0.183933505,0.49135,0.0231149407994025,0.3026,0.0026,0.5076,0.0026,0.6951,0.00510000000000001,0.9576,0.0376
UBC_578,0.2876,0.0231488611432322,0.8915600000000001,0.07176146954401982,2.7,,0.61135,0.00829679815537751,0.0701,0.0051,0.3051,0.0151,0.5376,0.0576000000000001,0.8326,0.1176
UBC_580,0.4151,0.00622372435695795,1.28681,0.019293545506569646,1.619579405,0.070420595,0.66635,0.0156623744974859,0.3126,0.0026,0.6001,0.0301,0.8751,0.0251,1.2451,0.0500999999999999
UBC_582,0.09885,0.00424578098794425,0.306435,0.013161921062627176,0.336902565,0.143097435,0.1951,0.00510000000000001,0.0776,0.0026,0.1401,0.0151,0.2251,0.0151,0.3101,0.0350999999999999
UBC_583,0.7626,0.00839156197588851,2.36406,0.02601384212525438,2.75051313,0.0105131299999999,1.33385,0.00226506350946105,0.5976,0.2476,1.1701,0.255100000000001,1.6901,0.275100000000001,2.3801,0.3801
UBC_586,0.25385,0.00970143218483577,0.786935,0.030074439772990885,1.16845847,0.08845847,0.42135,0.0195855715851499,0.2776,0.0026,0.4376,0.0026,0.6226,0.0176,0.8576,0.00760000000000001
UBC_589,0.8401,0.0137930639376292,2.60431,0.04275849820665052,3.05469335,0.03469335,0.37085,0.00927537465175129,0.1201,0.1201,0.4426,0.4226,0.7901,0.6451,1.2976,0.9026
UBC_59,0.29885,0.00424578098794425,0.926435,0.013161921062627176,0.60995929,0.02004071,0.4651,0.0001,0.2501,0.0001,0.4401,0.0001,0.6401,0.00510000000000001,0.8976,0.00760000000000001
UBC_590,0.21885,0.0120242400177118,0.678435,0.03727514405490658,1.95,,0.37885,0.0022650635094611,0.3301,0.00510000000000001,0.4676,0.00759999999999998,0.6076,0.0126,0.8276,0.0226
UBC_592,0.3201,0.00945414346693486,0.99231,0.02930784474749807,1.248170005,0.028170005,0.4651,0.00876025403784437,0.0901,0.0001,0.2801,0.0101,0.4776,0.0226,0.7701,0.0501
UBC_594,0.4701,0.0197850196850295,1.45731,0.06133356102359145,2.02100575,0.02100575,0.7426,0.0130903810567666,0.1201,0.0001,0.4151,0.0101,0.7726,0.0326,1.1901,0.0501000000000001
UBC_595,0.4751,0.00800569415042094,1.4728100000000002,0.024817651866304916,,,0.72385,0.0022650635094611,0.2526,0.00760000000000001,0.5501,0.0101,0.8501,0.0351,1.3001,0.0351
UBC_596,0.18385,0.00424578098794425,0.5699350000000001,0.013161921062627176,0.732495505,0.117504495,0.31135,0.00902678553567857,0.1251,0.0001,0.2426,0.0026,0.3851,0.0101,0.5401,0.0151
UBC_6,0.1726,0.0104077640640441,0.53506,0.03226406859853671,,,0.2176,0.0026,0.1151,0.0101,0.2126,0.00760000000000001,0.3101,0.0151,0.4776,0.0476
UBC_600,0.2526,0.0266753645318367,0.78306,0.08269363004869378,3.14364906,0.10364906,0.54885,0.0114880419739304,0.0126,0.0126,0.2251,0.0401000000000001,0.4051,0.0700999999999997,0.6451,0.1651
UBC_602,0.4201,0.0123474487139159,1.3023099999999999,0.038277091013139294,1.359022395,0.0509776049999999,0.6501,0.0235520787991171,0.2526,0.0026,0.5251,0.0001,0.8351,0.0201,1.1476,0.0176000000000001
UBC_608,0.58635,0.0065951905283833,1.8176850000000002,0.02044509063798823,2.396276865,0.0762768650000001,0.82635,0.0164458710382775,0.0001,0.0001,0.3251,0.0550999999999999,0.7226,0.0476,1.1826,0.1026
UBC_61,0.65635,0.0022650635094611,2.034685,0.00702169687932941,1.916897735,0.00310226499999999,0.82385,0.193179484927841,0.4801,0.00510000000000001,0.9451,0.0001,1.1076,0.202600000000001,1.8976,0.00259999999999995
UBC_612,0.42135,0.00902678553567857,1.3061850000000002,0.02798303516060357,1.69226067,0.09773933,0.6451,0.0101,0.0076,0.0026,0.2426,0.00760000000000001,0.5376,0.0226,0.9326,0.0626
UBC_614,0.24135,0.0171934929139717,0.7481850000000001,0.05329982803331228,1.176748065,0.0732519350000001,0.45135,0.0022650635094611,0.2926,0.0026,0.4726,0.0176,0.6501,0.0501,0.8676,0.0726
UBC_616,0.1301,0.0107066017177982,0.40331,0.033190465325174424,0.204720465,0.145279535,0.1751,0.00622372435695794,0.0751,0.0051,0.1276,0.00760000000000001,0.2126,0.0176,0.3551,0.0551
UBC_617,0.23385,0.0120242400177118,0.724935,0.03727514405490658,1.04239295,0.19760705,0.3476,0.0044301270189222,0.2376,0.00759999999999999,0.3776,0.00760000000000001,0.5251,0.00510000000000001,0.7351,0.0151
UBC_618,0.4001,0.00800569415042094,1.24031,0.024817651866304916,1.64477256,0.16522744,0.60885,0.0144069039278245,0.1501,0.0200999999999999,0.4001,0.0251,0.6526,0.0426,1.0226,0.1076
UBC_620,0.58135,0.0109253175473055,1.8021850000000001,0.03386848439664705,2.005562955,0.104437045,0.86635,0.0195855715851499,0.3876,0.0026,0.7901,0.0001,1.1701,0.0151,1.6451,0.0101
UBC_626,0.2401,0.00800569415042095,0.74431,0.024817651866304948,0.77192455,0.18807545,0.35135,0.0022650635094611,0.2401,0.0001,0.3701,0.00510000000000001,0.5201,0.0151,0.7526,0.0376
UBC_628,0.3501,0.0101,1.08531,0.03131,1.216801375,0.026801375,0.0601,0.0347410161513776,0.2101,0.00510000000000001,0.2951,0.1151,0.4376,0.2276,0.6551,0.3901
UBC_630,0.1801,0.00363553390593274,0.5583100000000001,0.011270155108391494,0.32820122,0.16179878,0.27635,0.0022650635094611,0.1301,0.0001,0.2301,0.00509999999999999,0.3451,0.0101,0.5076,0.00760000000000001
UBC_631,0.27885,0.00659519052838327,0.864435,0.020445090637988137,1.24,,0.38885,0.0065951905283833,0.0801,0.0151,0.2226,0.0376,0.3701,0.0501,0.6651,0.0900999999999997
UBC_632,0.1251,0.0319198051533946,0.38781,0.09895139597552326,0.086532485,0.043467515,0.14135,0.0214234026365401,0.0601,0.0051,0.1126,0.0026,0.1626,0.0275999999999999,0.3501,0.0901000000000001
UBC_634,0.27385,0.00424578098794425,0.848935,0.013161921062627176,0.99103677,0.15896323,0.42885,0.00749509972887453,0.1751,0.0001,0.3401,0.00509999999999998,0.5226,0.0026,0.7676,0.00760000000000001
UBC_636,0.2526,0.0044301270189222,0.78306,0.01373339375865882,0.61076342,0.15923658,0.3901,0.0087602540378444,0.1726,0.00259999999999999,0.3201,0.00510000000000001,0.4926,0.0026,0.7051,0.00510000000000001
UBC_637,0.1626,0.0130903810567666,0.50406,0.040580181275976464,0.568697365,0.451302635,0.17635,0.0139631706330118,0.0801,0.00510000000000001,0.1501,0.0200999999999999,0.2476,0.0376,0.3951,0.0900999999999998
UBC_639,0.26635,0.0404693881548879,0.825685,0.1254551032801525,1.02,,0.48635,0.00554862367942585,0.2251,0.0001,0.4076,0.00259999999999997,0.5076,0.0926000000000002,0.8076,0.0926000000000002
UBC_640,0.2901,0.00363553390593274,0.89931,0.011270155108391494,0.87453085,0.125469150000001,0.4401,0.0001,0.1501,0.0101,0.3126,0.0276,0.4901,0.0451,0.7751,0.0451
UBC_643,0.4101,0.00800569415042093,1.2713100000000002,0.024817651866304885,1.73834535,0.251654650000001,0.64635,0.00554862367942585,0.2026,0.00259999999999999,0.4551,0.00510000000000001,0.7401,0.0201,1.1276,0.0276
UBC_644,0.4151,0.00363553390593274,1.28681,0.011270155108391494,0.97,,0.6551,0.0001,0.2401,0.0001,0.5026,0.0026,0.7626,0.00760000000000001,1.1651,0.00510000000000001
UBC_645,0.2876,0.00569016994374946,0.8915600000000001,0.017639526825623326,1.55,,0.44885,0.00424578098794425,0.1401,0.00509999999999999,0.2976,0.0126,0.4876,0.0126,0.7801,0.0451
UBC_646,0.26385,0.00554862367942585,0.817935,0.017200733406220133,1.18,,0.4026,0.00839156197588848,0.2076,0.0176,0.3701,0.0151,0.4976,0.0575999999999994,0.7901,0.0251
UBC_648,0.19885,0.0125373429638327,0.6164350000000001,0.03886576318788137,0.45711431,0.21288569,0.23885,0.00659519052838329,0.0751,0.0051,0.1751,0.0301,0.2976,0.0526,0.4901,0.0851000000000001
UBC_650,0.41635,0.0065951905283833,1.290685,0.02044509063798823,1.21402122,0.00597877999999996,0.7101,0.0391512483795333,0.2576,0.0126,0.5576,0.0376,0.9101,0.1301,1.2301,0.1001
UBC_651,0.27635,0.0168238602003246,0.856685,0.05215396662100626,3.150317755,0.159682245,0.5851,0.0001,0.1801,0.00510000000000001,0.3801,0.0101,0.6101,0.0650999999999994,0.9301,0.0451
UBC_652,0.1876,0.00569016994374948,0.58156,0.017639526825623388,0.613763355,0.093763355,0.3226,0.0044301270189222,0.1426,0.00259999999999999,0.2651,0.00510000000000001,0.3976,0.0126,0.5776,0.00760000000000001
UBC_656,0.28785,0.00752882897905181,0.892335,0.02333936983506061,1.8,,0.41885,0.0211282548015759,0.0351,0.0151,0.1801,0.0551,0.3576,0.0725999999999999,0.6776,0.1326
UBC_657,0.28785,0.00752882897905181,0.892335,0.02333936983506061,1.8,,0.41885,0.0211282548015759,0.0351,0.0151,0.1801,0.0551,0.3576,0.0725999999999999,0.6776,0.1326
UBC_659,0.4601,0.0001,1.42631,0.00031,1.670183825,0.049816175,0.7276,0.0196256241897667,0.2551,0.0101,0.5576,0.00759999999999995,0.8526,0.0326,1.2801,0.00510000000000001
UBC_660,0.45635,0.0065951905283833,1.414685,0.02044509063798823,1.352269545,0.057730455,0.52385,0.134607202409387,0.3101,0.00510000000000001,0.5726,0.0426,0.8051,0.115100000000001,1.1601,0.170099999999999
UBC_661,0.2851,0.00800569415042093,0.8838100000000001,0.024817651866304885,0.85260335,0.05739665,0.4426,0.0044301270189222,0.1926,0.00760000000000001,0.3651,0.0201,0.5476,0.0226,0.8001,0.0151
UBC_662,0.40385,0.00902678553567855,1.251935,0.02798303516060351,1.85,,0.4076,0.00259999999999997,0.3451,0.0351000000000003,0.5401,0.0351,0.7601,0.0850999999999996,1.1001,0.1901
UBC_664,0.53885,0.00902678553567857,1.6704350000000001,0.02798303516060357,2.16444623,0.0755537700000002,0.79885,0.0065951905283833,0.2026,0.0225999999999998,0.5601,0.0451,0.8876,0.0326,1.3926,0.0826
UBC_665,0.80635,0.0286864915650732,2.499685,0.08892812385172692,3.54206488,0.15793512,1.2301,0.0407201920231798,0.5551,0.0151,1.1551,0.0101,1.7926,0.00760000000000006,2.4101,0.0301
UBC_666,0.49135,0.00902678553567857,1.523185,0.02798303516060357,1.693215695,0.116784305,0.7776,0.0161078105935821,0.3051,0.0001,0.6651,0.0301,0.9851,0.0251,1.4351,0.0451
UBC_668,0.32385,0.0139631706330118,1.003935,0.04328582896233658,3.54761505,0.20238495,0.62635,0.0152554445662277,0.4076,0.0126,0.6551,0.0251,0.8951,0.0251,1.2401,0.0751
UBC_669,0.1001,0.0101,0.31031,0.03131,2.675296795,0.025296795,0.9701,0.0146773797371133,0.1726,0.0726000000000001,0.4401,0.2801,0.7026,0.4626,1.0201,0.6351
UBC_670,0.47635,0.0256868618630734,1.476685,0.07962927177552755,1.637536555,0.112463445,0.7776,0.0247221445044903,0.3276,0.0026,0.6776,0.0026,1.0051,0.0101,1.3901,0.0801
UBC_671,0.7876,0.0144614066163451,2.44156,0.04483036051066981,2.80700757,0.26700757,1.22135,0.0301780235387899,0.4801,0.0101,1.0701,0.0001,1.6851,0.0101,2.2951,0.00509999999999989
UBC_68,0.31885,0.00554862367942585,0.9884350000000001,0.017200733406220133,1.031931625,0.0680683750000001,0.5151,0.0207155281280883,0.2276,0.0026,0.4451,0.0201,0.6451,0.0251,0.9451,0.0351
UBC_74,0.5276,0.0161078105935821,1.63556,0.04993421284010451,1.75,,0.76385,0.0065951905283833,0.3326,0.0026,0.6701,0.0201,1.0201,0.0451,1.4801,0.0701000000000001
UBC_77,0.27385,0.0065951905283833,0.848935,0.02044509063798823,0.98195196,0.21804804,0.4126,0.0044301270189222,0.2001,0.0001,0.3776,0.00760000000000001,0.5526,0.0026,0.7801,0.0001
UBC_80,0.2601,0.0001,0.80631,0.00031,0.773718915,0.026281085,0.4176,0.0109972473588517,0.2026,0.00259999999999999,0.3626,0.00760000000000001,0.5251,0.0201,0.7776,0.0126
UBC_82,0.2001,0.00945414346693485,0.62031,0.029307844747498035,0.509186095,0.190813905,0.33385,0.0139631706330118,0.1951,0.0001,0.3201,0.00510000000000001,0.4676,0.00259999999999997,0.6476,0.0226
UBC_83,0.31635,0.00749509972887453,0.9806850000000001,0.023234809159511045,0.945976275,0.214023725,0.52135,0.0125373429638328,0.2351,0.00509999999999999,0.4476,0.00760000000000001,0.6676,0.0226,0.9376,0.0376
UBC_84,0.6176,0.0044301270189222,1.9145600000000003,0.01373339375865882,1.953506235,0.116493765,0.9126,0.0044301270189222,0.3651,0.00510000000000001,0.7601,0.0001,1.1476,0.00760000000000006,1.6701,0.0001
UBC_85,0.37635,0.00829679815537751,1.1666850000000002,0.025720074281670283,1.37829255,0.16170745,0.6076,0.0044301270189222,0.2451,0.00510000000000001,0.4901,0.0101,0.7376,0.00760000000000001,1.0776,0.0276
UBC_86,0.4026,0.0115564392373896,1.2480600000000002,0.03582496163590776,1.25713329,0.0228667100000001,0.62635,0.00970143218483577,0.2701,0.00510000000000001,0.5451,0.0101,0.8051,0.00510000000000001,1.1551,0.0350999999999999
UBC_87,0.58135,0.00554862367942585,1.8021850000000001,0.017200733406220133,2.017541445,0.182458555,0.8501,0.0151,0.3551,0.00510000000000001,0.7401,0.00510000000000001,1.1201,0.00510000000000001,1.5876,0.00759999999999995
UBC_92,0.61135,0.0109253175473055,1.895185,0.03386848439664705,3.260796455,0.419203544999997,0.9301,0.0087602540378444,0.3726,0.0026,0.8001,0.0001,1.2126,0.0126000000000001,1.7476,0.0126
UBC_93,0.25385,0.0307950728945219,0.786935,0.09546472597301789,3.315276755,0.084723245,0.60385,0.0022650635094611,0.5076,0.0176,0.7201,0.0451,0.9501,0.1051,1.1851,0.1851
UBC_94,0.41635,0.00970143218483575,1.290685,0.030074439772990826,1.99463527,0.35536473,0.7051,0.0151,0.3076,0.0026,0.6076,0.00760000000000001,0.9051,0.0201,1.2776,0.0476
UBC_95,0.24885,0.0164458710382775,0.771435,0.050982200218660255,2.898785195,0.141214805,0.5101,0.0001,0.5176,0.0026,0.7051,0.0151,0.9001,0.0501,1.1526,0.0776
UBC_96,0.3376,0.00569016994374946,1.0465600000000002,0.017639526825623326,1.506924005,0.433075994999999,0.50885,0.0130301005409858,0.2401,0.0001,0.4551,0.0101,0.6776,0.0026,0.9576,0.00760000000000001
UBC_97,0.3401,0.0137930639376291,1.05431,0.04275849820665021,1.56204159,0.32795841,0.54635,0.0195855715851498,0.2401,0.0001,0.4751,0.00510000000000001,0.7126,0.0226,0.9801,0.0450999999999999
UCC_G102.7+01.1,0.21385,0.0192621371459449,0.662935,0.05971262515242919,1.55,,0.53885,0.00749509972887453,0.0301,0.0301,0.2226,0.0676000000000001,0.4151,0.1251,0.6626,0.1926
UCC_G307.9+00.0,0.6451,0.012847548783982,1.99981,0.0398274012303442,2.21392788,0.18392788,1.0176,0.0193028643696715,0.4251,0.0001,0.8776,0.00760000000000001,1.3526,0.00259999999999995,1.8901,0.0101
UFMG_1,0.26635,0.0135047566184545,0.825685,0.04186474551720895,,,0.52885,0.0022650635094611,0.3776,0.0026,0.5776,0.0176,0.7801,0.0601,1.0801,0.0500999999999999
UFMG_16,0.45385,0.00749509972887453,1.406935,0.023234809159511045,1.46138991,0.12861009,0.72385,0.0152554445662277,0.3151,0.0101,0.6201,0.00510000000000001,0.9476,0.0276,1.3176,0.0226000000000001
UFMG_2,0.5301,0.0107066017177982,1.64331,0.033190465325174424,1.952746895,0.167253105,0.79885,0.0171934929139717,0.2851,0.0101,0.6551,0.00510000000000001,0.9901,0.0101,1.4426,0.0126000000000001
UFMG_22,0.43135,0.0144069039278245,1.337185,0.04466140217625595,3.88024508,0.21975492,0.7226,0.00760000000000001,0.2651,0.0001,0.5951,0.00510000000000001,0.9226,0.0326,1.3051,0.0151
UFMG_24,0.5576,0.00911387818865994,1.72856,0.028253022384845818,1.763125165,0.076874835,0.84135,0.0266459507269941,0.3551,0.0101,0.7601,0.00510000000000001,1.1651,0.0151,1.5976,0.0126000000000001
UFMG_29,0.68885,0.0148372826531895,2.1354349999999998,0.04599557622488745,2.358073545,0.041926455,0.62635,0.0211282548015759,0.4176,0.0126,0.8101,0.105099999999999,1.1776,0.2176,1.6201,0.280099999999999
UFMG_3,0.18385,0.0239156986040717,0.5699350000000001,0.07413866567262228,3.05,,1.2376,0.0466698400254929,0.3776,0.1126,0.7601,0.3951,1.2101,0.6651,1.4926,0.8976
UFMG_30,0.31135,0.0139631706330118,0.9651850000000001,0.04328582896233658,1.09797338,0.0279733799999999,0.5776,0.0249746859276655,0.2376,0.0026,0.4851,0.0351,0.7151,0.0850999999999996,0.9951,0.1051
UFMG_37,0.4526,0.0183002747232013,1.40306,0.05673085164192403,3.794031575,0.115968425,1.4051,0.00876025403784439,0.7226,0.0426,1.2451,0.225099999999999,1.7376,0.4076,2.2926,0.577600000000001
UFMG_38,0.5976,0.0236849528301415,1.8525600000000002,0.07342335377343866,4.99366096,0.0763390400000001,0.9651,0.0602040764008566,0.4901,0.0201,0.9376,0.00259999999999995,1.3326,0.0276000000000001,1.8926,0.0176
UFMG_39,0.4751,0.0155110350074224,1.4728100000000002,0.048084208523009445,1.320266365,0.200266364999999,0.7501,0.0311241841149772,0.3276,0.0026,0.6576,0.00760000000000001,1.0001,0.0101,1.3926,0.0376
UFMG_4,0.1801,0.00363553390593274,0.5583100000000001,0.011270155108391494,3.630174545,0.299825455,1.0601,0.0151,0.2751,0.1051,0.5926,0.3176,0.9251,0.4801,1.3101,0.6551
UFMG_41,1.0471,0.0214190056053279,3.24601,0.06639891737651649,3.787080385,0.0870803849999999,1.5151,0.0417833300013326,0.7701,0.00510000000000001,1.6001,0.00510000000000001,2.3701,0.0101,3.0626,0.0626
UFMG_42,1.0471,0.0214190056053279,3.24601,0.06639891737651649,3.787080385,0.0870803849999999,1.5151,0.0417833300013326,0.7701,0.00510000000000001,1.6001,0.00510000000000001,2.3701,0.0101,3.0626,0.0626
UFMG_43,1.0471,0.0214190056053279,3.24601,0.06639891737651649,3.787080385,0.0870803849999999,1.5151,0.0417833300013326,0.7701,0.00510000000000001,1.6001,0.00510000000000001,2.3701,0.0101,3.0626,0.0626
UFMG_44,1.0471,0.0214190056053279,3.24601,0.06639891737651649,3.787080385,0.0870803849999999,1.5151,0.0417833300013326,0.7701,0.00510000000000001,1.6001,0.00510000000000001,2.3701,0.0101,3.0626,0.0626
UFMG_45,0.13585,0.00693282518435822,0.421135,0.02149175807151048,2.252769795,0.057230205,0.45135,0.196262400831556,0.3276,0.0026,0.4326,0.0426,0.5001,0.0001,0.7251,0.1201
UFMG_47,0.16635,0.00902678553567856,0.5156850000000001,0.027983035160603534,0.38770073,0.21770073,0.2851,0.0118260393995586,0.1001,0.0101,0.2101,0.0001,0.3776,0.00760000000000001,0.4901,0.0001
UFMG_48,0.1401,0.0213132034355964,0.43431000000000003,0.06607093065034884,2.34342843,0.22342843,0.8101,0.0118260393995585,0.3826,0.0926000000000001,0.6101,0.2301,0.8476,0.3776,1.1126,0.5276
UFMG_53,0.6451,0.0001,1.99981,0.00031,2.287681165,0.0923188349999999,0.9701,0.0376832409459323,0.2976,0.0226,0.7026,0.0326,1.1901,0.0201,1.6976,0.0775999999999999
UFMG_54,0.2101,0.0776403120963541,0.6513100000000001,0.2406849674986977,1.560225075,0.170225075000001,0.5301,0.0210165006633519,0.2876,0.0026,0.4501,0.0650999999999998,0.5901,0.0901,0.8251,0.2201
UFMG_55,0.5216,0.00675206734782504,1.61696,0.020931408778257624,2.112185445,0.067814555,0.7076,0.186295461813655,0.2851,0.0001,0.6426,0.0226,0.7266,0.2616,1.4326,0.00260000000000006
UFMG_58,0.0326,0.00759999999999999,0.10106,0.02355999999999997,0.59637359,0.22362641,0.0551,0.0001,0.0426,0.0026,0.0376,0.0026,0.0801,0.0251,0.1251,0.0351
UFMG_59,0.2951,0.0177776695296637,0.9148099999999999,0.05511077554195747,1.096611305,0.213388695,0.4901,0.0213132034355964,0.2001,0.0001,0.4026,0.0126,0.6501,0.0151,0.8726,0.0376
UFMG_60,0.63385,0.0152554445662277,1.964935,0.047291878155305875,1.9182126,0.1482126,0.86385,0.0662792074597453,0.3276,0.0276,0.7701,0.0251,1.1976,0.0576,1.6851,0.0451
UFMG_61,0.2976,0.00911387818865998,0.9225599999999999,0.02825302238484594,0.91331414,0.02331414,0.5151,0.0107066017177982,0.2251,0.00510000000000001,0.4326,0.0176,0.6476,0.0226,0.9076,0.0576
UFMG_65,0.2801,0.00622372435695793,0.86831,0.019293545506569584,1.2043932,0.0956068,0.45135,0.0125373429638327,0.2026,0.00259999999999999,0.3751,0.0101,0.5876,0.0026,0.8326,0.0126
UFMG_66,0.65635,0.0022650635094611,2.034685,0.00702169687932941,2.775961555,0.304038444999997,0.98885,0.00970143218483572,0.3276,0.0375999999999998,0.7576,0.0426,1.1751,0.0301,1.7626,0.0626
UFMG_68,0.72135,0.0022650635094611,2.2361850000000003,0.00702169687932941,2.9274003,0.3425997,1.1521,0.00356410161513776,0.4706,0.0555999999999998,0.9651,0.0400999999999999,1.4376,0.0376000000000001,2.0951,0.0651000000000002
UFMG_69,0.2401,0.0352781181986758,0.74431,0.109362166415895,3.21210645,0.25789355,0.5751,0.0288228132326901,0.4376,0.0026,0.6601,0.0551,0.8226,0.0676,1.0726,0.1826
UFMG_72,0.6326,0.00839156197588851,1.9610600000000002,0.02601384212525438,2.79645654,0.25354346,0.9301,0.0087602540378444,0.3601,0.0001,0.7976,0.0026,1.1951,0.0151,1.7551,0.0200999999999999
UFMG_76,0.64635,0.0225652509445143,2.003685,0.06995227792799433,5.17434858,0.20434858,1.06635,0.0199037243971936,0.4301,0.00510000000000001,0.9551,0.00510000000000001,1.4426,0.0226000000000001,2.0026,0.0226
UFMG_78,0.25385,0.0307950728945219,0.786935,0.09546472597301789,3.315276755,0.084723245,0.60385,0.0022650635094611,0.5076,0.0176,0.7201,0.0451,0.9501,0.1051,1.1851,0.1851
UFMG_79,0.0651,0.0001,0.20181000000000002,0.00031,0.1729732,0.0929732,0.19135,0.00554862367942585,0.0551,0.0001,0.0976,0.0376,0.1751,0.0351,0.2626,0.0576
UFMG_80,0.4101,0.00717106781186546,1.2713100000000002,0.022230310216782928,1.541359535,0.188640465,0.6251,0.00717106781186548,0.2376,0.00759999999999999,0.5051,0.0001,0.7726,0.0026,1.1301,0.00510000000000001
UFMG_81,0.4101,0.00717106781186546,1.2713100000000002,0.022230310216782928,1.541359535,0.188640465,0.6251,0.00717106781186548,0.2376,0.00759999999999999,0.5051,0.0001,0.7726,0.0026,1.1301,0.00510000000000001
UFMG_82,0.2026,0.0389104367406499,0.6280600000000001,0.1206223538960147,3.1257593,0.00575930000000002,0.5801,0.00510000000000001,0.4951,0.0151,0.6726,0.0576,0.8751,0.1201,1.0826,0.2376
UFMG_83,0.3026,0.0183002747232013,0.93806,0.05673085164192403,3.75679805,0.533201949999999,0.54135,0.0125373429638328,0.3876,0.00760000000000001,0.6051,0.00510000000000001,0.8001,0.0001,1.1101,0.0551000000000001
UFMG_85,0.28635,0.00554862367942583,0.8876850000000001,0.017200733406220074,1.131231875,0.118768124999999,0.4751,0.0235520787991171,0.2326,0.00259999999999999,0.4276,0.00760000000000001,0.6676,0.0426,0.8926,0.0126
UFMG_86,0.7951,0.0243383992870816,2.46481,0.07544903778995296,3.214170925,0.0158290750000001,1.1876,0.0320178633370093,0.3226,0.00760000000000001,0.9476,0.00760000000000001,1.5301,0.0151,2.1026,0.0426
UFMG_87,0.42135,0.022001769334919,1.3061850000000002,0.0682054849382489,3.674120885,0.035879115,0.7776,0.0044301270189222,0.1751,0.0101,0.5226,0.00760000000000001,0.8526,0.0576,1.2251,0.0851000000000001
UFMG_89,0.5101,0.0263202212042538,1.58131,0.08159268573318677,4.153104165,0.0568958350000002,1.4301,0.0001,0.4011,0.0611,1.0176,0.2826,1.4786,0.4136,2.1001,0.6301
UFMG_91,0.21385,0.0065951905283833,0.662935,0.02044509063798823,0.937200445,0.252799555,0.3351,0.0118260393995586,0.1751,0.0001,0.3001,0.00510000000000001,0.4276,0.00760000000000001,0.6501,0.0251
UFMG_92,0.5026,0.00569016994374948,1.5580600000000002,0.017639526825623388,2.474692235,0.165307765,0.7876,0.0109972473588517,0.1701,0.00509999999999999,0.5101,0.0001,0.8301,0.0101,1.3126,0.0126
UFMG_93,0.7601,0.0174205080756888,2.35631,0.05400357503463528,2.91540324,0.0745967600000002,0.50135,0.0065951905283833,0.2501,0.0751,0.6226,0.2576,0.9601,0.3951,1.3861,0.5061
UFMG_94,0.2801,0.0112803398874989,0.86831,0.03496905365124659,2.72148286,0.378517140000001,0.48885,0.0022650635094611,0.2901,0.00510000000000001,0.4826,0.00760000000000001,0.6701,0.0251,0.9451,0.0351
UFMG_95,0.11135,0.00424578098794425,0.345185,0.013161921062627176,0.744281885,0.495718115,0.2076,0.0044301270189222,0.0626,0.0076,0.1426,0.00259999999999999,0.2226,0.0126,0.3401,0.00509999999999998
UFMG_96,0.2401,0.0352781181986758,0.74431,0.109362166415895,3.21210645,0.25789355,0.5751,0.0288228132326901,0.4376,0.0026,0.6601,0.0551,0.8226,0.0676,1.0726,0.1826
UPK_1,0.1626,0.0026,0.50406,0.00806,0.9023407,0.4076593,0.28885,0.00554862367942582,0.1176,0.0076,0.2301,0.0151,0.3451,0.0251,0.5001,0.0351
UPK_102,0.0651,0.00363553390593274,0.20181000000000002,0.011270155108391494,0.10564972,0.01435028,0.08135,0.0022650635094611,0.0276,0.0026,0.0551,0.0101,0.1001,0.0101,0.1501,0.0251
UPK_113,0.07385,0.00659519052838329,0.228935,0.0204450906379882,0.157038415,0.0229615850000001,0.14635,0.0148372826531893,0.0326,0.0026,0.0901,0.0101000000000001,0.1626,0.0225999999999999,0.2251,0.0601000000000001
UPK_12,0.0826,0.0026,0.25606,0.00806,0.303413415,0.0565865850000001,0.1751,0.00509999999999999,0.0801,0.0101,0.1351,0.0151,0.1901,0.0200999999999999,0.2826,0.0226
UPK_120,0.2706,0.00096602540378444,0.83886,0.0029946787517317643,1.027656525,0.412343475,0.2401,0.00510000000000001,0.0976,0.0376,0.2476,0.0726,0.3381,0.0680999999999999,0.5576,0.1376
UPK_126,0.4101,0.016683123951777,1.2713100000000002,0.0517176842505087,1.83667568,0.636675680000001,0.6101,0.0283842712474619,0.3651,0.00510000000000001,0.6351,0.00510000000000001,0.8601,0.0401,1.2901,0.0501000000000001
UPK_128,0.07385,0.00226506350946109,0.228935,0.007021696879329379,0.378570295,0.231429705,0.14385,0.0082967981553775,0.0301,0.0001,0.0801,0.0101,0.1376,0.00759999999999999,0.2201,0.0201
UPK_13,0.22385,0.00424578098794425,0.693935,0.013161921062627176,0.757825085,0.132174915,0.3401,0.00363553390593272,0.1476,0.0026,0.2851,0.0001,0.4276,0.0026,0.6351,0.0001
UPK_131,0.5526,0.0115564392373896,1.71306,0.03582496163590776,1.803896405,0.026103595,0.46385,0.03276783586343,0.3701,0.0801000000000001,0.6376,0.2126,0.9451,0.2951,1.2376,0.3876
UPK_142,0.0751,0.0001,0.23281000000000002,0.00031,0.353144875,0.206855125,0.1201,0.0001,0.0476,0.0026,0.0876,0.0026,0.1376,0.0026,0.2051,0.00509999999999999
UPK_143,0.39635,0.0271127284812179,1.228685,0.0840494582917755,3.301972105,0.098027895,0.7101,0.00363553390593274,0.5251,0.0151,0.8426,0.0576,1.1026,0.1126,1.4601,0.150100000000001
UPK_149,0.1026,0.00443012701892219,0.31806,0.01373339375865879,0.48817871,0.25182129,0.1551,0.0001,0.0626,0.0026,0.1226,0.0026,0.1851,0.00510000000000001,0.2701,0.00510000000000001
UPK_164,0.61385,0.0120242400177118,1.902935,0.03727514405490658,1.86239692,0.00239691999999991,0.9301,0.0505975246918104,0.4551,0.0001,0.9176,0.0226,1.3676,0.0826,1.7976,0.0626
UPK_166,0.13385,0.00554862367942585,0.414935,0.017200733406220133,0.40152626,0.21847374,0.21885,0.0022650635094611,0.0851,0.0001,0.1676,0.0026,0.2451,0.0101,0.3826,0.00760000000000001
UPK_169,0.2551,0.0151,0.79081,0.046810000000000004,2.37628447,0.14628447,0.48385,0.0585567147554499,0.2276,0.0326,0.3651,0.00510000000000001,0.5376,0.0476,0.8076,0.0226
UPK_17,0.34135,0.0241767003553228,1.058185,0.0749477711015007,1.655948105,0.025948105,0.50385,0.02142340263654,0.3001,0.00510000000000001,0.5201,0.0001,0.7251,0.00510000000000001,1.0726,0.0576
UPK_174,0.35885,0.00424578098794425,1.112435,0.013161921062627176,1.42308393,0.01691607,0.5651,0.0303076149339864,0.3001,0.0001,0.5551,0.00510000000000001,0.8176,0.0476,1.1026,0.0526
UPK_178,0.7651,0.0303076149339865,2.37181,0.09395360629535815,2.456049495,0.0339505050000002,1.1326,0.0320178633370093,0.5801,0.00510000000000001,1.1801,0.0101,1.7026,0.0476,2.2001,0.1051
UPK_18,0.3001,0.0294683503111768,0.93031,0.09135188596464808,1.107975355,0.0020246450000001,0.48885,0.0109253175473055,0.2326,0.00259999999999999,0.4401,0.00510000000000001,0.5951,0.0301,0.9276,0.0026
UPK_185,0.12635,0.0022650635094611,0.391685,0.00702169687932941,,,0.1801,0.0001,0.0701,0.0001,0.1401,0.0001,0.2301,0.0001,0.3351,0.0101
UPK_194,0.7676,0.0226,2.37956,0.07006,2.45,,0.69435,0.017031848688197,0.4616,0.0186,0.9501,0.110100000000001,1.3476,0.227599999999999,1.8076,0.262600000000001
UPK_195,0.6876,0.032791742076555,2.13156,0.10165440043732049,2.252914865,0.082914865,1.07635,0.034808608442287,0.4351,0.0101,0.9776,0.0426,1.5076,0.0326,1.9876,0.1176
UPK_20,0.3276,0.0176,1.01556,0.054560000000000004,1.94253621,0.0674637899999999,0.63385,0.0268803566070357,0.2976,0.0676,0.5751,0.0451,0.8926,0.1226,1.1126,0.1776
UPK_220,0.6576,0.071994019222742,2.03856,0.2231814595905002,,,0.63185,0.00693282518435823,0.4441,0.00610000000000001,0.8426,0.0925999999999996,1.2601,0.2251,1.5601,0.175099999999999
UPK_225,0.13385,0.00424578098794425,0.414935,0.013161921062627176,0.630730485,0.359269515,0.2301,0.00509999999999999,0.0926,0.0026,0.1726,0.00259999999999999,0.2651,0.0101,0.4076,0.0126
UPK_234,0.41635,0.0370754986443726,1.290685,0.11493404579755508,2.56444019,0.44444019,0.5351,0.0471372193055669,0.3226,0.0375999999999998,0.5076,0.0276,0.6226,0.1426,1.2051,0.180099999999999
UPK_236,0.37385,0.0179097585609688,1.158935,0.055520251539003286,1.830239865,0.109760135,0.57385,0.02142340263654,0.3251,0.0101,0.5626,0.00759999999999995,0.7951,0.0351,1.1151,0.0201
UPK_237,0.4496,0.0164783393541592,1.39376,0.05108285199789352,,,0.64385,0.0233849200127465,0.4701,0.0101,0.7726,0.0026,1.0476,0.00260000000000006,1.3951,0.0250999999999999
UPK_243,0.2501,0.00622372435695795,0.7753099999999999,0.019293545506569646,0.90736794,0.14263206,0.3851,0.0087602540378444,0.1951,0.00510000000000001,0.3601,0.00510000000000001,0.5126,0.0176,0.7301,0.0151
UPK_282,0.0576,0.00443012701892219,0.17856,0.01373339375865879,0.26587879,0.01412121,0.1501,0.0087602540378444,0.0601,0.0051,0.0951,0.0101,0.1526,0.0276,0.2051,0.0450999999999999
UPK_29,0.7646,0.00394057287393431,2.37026,0.012215775909196362,2.813964845,0.0639648450000001,0.7056,0.00465521678957215,0.4986,0.0366,1.0356,0.0906,1.4551,0.170099999999999,1.9351,0.275099999999999
UPK_298,0.2626,0.00760000000000001,0.81406,0.023560000000000032,1.02,,0.46885,0.0109253175473055,0.2401,0.0101,0.4451,0.0551,0.6726,0.0576,0.8826,0.0975999999999991
UPK_31,0.23635,0.0164458710382775,0.732685,0.050982200218660255,0.846504565,0.203495435,0.3501,0.0151,0.1901,0.00510000000000001,0.3201,0.00510000000000001,0.4551,0.0001,0.7126,0.0526
UPK_315,0.55635,0.00749509972887449,1.724685,0.02323480915951092,1.86045841,0.0304584099999999,0.82885,0.0130301005409858,0.3751,0.00510000000000001,0.7501,0.0001,1.1176,0.00759999999999995,1.5776,0.00260000000000006
UPK_33,0.34635,0.0395295257389689,1.073685,0.1225415297908036,2.41325176,0.03325176,0.6076,0.00760000000000001,0.3576,0.00760000000000001,0.6201,0.0001,0.8451,0.0401,1.1401,0.0901
UPK_338,0.1751,0.00509999999999999,0.54281,0.01580999999999997,0.81430716,0.37569284,0.33635,0.00970143218483576,0.1376,0.0026,0.2576,0.00760000000000001,0.3826,0.0276,0.5651,0.0401
UPK_358,0.1626,0.0026,0.50406,0.00806,0.681863335,0.188136665,0.27635,0.0022650635094611,0.1326,0.0026,0.2401,0.00510000000000001,0.3551,0.0151,0.5001,0.0251
UPK_36,0.68635,0.0289042965545073,2.127685,0.08960331931897264,3.520633805,0.329366195,1.1751,0.0001,0.6151,0.0551,1.2651,0.0300999999999999,1.7826,0.0676,2.2976,0.1726
UPK_38,0.2726,0.0135629120178363,0.84506,0.04204502725529253,2.17958393,0.240416070000001,1.0631,0.0187949190958399,0.5081,0.1381,0.9026,0.3526,1.2476,0.5426,1.6376,0.6676
UPK_392,0.0476,0.0044301270189222,0.14756000000000002,0.01373339375865882,0.302700005,0.257299995,0.0876,0.00443012701892219,0.0176,0.0076,0.0376,0.0026,0.0701,0.0151,0.1351,0.0101
UPK_394,0.10635,0.00424578098794425,0.329685,0.013161921062627176,0.173060145,0.056939855,0.1676,0.0044301270189222,0.0651,0.00510000000000001,0.1276,0.0026,0.1976,0.00759999999999999,0.2826,0.0126
UPK_4,0.31885,0.00424578098794425,0.9884350000000001,0.013161921062627176,1.314664965,0.0753350349999999,0.50385,0.0422863425767155,0.2651,0.00510000000000001,0.4851,0.0001,0.6526,0.0426,0.9926,0.0126
UPK_404,0.0976,0.0026,0.30256000000000005,0.00806,0.60737473,0.24262527,0.1801,0.0107066017177982,0.0576,0.0026,0.1151,0.0001,0.2051,0.0151,0.2876,0.0126
UPK_407,0.0651,0.0001,0.20181000000000002,0.00031,0.29396938,0.14603062,0.13135,0.0022650635094611,0.0326,0.00760000000000001,0.0676,0.0126,0.1251,0.0151000000000001,0.2001,0.0250999999999999
UPK_417,0.1151,0.0051,0.35681,0.01581,0.303983305,0.106016695,0.2476,0.00760000000000001,0.0951,0.0401,0.1776,0.0226000000000001,0.2826,0.0575999999999999,0.3776,0.0676000000000001
UPK_42,0.34385,0.0164458710382775,1.065935,0.050982200218660255,1.565115635,0.004884365,0.53135,0.00554862367942585,0.2776,0.0026,0.5276,0.0126,0.7401,0.0501000000000001,1.0376,0.0376
UPK_422,0.09885,0.00659519052838329,0.306435,0.0204450906379882,0.44320024,0.16679976,0.1651,0.00510000000000001,0.0376,0.0026,0.1001,0.0101,0.1576,0.00760000000000001,0.2776,0.0026
UPK_423,0.05885,0.0022650635094611,0.182435,0.00702169687932941,0.1855657,0.0944343,0.09885,0.0022650635094611,0.0276,0.0026,0.0551,0.0051,0.0951,0.0001,0.1451,0.0150999999999999
UPK_429,0.0501,0.0001,0.15531,0.00031,0.2609741,0.1390259,0.0876,0.00443012701892219,0.0426,0.0026,0.0651,0.00510000000000001,0.1001,0.0051,0.1526,0.00760000000000001
UPK_431,0.02635,0.00902678553567856,0.081685,0.027983035160603534,0.179314525,0.040685475,0.08385,0.00659519052838329,0.0126,0.0126,0.0451,0.0201,0.0651,0.0101,0.0976,0.0576
UPK_432,0.3076,0.0044301270189222,0.95356,0.01373339375865882,1.32,,0.47385,0.0125373429638327,0.2151,0.0001,0.4176,0.00760000000000001,0.5826,0.0026,0.8901,0.0201
UPK_433,0.08635,0.00659519052838329,0.267685,0.0204450906379882,0.288242165,0.171757835,0.15885,0.00554862367942585,0.0801,0.0001,0.1301,0.00510000000000001,0.1851,0.0001,0.2751,0.0201
UPK_436,0.09135,0.00424578098794425,0.283185,0.013161921062627176,0.34359419,0.13640581,0.17635,0.0022650635094611,0.0751,0.0001,0.1301,0.0001,0.2001,0.00509999999999999,0.2901,0.0151
UPK_441,0.0751,0.00363553390593274,0.23281000000000002,0.011270155108391494,0.219502695,0.0304973050000001,0.1401,0.00363553390593273,0.0651,0.0001,0.0951,0.0001,0.1601,0.00510000000000001,0.2251,0.0151
UPK_445,0.21385,0.0236518046017709,0.662935,0.07332059426548979,0.648387815,0.031612185,0.3101,0.0232840462387393,0.1301,0.0001,0.2526,0.00760000000000001,0.3551,0.0201,0.5901,0.0501
UPK_446,0.06635,0.00749509972887452,0.20568500000000003,0.02323480915951101,0.27706702,0.12293298,0.1326,0.0044301270189222,0.0626,0.0076,0.1051,0.0051,0.1626,0.00760000000000001,0.2226,0.0276
UPK_447,0.14385,0.00659519052838328,0.445935,0.02044509063798817,0.533396855,0.056603145,0.29885,0.00424578098794425,0.1176,0.0076,0.2326,0.0326,0.3451,0.0601000000000003,0.4876,0.0926000000000001
UPK_45,0.2276,0.0026,0.70556,0.00806,0.962644555,0.207355445,0.3651,0.00622372435695795,0.1826,0.00760000000000001,0.3351,0.00510000000000001,0.4876,0.0126,0.6826,0.0276
UPK_450,0.0851,0.0001,0.26381,0.00031,0.255593915,0.114406085,0.13885,0.0022650635094611,0.0401,0.0051,0.0826,0.0076,0.1426,0.00759999999999999,0.2226,0.00760000000000001
UPK_452,0.0526,0.0026,0.16306,0.00806,0.229789475,0.160210525,0.14385,0.0082967981553775,0.0301,0.0101,0.0801,0.0351,0.1301,0.0401,0.1951,0.0701
UPK_454,0.0776,0.00569016994374947,0.24056000000000002,0.017639526825623357,0.288873915,0.161126085,0.16385,0.0065951905283833,0.0551,0.0051,0.1151,0.0151,0.1626,0.00760000000000001,0.2576,0.0426
UPK_457,0.1101,0.00510000000000001,0.34131,0.015810000000000032,0.52819276,0.22180724,0.2301,0.0118260393995586,0.0601,0.0001,0.1476,0.0226,0.2101,0.0251000000000002,0.3476,0.0675999999999998
UPK_463,0.06885,0.0022650635094611,0.21343499999999999,0.00702169687932941,0.1996088,0.0903912,0.1151,0.0001,0.0276,0.0026,0.0601,0.0051,0.1151,0.0051,0.1676,0.0126
UPK_465,0.0751,0.00363553390593274,0.23281000000000002,0.011270155108391494,0.22666372,0.11333628,0.13885,0.0022650635094611,0.0476,0.0026,0.0901,0.0101000000000001,0.1526,0.00760000000000001,0.2151,0.0251000000000002
UPK_467,0.0751,0.00363553390593274,0.23281000000000002,0.011270155108391494,0.175554185,0.074445815,0.1126,0.0044301270189222,0.0176,0.0026,0.0626,0.0026,0.1051,0.0051,0.1851,0.00510000000000001
UPK_468,0.06635,0.00749509972887452,0.20568500000000003,0.02323480915951101,0.32456623,0.17543377,0.1251,0.00622372435695795,0.0401,0.0001,0.0826,0.0026,0.1401,0.0101,0.1801,0.0201000000000001
UPK_469,0.0776,0.0026,0.24056000000000002,0.00806,0.394767485,0.255232515,0.1401,0.0001,0.0401,0.0051,0.0851,0.0051,0.1376,0.00759999999999999,0.2201,0.0101
UPK_470,0.08885,0.0082967981553775,0.275435,0.025720074281670252,0.34698232,0.14301768,0.16635,0.0065951905283833,0.0526,0.0026,0.1151,0.0051,0.1801,0.0151,0.2476,0.0426
UPK_472,0.09885,0.0022650635094611,0.306435,0.00702169687932941,0.38573126,0.22426874,0.15385,0.0022650635094611,0.0376,0.0026,0.0951,0.00510000000000001,0.1601,0.00510000000000001,0.2501,0.00510000000000001
UPK_477,0.0301,0.00876025403784438,0.09331,0.02715678751731758,0.281375425,0.158624575,0.09385,0.0109253175473055,0.0151,0.0001,0.0501,0.0301,0.0851,0.0351,0.1076,0.0726
UPK_478,0.0601,0.00363553390593274,0.18631,0.011270155108391494,0.301717135,0.128282865,0.1051,0.0001,0.0201,0.0051,0.0551,0.0051,0.0976,0.0026,0.1626,0.0026
UPK_479,0.0651,0.0001,0.20181000000000002,0.00031,0.22912681,0.10087319,0.11885,0.00226506350946109,0.0276,0.0026,0.0651,0.00510000000000001,0.1176,0.0076,0.1826,0.0126
UPK_481,0.0476,0.00569016994374948,0.14756000000000002,0.017639526825623388,0.31627773,0.25372227,0.10635,0.0022650635094611,0.0251,0.0101,0.0501,0.0151,0.0951,0.0101,0.1451,0.0301
UPK_488,0.0676,0.0026,0.20956,0.00806,0.325570195,0.174429805,0.13635,0.0065951905283833,0.0351,0.0051,0.0776,0.0126,0.1226,0.0126000000000001,0.1976,0.0325999999999999
UPK_5,0.1876,0.00569016994374948,0.58156,0.017639526825623388,0.980762655,0.349237345,0.3301,0.00363553390593274,0.1476,0.0026,0.2776,0.0176,0.4026,0.0276,0.6026,0.0376
UPK_500,0.13885,0.00554862367942584,0.430435,0.017200733406220105,0.918582555,0.101417445,0.24385,0.0114880419739304,0.0751,0.0051,0.1626,0.0026,0.2501,0.00510000000000001,0.4151,0.0001
UPK_502,0.0926,0.0026,0.28706000000000004,0.00806,0.463711475,0.216288525,0.12885,0.0065951905283833,0.0851,0.0001,0.1301,0.0001,0.1801,0.0151,0.2751,0.00510000000000001
UPK_508,0.1476,0.0026,0.45756,0.00806,0.618136085,0.00813608500000002,0.2226,0.0161078105935821,0.1326,0.0026,0.2126,0.00760000000000001,0.3001,0.0101,0.4301,0.00510000000000001
UPK_509,0.19385,0.0109253175473055,0.600935,0.03386848439664705,0.706297235,0.016297235,0.31135,0.0164458710382775,0.1451,0.00509999999999999,0.2651,0.00510000000000001,0.3726,0.0026,0.5951,0.0101
UPK_512,0.09635,0.0022650635094611,0.29868500000000003,0.00702169687932941,0.25486718,0.08513282,0.18385,0.0022650635094611,0.0601,0.0051,0.1251,0.0101,0.2001,0.0201,0.2976,0.0226
UPK_528,0.23885,0.00554862367942584,0.7404350000000001,0.017200733406220105,0.724413125,0.00441312500000002,0.3651,0.0087602540378444,0.1976,0.0026,0.3601,0.0001,0.5001,0.00510000000000001,0.7101,0.0201
UPK_53,0.33385,0.0164458710382775,1.034935,0.050982200218660255,1.339752555,0.0302474450000001,0.4926,0.0327917420765551,0.2776,0.0026,0.5051,0.0001,0.6801,0.00510000000000001,0.9801,0.0101
UPK_535,0.05885,0.0022650635094611,0.182435,0.00702169687932941,0.35740235,0.22259765,0.11135,0.0022650635094611,0.0226,0.0026,0.0451,0.0001,0.0951,0.0001,0.1476,0.00759999999999999
UPK_538,0.0901,0.0123474487139159,0.27931,0.038277091013139294,0.344599815,0.195400185,0.1451,0.0001,0.0426,0.00760000000000001,0.0851,0.0051,0.1301,0.0151,0.2551,0.0251
UPK_54,0.3251,0.0107066017177982,1.00781,0.033190465325174424,1.257689135,0.0923108650000001,0.4651,0.0204100960115899,0.2401,0.00510000000000001,0.4626,0.0026,0.6551,0.0351,0.9351,0.00509999999999995
UPK_544,0.0801,0.0001,0.24831000000000003,0.00031,0.264492555,0.0955074449999999,0.1551,0.0001,0.0526,0.00760000000000002,0.1001,0.0101,0.1626,0.00760000000000001,0.2526,0.0126
UPK_545,0.1051,0.0001,0.32581,0.00031,0.302834655,0.217165345,0.13385,0.0022650635094611,0.0601,0.0051,0.1126,0.0126,0.1726,0.0276000000000002,0.2601,0.0251
UPK_548,0.1651,0.00510000000000001,0.51181,0.015810000000000032,0.53714109,0.11285891,0.2476,0.0044301270189222,0.1026,0.0026,0.2051,0.0101,0.3126,0.00760000000000001,0.4526,0.00760000000000001
UPK_566,0.07635,0.0168238602003246,0.236685,0.05215396662100626,0.38933643,0.25066357,0.10385,0.00226506350946109,0.0276,0.0026,0.0526,0.0026,0.1026,0.0125999999999999,0.2276,0.0676
UPK_568,0.06635,0.00659519052838329,0.20568500000000003,0.0204450906379882,1.82,,0.1551,0.0001,0.0601,0.0051,0.1026,0.0125999999999999,0.1651,0.0201000000000001,0.2251,0.0451
UPK_578,0.2426,0.00911387818865997,0.7520600000000001,0.028253022384845908,0.783052415,0.056947585,0.3476,0.0026,0.2051,0.00509999999999999,0.3551,0.00510000000000001,0.5001,0.0101,0.7301,0.0401
UPK_605,0.11135,0.0022650635094611,0.345185,0.00702169687932941,0.170295645,0.0297043550000001,0.1901,0.0001,0.0376,0.0026,0.1076,0.0026,0.1876,0.00760000000000001,0.2926,0.00760000000000001
UPK_607,0.2526,0.00760000000000001,0.78306,0.023560000000000032,1.08691874,0.223081260000001,0.4026,0.0026,0.1951,0.00510000000000001,0.3726,0.0026,0.5476,0.0026,0.7776,0.0026
UPK_610,0.28385,0.0315990079208855,0.879935,0.09795692455474504,3.19720723,0.0372072299999999,0.81385,0.0369060796608386,0.1226,0.0076,0.4226,0.0876000000000002,0.6626,0.1576,1.0501,0.2951
UPK_614,0.13885,0.0022650635094611,0.430435,0.00702169687932941,0.489281345,0.100718655,0.2226,0.0076,0.0951,0.0101,0.1876,0.0026,0.2776,0.0026,0.4026,0.00759999999999998
UPK_617,0.16385,0.0022650635094611,0.507935,0.00702169687932941,0.464349665,0.025650335,0.26885,0.0022650635094611,0.1051,0.0001,0.2126,0.0026,0.3276,0.0026,0.4801,0.0101
UPK_621,0.25635,0.0148372826531895,0.7946850000000001,0.04599557622488745,0.960549305,0.059450695,0.35635,0.0130301005409857,0.1851,0.00510000000000001,0.3226,0.00760000000000001,0.4626,0.0376,0.7401,0.0651
UPK_630,0.1451,0.00622372435695794,0.44981000000000004,0.019293545506569615,0.66562183,0.11437817,0.26385,0.0022650635094611,0.1026,0.0125999999999999,0.2151,0.00510000000000001,0.3076,0.0176,0.4476,0.0376
UPK_644,0.1551,0.00510000000000001,0.48080999999999996,0.015810000000000032,0.59474872,0.18525128,0.2526,0.0026,0.1001,0.0051,0.2026,0.00259999999999999,0.3051,0.00510000000000001,0.4501,0.0101
UPK_645,0.09135,0.0022650635094611,0.283185,0.00702169687932941,0.44923864,0.26076136,0.1476,0.00443012701892219,0.0576,0.0026,0.1126,0.0026,0.1626,0.0026,0.2551,0.0151
UPK_654,0.10135,0.00424578098794425,0.314185,0.013161921062627176,0.6,,0.19385,0.0139631706330118,0.0676,0.0026,0.1576,0.0226,0.2176,0.00760000000000001,0.3351,0.0600999999999999
UPK_66,0.0876,0.0026,0.27156,0.00806,0.35686951,0.20313049,0.12885,0.0022650635094611,0.0476,0.0026,0.0976,0.0026,0.1476,0.0026,0.2251,0.0001
UPK_67,0.21135,0.00902678553567856,0.655185,0.027983035160603534,1.15099837,0.37900163,0.3751,0.0174205080756888,0.1601,0.0151,0.3101,0.0251,0.4051,0.0151,0.6551,0.0700999999999997
UPK_7,0.28635,0.0135047566184545,0.8876850000000001,0.04186474551720895,1.07030469,0.07030469,0.5376,0.021750635094611,0.2051,0.00509999999999999,0.4351,0.0301,0.6351,0.0650999999999998,0.8951,0.120099999999999
UPK_71,0.2726,0.00839156197588851,0.84506,0.02601384212525438,1.0598288,0.0301712000000001,0.38385,0.0148372826531895,0.2226,0.0026,0.3976,0.0026,0.5476,0.00760000000000001,0.8001,0.00510000000000001
UPK_73,0.33885,0.0309980177357707,1.050435,0.09609385498088917,0.05,,0.51135,0.0348086084422871,0.3426,0.00259999999999997,0.5776,0.00760000000000001,0.6701,0.0301,1.1576,0.0676
UPK_80,0.1776,0.00569016994374947,0.55056,0.017639526825623357,0.59195999,0.04804001,0.24135,0.0152554445662277,0.1526,0.00760000000000001,0.2526,0.0026,0.3326,0.0226,0.5201,0.0151
UPK_82,0.12885,0.0135047566184545,0.399435,0.04186474551720895,0.50834961,0.33165039,0.20385,0.0114880419739304,0.0951,0.0101,0.1751,0.0151,0.2401,0.0101,0.3576,0.0475999999999999
UPK_90,0.24135,0.0168238602003246,0.7481850000000001,0.05215396662100626,0.93720496,0.132795039999999,0.33885,0.0022650635094611,0.2001,0.0101,0.3626,0.00760000000000001,0.4751,0.0201,0.6951,0.0001
UPK_94,0.29135,0.0156623744974859,0.903185,0.04855336094220629,1.128377685,0.171622315000001,0.4426,0.0179535710713571,0.2301,0.0001,0.4176,0.0026,0.5776,0.00760000000000001,0.8326,0.0276
VVV-CL_160,0.2576,0.0104077640640442,0.79856,0.032264068598537025,1.06580337,0.0441966300000001,0.38635,0.0139631706330118,0.2376,0.0276000000000001,0.4076,0.00259999999999997,0.5901,0.0101,0.7551,0.0301
VVV-CL_39,0.52135,0.0120242400177118,1.616185,0.03727514405490658,1.78326699,0.27673301,0.80135,0.0065951905283833,0.3551,0.00510000000000001,0.7251,0.0101,1.0526,0.0326,1.5126,0.00760000000000006
VVV-CL_41,0.81635,0.0148372826531895,2.530685,0.04599557622488745,2.774328505,0.204328505,1.23385,0.0109253175473054,0.3026,0.0026,0.9101,0.00510000000000001,1.4776,0.0376,2.1601,0.00510000000000012
VVV-CL_5,0.3201,0.00363553390593274,0.99231,0.011270155108391494,,,0.55635,0.0199037243971936,0.2201,0.00510000000000001,0.4426,0.0126,0.6751,0.0301,0.9951,0.0201
VVV-CL_9,0.3926,0.0044301270189222,1.21706,0.01373339375865882,1.21860942,0.24139058,0.6401,0.0087602540378444,0.2251,0.0001,0.4801,0.00510000000000001,0.7351,0.00510000000000001,1.1201,0.0100999999999999
VVVX_CL_131,0.06885,0.0022650635094611,0.21343499999999999,0.00702169687932941,0.149716635,0.060283365,0.1151,0.0001,0.0326,0.0026,0.0751,0.0101,0.1251,0.00510000000000001,0.1801,0.0201000000000001
VVVX-Obasi_1,0.4501,0.0001,1.39531,0.00031,1.299291135,0.049291135,0.5476,0.117653179455087,0.2801,0.00509999999999998,0.5276,0.0426,0.8951,0.0401,1.1251,0.145099999999999
VVVX-Obasi_2,0.4501,0.0001,1.39531,0.00031,1.299291135,0.049291135,0.5476,0.117653179455087,0.2801,0.00509999999999998,0.5276,0.0426,0.8951,0.0401,1.1251,0.145099999999999
VVVX-Obasi_32,0.4026,0.00759999999999998,1.2480600000000002,0.02355999999999994,1.37973639,0.17026361,0.6276,0.0161078105935821,0.2751,0.0101,0.5526,0.0026,0.8251,0.00510000000000001,1.1801,0.0101
VVVX-Obasi_8,0.3001,0.0001,0.93031,0.00031,1.24182434,0.02817566,0.4751,0.0001,0.1826,0.0026,0.3351,0.0201,0.5026,0.0326,0.8126,0.0226
Vela_Ring_G,0.20635,0.0382403657559809,0.6396850000000001,0.1185451338435408,2.36257201,0.00742799000000005,0.6126,0.0176,0.0076,0.0076,0.2001,0.0301,0.3926,0.0926000000000001,0.6501,0.2101
Vela_Ring_I,0.08385,0.0325759526419164,0.25993499999999997,0.10098545318994084,0.413894495,0.206105505,0.1976,0.0026,0.0726,0.0026,0.1401,0.0001,0.1726,0.0376,0.2501,0.0901000000000001
WCZ_J1342-62,0.43135,0.0865128896635215,1.337185,0.26818995795691664,3.302389635,0.227610365,0.95635,0.0182572988079174,0.2376,0.0126,0.6501,0.0301,0.8451,0.2451,1.2876,0.3626
Waterloo_1,0.6051,0.00622372435695795,1.87581,0.019293545506569646,2.44796578,0.11796578,0.8726,0.00760000000000001,0.0001,0.0001,0.3326,0.00760000000000001,0.7276,0.0176,1.2451,0.0551000000000001
Waterloo_3,0.22885,0.00554862367942584,0.709435,0.017200733406220105,0.68,,0.3751,0.0001,0.1951,0.0101,0.3326,0.0026,0.4751,0.00510000000000001,0.7126,0.0026
Waterloo_7,0.3851,0.0107066017177982,1.19381,0.033190465325174424,1.2992312,0.200768800000001,0.61635,0.0139631706330118,0.2676,0.0176,0.5226,0.0126,0.7726,0.0426,1.0801,0.0651000000000001
Westerlund_1,0.17885,0.00424578098794425,0.554435,0.013161921062627176,0.61522446,0.0947755400000002,0.3126,0.00760000000000001,0.1326,0.0026,0.2576,0.0126,0.3926,0.0176,0.5526,0.0326
Westerlund_2_N,0.38635,0.0109253175473055,1.197685,0.03386848439664705,,,0.63385,0.0109253175473055,0.0751,0.0051,0.3926,0.00760000000000001,0.6526,0.0226,1.0351,0.00510000000000001
XDOCC-02,0.2126,0.00569016994374948,0.6590600000000001,0.017639526825623388,0.68216272,0.16783728,0.3526,0.0130903810567666,0.1326,0.0026,0.2826,0.0226,0.4301,0.0201,0.6351,0.0301
XDOCC-03,0.1476,0.00569016994374947,0.45756,0.017639526825623357,0.71,,0.2851,0.0301000000000002,0.1126,0.0126,0.2276,0.0426,0.3651,0.0551,0.5076,0.0576000000000006
XDOCC-04,0.22635,0.00424578098794425,0.701685,0.013161921062627176,0.7541379,0.0858621,0.3601,0.0087602540378444,0.1626,0.0026,0.2951,0.0101,0.4501,0.0001,0.6476,0.00760000000000001
XDOCC-05,0.1376,0.00569016994374947,0.42656,0.017639526825623357,0.43143108,0.19856892,0.2376,0.00443012701892219,0.0926,0.0026,0.1801,0.0101,0.2851,0.0001,0.4251,0.00510000000000001
XDOCC-06,0.2251,0.00945414346693485,0.69781,0.029307844747498035,0.8090644,0.0390644,0.4451,0.0001,0.2276,0.0026,0.4026,0.00759999999999998,0.5726,0.0226,0.7926,0.0626
XDOCC-07,0.0851,0.0001,0.26381,0.00031,0.30605811,0.19394189,0.1476,0.00443012701892219,0.0526,0.00760000000000002,0.1026,0.0076,0.1551,0.0001,0.2451,0.0151
XDOCC-08,0.6951,0.00945414346693483,2.1548100000000003,0.029307844747497973,2.588414245,0.151585755,1.0951,0.0260807621135331,0.4851,0.0251,0.9826,0.0226,1.5126,0.0676,2.0401,0.0450999999999999
Xuyi_16,0.47635,0.00829679815537751,1.476685,0.025720074281670283,1.679090155,0.149090155,0.7026,0.0130903810567666,0.0526,0.0326,0.3426,0.0576,0.6676,0.0675999999999999,1.0476,0.0676
Xuyi_17,0.29385,0.0130301005409857,0.910935,0.04039331167705567,0.774570955,0.0354290450000001,0.4176,0.0130903810567666,0.2351,0.0001,0.4051,0.0151,0.5976,0.0276,0.8176,0.0226
Xuyi_20,0.2301,0.0238170824512629,0.71331,0.07383295559891499,1.0,,0.38135,0.0211282548015759,0.1376,0.0026,0.2926,0.0176,0.4776,0.0476,0.6876,0.0126
Xuyi_22,0.2301,0.00363553390593273,0.71331,0.011270155108391463,0.701275105,0.038724895,0.3551,0.0001,0.1651,0.0101,0.2876,0.0226,0.4251,0.0301,0.6651,0.0501
Xuyi_24,0.42635,0.0065951905283833,1.321685,0.02044509063798823,1.94,,0.6001,0.0151,0.1651,0.00510000000000001,0.4251,0.0351,0.7126,0.0725999999999998,1.0801,0.0951
Xuyi_9,0.30885,0.00902678553567857,0.957435,0.02798303516060357,1.0272052,0.1627948,0.0651,0.0349209706929603,0.2451,0.0301000000000002,0.3351,0.0600999999999999,0.4226,0.1976,0.6176,0.3126
Yalyalieva_C,0.34385,0.0109253175473055,1.065935,0.03386848439664705,1.36,,0.5076,0.021750635094611,0.1526,0.0026,0.3476,0.0326,0.5776,0.0826000000000001,0.9026,0.0925999999999996
Yalyalieva_F,0.3626,0.00569016994374948,1.12406,0.017639526825623388,1.197337935,0.132662064999999,0.62385,0.0874480824059689,0.2676,0.0026,0.5026,0.00760000000000001,0.9676,0.2226,1.0701,0.0001
ZHBJZ_1,0.0251,0.0123474487139159,0.07781,0.038277091013139294,0.42000206,0.23999794,0.08385,0.00902678553567856,0.0151,0.0001,0.0226,0.0026,0.0676,0.0126,0.0876,0.0576
deWit_2,0.1951,0.00363553390593274,0.60481,0.011270155108391494,0.81406741,0.15593259,0.33135,0.0022650635094611,0.1601,0.0101,0.2751,0.0101,0.3951,0.00510000000000001,0.6026,0.0126
vdBergh_1,0.1751,0.0232840462387392,0.54281,0.07218054334009152,2.3,,0.4826,0.0026,0.2576,0.0026,0.3951,0.0351,0.5601,0.0800999999999998,0.7851,0.1301
vdBergh_113,0.55885,0.0189331489666492,1.732435,0.058692761796612515,2.53,,0.8551,0.0118260393995586,0.3201,0.0001,0.7201,0.0101,1.0826,0.0126,1.5426,0.0276000000000001
vdBergh_130,0.63885,0.0109253175473055,1.9804350000000002,0.03386848439664705,2.36,,1.0251,0.00876025403784439,0.3526,0.0375999999999998,0.8251,0.0201,1.2476,0.0526,1.8276,0.0426000000000001
vdBergh_152,0.1576,0.00569016994374948,0.48856,0.017639526825623388,0.31,,0.1401,0.0107066017177982,0.0751,0.0501,0.1351,0.0951,0.1876,0.1226,0.3151,0.1351
vdBergh_83,0.0776,0.0278263412660235,0.24056000000000002,0.08626165792467284,0.51,,0.1201,0.0001,0.0426,0.0226,0.0676,0.0176,0.1801,0.0301,0.2451,0.0401
vdBergh_85,0.2901,0.00363553390593274,0.89931,0.011270155108391494,1.21,,0.4651,0.0151,0.2426,0.00760000000000001,0.4176,0.00760000000000001,0.6276,0.0126,0.8801,0.0101
vdBergh_92,0.22885,0.0022650635094611,0.709435,0.00702169687932941,0.83,,0.3501,0.0001,0.1751,0.0001,0.3126,0.00760000000000001,0.4526,0.0126,0.6726,0.0176
